speed_m_s,wet_thickness_m,dry_thickness_m,flow_rate_m3_s,capillary_number,reynolds_number,low_flow_limit_m,low_flow_margin,speed_margin,vacuum_min_pa,vacuum_max_pa,verdict,warning_codes
0.001,2e-07,4.3202e-08,1e-11,0.0001,9.66667e-05,1.44347e-07,1.38555,3305.05,-163.366,1036.63,marginal,VERY_THIN
0.001,2.18849e-07,4.72736e-08,1.09425e-11,0.0001,0.000105777,1.44347e-07,1.51613,3305.05,-200.664,999.336,operable,VERY_THIN
0.001,2.39475e-07,5.1729e-08,1.19738e-11,0.0001,0.000115746,1.44347e-07,1.65902,3305.05,-234.75,965.25,operable,VERY_THIN
0.001,2.62045e-07,5.66044e-08,1.31023e-11,0.0001,0.000126655,1.44347e-07,1.81538,3305.05,-265.901,934.099,operable,VERY_THIN
0.001,2.86742e-07,6.19392e-08,1.43371e-11,0.0001,0.000138592,1.44347e-07,1.98648,3305.05,-294.368,905.632,operable,VERY_THIN
0.001,3.13767e-07,6.77768e-08,1.56884e-11,0.0001,0.000151654,1.44347e-07,2.1737,3305.05,-320.384,879.616,operable,VERY_THIN
0.001,3.43339e-07,7.41646e-08,1.71669e-11,0.0001,0.000165947,1.44347e-07,2.37856,3305.05,-344.159,855.841,operable,VERY_THIN
0.001,3.75698e-07,8.11544e-08,1.87849e-11,0.0001,0.000181587,1.44347e-07,2.60274,3305.05,-365.887,834.113,operable,VERY_THIN
0.001,4.11106e-07,8.8803e-08,2.05553e-11,0.0001,0.000198701,1.44347e-07,2.84804,3305.05,-385.744,814.256,operable,VERY_THIN
0.001,4.49852e-07,9.71724e-08,2.24926e-11,0.0001,0.000217428,1.44347e-07,3.11646,3305.05,-403.89,796.11,operable,VERY_THIN
0.001,4.92249e-07,1.06331e-07,2.46125e-11,0.0001,0.00023792,1.44347e-07,3.41018,3305.05,-420.474,779.526,operable,VERY_THIN
0.001,5.38642e-07,1.16352e-07,2.69321e-11,0.0001,0.000260344,1.44347e-07,3.73158,3305.05,-435.629,764.371,operable,VERY_THIN
0.001,5.89408e-07,1.27318e-07,2.94704e-11,0.0001,0.000284881,1.44347e-07,4.08327,3305.05,-449.48,750.52,operable,VERY_THIN
0.001,6.44958e-07,1.39317e-07,3.22479e-11,0.0001,0.00031173,1.44347e-07,4.46811,3305.05,-462.138,737.862,operable,VERY_THIN
0.001,7.05744e-07,1.52448e-07,3.52872e-11,0.0001,0.00034111,1.44347e-07,4.88921,3305.05,-473.706,726.294,operable,VERY_THIN
0.001,7.72258e-07,1.66815e-07,3.86129e-11,0.0001,0.000373258,1.44347e-07,5.35001,3305.05,-484.278,715.722,operable,VERY_THIN
0.001,8.45042e-07,1.82537e-07,4.22521e-11,0.0001,0.000408437,1.44347e-07,5.85423,3305.05,-493.94,706.06,operable,VERY_THIN
0.001,9.24685e-07,1.99741e-07,4.62342e-11,0.0001,0.000446931,1.44347e-07,6.40598,3305.05,-502.771,697.229,operable,VERY_THIN
0.001,1.01183e-06,2.18566e-07,5.05917e-11,0.0001,0.000489053,1.44347e-07,7.00973,3305.05,-510.841,689.159,operable,VERY_THIN
0.001,1.1072e-06,2.39165e-07,5.53598e-11,0.0001,0.000535145,1.44347e-07,7.67037,3305.05,-518.217,681.783,operable,VERY_THIN
0.001,1.21155e-06,2.61706e-07,6.05773e-11,0.0001,0.000585581,1.44347e-07,8.39329,3305.05,-524.958,675.042,operable,VERY_THIN
0.001,1.32573e-06,2.86371e-07,6.62866e-11,0.0001,0.00064077,1.44347e-07,9.18433,3305.05,-531.119,668.881,operable,VERY_THIN
0.001,1.45068e-06,3.13361e-07,7.25339e-11,0.0001,0.000701161,1.44347e-07,10.0499,3305.05,-536.75,663.25,operable,VERY_THIN
0.001,1.5874e-06,3.42894e-07,7.93701e-11,0.0001,0.000767244,1.44347e-07,10.9971,3305.05,-541.897,658.103,operable,VERY_THIN
0.001,1.73701e-06,3.75211e-07,8.68505e-11,0.0001,0.000839555,1.44347e-07,12.0336,3305.05,-546.602,653.398,operable,VERY_THIN
0.001,1.90072e-06,4.10574e-07,9.50359e-11,0.0001,0.00091868,1.44347e-07,13.1677,3305.05,-550.902,649.098,operable,VERY_THIN
0.001,2.07986e-06,4.49269e-07,1.03993e-10,0.0001,0.00100526,1.44347e-07,14.4087,3305.05,-554.833,645.167,operable,
0.001,2.27588e-06,4.91612e-07,1.13794e-10,0.0001,0.00110001,1.44347e-07,15.7667,3305.05,-558.427,641.573,operable,
0.001,2.49037e-06,5.37945e-07,1.24519e-10,0.0001,0.00120368,1.44347e-07,17.2527,3305.05,-561.712,638.288,operable,
0.001,2.72508e-06,5.88644e-07,1.36254e-10,0.0001,0.00131712,1.44347e-07,18.8787,3305.05,-564.716,635.284,operable,
0.001,2.98191e-06,6.44123e-07,1.49096e-10,0.0001,0.00144126,1.44347e-07,20.6579,3305.05,-567.463,632.537,operable,
0.001,3.26295e-06,7.0483e-07,1.63148e-10,0.0001,0.00157709,1.44347e-07,22.6049,3305.05,-569.975,630.025,operable,
0.001,3.57048e-06,7.71258e-07,1.78524e-10,0.0001,0.00172573,1.44347e-07,24.7354,3305.05,-572.272,627.728,operable,
0.001,3.90698e-06,8.43947e-07,1.95349e-10,0.0001,0.00188838,1.44347e-07,27.0666,3305.05,-574.373,625.627,operable,
0.001,4.27521e-06,9.23487e-07,2.1376e-10,0.0001,0.00206635,1.44347e-07,29.6175,3305.05,-576.296,623.704,operable,
0.001,4.67814e-06,1.01052e-06,2.33907e-10,0.0001,0.0022611,1.44347e-07,32.4089,3305.05,-578.055,621.945,operable,
0.001,5.11904e-06,1.10576e-06,2.55952e-10,0.0001,0.0024742,1.44347e-07,35.4634,3305.05,-579.665,620.335,operable,
0.001,5.60149e-06,1.20998e-06,2.80075e-10,0.0001,0.00270739,1.44347e-07,38.8057,3305.05,-581.14,618.86,operable,
0.001,6.12942e-06,1.32401e-06,3.06471e-10,0.0001,0.00296255,1.44347e-07,42.463,3305.05,-582.491,617.509,operable,
0.001,6.7071e-06,1.4488e-06,3.35355e-10,0.0001,0.00324176,1.44347e-07,46.4651,3305.05,-583.729,616.271,operable,
0.001,7.33923e-06,1.58534e-06,3.66961e-10,0.0001,0.00354729,1.44347e-07,50.8443,3305.05,-584.863,615.137,operable,
0.001,8.03093e-06,1.73476e-06,4.01546e-10,0.0001,0.00388162,1.44347e-07,55.6362,3305.05,-585.905,614.095,operable,
0.001,8.78782e-06,1.89826e-06,4.39391e-10,0.0001,0.00424745,1.44347e-07,60.8798,3305.05,-586.861,613.139,operable,
0.001,9.61605e-06,2.07716e-06,4.80803e-10,0.0001,0.00464776,1.44347e-07,66.6176,3305.05,-587.74,612.26,operable,
0.001,1.05223e-05,2.27293e-06,5.26117e-10,0.0001,0.0050858,1.44347e-07,72.8961,3305.05,-588.548,611.452,operable,
0.001,1.1514e-05,2.48715e-06,5.75702e-10,0.0001,0.00556512,1.44347e-07,79.7663,3305.05,-589.293,610.707,operable,
0.001,1.25992e-05,2.72155e-06,6.29961e-10,0.0001,0.00608962,1.44347e-07,87.2841,3305.05,-589.979,610.021,operable,
0.001,1.37867e-05,2.97805e-06,6.89333e-10,0.0001,0.00666355,1.44347e-07,95.5104,3305.05,-590.614,609.386,operable,
0.001,1.5086e-05,3.25873e-06,7.543e-10,0.0001,0.00729157,1.44347e-07,104.512,3305.05,-591.202,608.798,operable,
0.001,1.65078e-05,3.56585e-06,8.25391e-10,0.0001,0.00797878,1.44347e-07,114.362,3305.05,-591.748,608.252,operable,
0.001,1.80636e-05,3.90192e-06,9.03182e-10,0.0001,0.00873076,1.44347e-07,125.14,3305.05,-592.256,607.744,operable,
0.001,1.97661e-05,4.26967e-06,9.88305e-10,0.0001,0.00955361,1.44347e-07,136.934,3305.05,-592.73,607.27,operable,
0.001,2.1629e-05,4.67207e-06,1.08145e-09,0.0001,0.010454,1.44347e-07,149.84,3305.05,-593.174,606.826,operable,
0.001,2.36675e-05,5.1124e-06,1.18337e-09,0.0001,0.0114393,1.44347e-07,163.962,3305.05,-593.593,606.407,operable,
0.001,2.58981e-05,5.59424e-06,1.2949e-09,0.0001,0.0125174,1.44347e-07,179.415,3305.05,-593.988,606.012,operable,
0.001,2.83389e-05,6.12148e-06,1.41694e-09,0.0001,0.0136971,1.44347e-07,196.325,3305.05,-594.364,605.636,operable,
0.001,3.10098e-05,6.69841e-06,1.55049e-09,0.0001,0.0149881,1.44347e-07,214.828,3305.05,-594.723,605.277,operable,
0.001,3.39323e-05,7.32972e-06,1.69662e-09,0.0001,0.0164006,1.44347e-07,235.075,3305.05,-595.069,604.931,operable,
0.001,3.71304e-05,8.02052e-06,1.85652e-09,0.0001,0.0179464,1.44347e-07,257.23,3305.05,-595.404,604.596,operable,
0.001,4.06298e-05,8.77644e-06,2.03149e-09,0.0001,0.0196377,1.44347e-07,281.473,3305.05,-595.731,604.269,operable,
0.001,4.44591e-05,9.60359e-06,2.22295e-09,0.0001,0.0214886,1.44347e-07,308.001,3305.05,-596.052,603.948,operable,
0.001,4.86492e-05,1.05087e-05,2.43246e-09,0.0001,0.0235138,1.44347e-07,337.029,3305.05,-596.371,603.629,operable,
0.001,5.32343e-05,1.14991e-05,2.66171e-09,0.0001,0.0257299,1.44347e-07,368.794,3305.05,-596.69,603.31,operable,
0.001,5.82515e-05,1.25829e-05,2.91257e-09,0.0001,0.0281549,1.44347e-07,403.551,3305.05,-597.01,602.99,operable,
0.001,6.37415e-05,1.37688e-05,3.18708e-09,0.0001,0.0308084,1.44347e-07,441.585,3305.05,-597.336,602.664,operable,
0.001,6.9749e-05,1.50665e-05,3.48745e-09,0.0001,0.033712,1.44347e-07,483.203,3305.05,-597.669,602.331,operable,
0.001,7.63227e-05,1.64864e-05,3.81613e-09,0.0001,0.0368893,1.44347e-07,528.744,3305.05,-598.013,601.987,operable,
0.001,8.35159e-05,1.80402e-05,4.17579e-09,0.0001,0.040366,1.44347e-07,578.577,3305.05,-598.37,601.63,operable,
0.001,9.1387e-05,1.97405e-05,4.56935e-09,0.0001,0.0441704,1.44347e-07,633.106,3305.05,-598.742,601.258,operable,
0.001,0.0001,2.1601e-05,5e-09,0.0001,0.0483333,1.44347e-07,692.774,3305.05,-599.134,600.866,not operable,FLOODING
0.00113911,2e-07,4.3202e-08,1.13911e-11,0.000113911,0.000110114,1.57441e-07,1.27031,2901.42,-123.583,1076.42,marginal,VERY_THIN
0.00113911,2.18849e-07,4.72736e-08,1.24647e-11,0.000113911,0.000120492,1.57441e-07,1.39004,2901.42,-164.265,1035.74,marginal,VERY_THIN
0.00113911,2.39475e-07,5.1729e-08,1.36395e-11,0.000113911,0.000131848,1.57441e-07,1.52104,2901.42,-201.443,998.557,operable,VERY_THIN
0.00113911,2.62045e-07,5.66044e-08,1.4925e-11,0.000113911,0.000144275,1.57441e-07,1.6644,2901.42,-235.419,964.581,operable,VERY_THIN
0.00113911,2.86742e-07,6.19392e-08,1.63316e-11,0.000113911,0.000157872,1.57441e-07,1.82126,2901.42,-266.469,933.531,operable,VERY_THIN
0.00113911,3.13767e-07,6.77768e-08,1.78708e-11,0.000113911,0.000172751,1.57441e-07,1.99291,2901.42,-294.845,905.155,operable,VERY_THIN
0.00113911,3.43339e-07,7.41646e-08,1.95551e-11,0.000113911,0.000189032,1.57441e-07,2.18074,2901.42,-320.777,879.223,operable,VERY_THIN
0.00113911,3.75698e-07,8.11544e-08,2.13981e-11,0.000113911,0.000206848,1.57441e-07,2.38627,2901.42,-344.476,855.524,operable,VERY_THIN
0.00113911,4.11106e-07,8.8803e-08,2.34148e-11,0.000113911,0.000226343,1.57441e-07,2.61117,2901.42,-366.134,833.866,operable,VERY_THIN
0.00113911,4.49852e-07,9.71724e-08,2.56216e-11,0.000113911,0.000247675,1.57441e-07,2.85726,2901.42,-385.927,814.073,operable,VERY_THIN
0.00113911,4.92249e-07,1.06331e-07,2.80364e-11,0.000113911,0.000271018,1.57441e-07,3.12655,2901.42,-404.015,795.985,operable,VERY_THIN
0.00113911,5.38642e-07,1.16352e-07,3.06787e-11,0.000113911,0.000296561,1.57441e-07,3.42122,2901.42,-420.545,779.455,operable,VERY_THIN
0.00113911,5.89408e-07,1.27318e-07,3.35701e-11,0.000113911,0.000324511,1.57441e-07,3.74366,2901.42,-435.653,764.347,operable,VERY_THIN
0.00113911,6.44958e-07,1.39317e-07,3.6734e-11,0.000113911,0.000355095,1.57441e-07,4.0965,2901.42,-449.459,750.541,operable,VERY_THIN
0.00113911,7.05744e-07,1.52448e-07,4.01961e-11,0.000113911,0.000388562,1.57441e-07,4.48258,2901.42,-462.077,737.923,operable,VERY_THIN
0.00113911,7.72258e-07,1.66815e-07,4.39844e-11,0.000113911,0.000425183,1.57441e-07,4.90505,2901.42,-473.608,726.392,operable,VERY_THIN
0.00113911,8.45042e-07,1.82537e-07,4.81299e-11,0.000113911,0.000465255,1.57441e-07,5.36734,2901.42,-484.147,715.853,operable,VERY_THIN
0.00113911,9.24685e-07,1.99741e-07,5.2666e-11,0.000113911,0.000509104,1.57441e-07,5.8732,2901.42,-493.778,706.222,operable,VERY_THIN
0.00113911,1.01183e-06,2.18566e-07,5.76296e-11,0.000113911,0.000557086,1.57441e-07,6.42673,2901.42,-502.581,697.419,operable,VERY_THIN
0.00113911,1.1072e-06,2.39165e-07,6.3061e-11,0.000113911,0.00060959,1.57441e-07,7.03243,2901.42,-510.626,689.374,operable,VERY_THIN
0.00113911,1.21155e-06,2.61706e-07,6.90044e-11,0.000113911,0.000667042,1.57441e-07,7.69522,2901.42,-517.978,682.022,operable,VERY_THIN
0.00113911,1.32573e-06,2.86371e-07,7.55079e-11,0.000113911,0.000729909,1.57441e-07,8.42047,2901.42,-524.699,675.301,operable,VERY_THIN
0.00113911,1.45068e-06,3.13361e-07,8.26243e-11,0.000113911,0.000798701,1.57441e-07,9.21408,2901.42,-530.841,669.159,operable,VERY_THIN
0.00113911,1.5874e-06,3.42894e-07,9.04114e-11,0.000113911,0.000873977,1.57441e-07,10.0825,2901.42,-536.455,663.545,operable,VERY_THIN
0.00113911,1.73701e-06,3.75211e-07,9.89324e-11,0.000113911,0.000956347,1.57441e-07,11.0327,2901.42,-541.587,658.413,operable,VERY_THIN
0.00113911,1.90072e-06,4.10574e-07,1.08257e-10,0.000113911,0.00104648,1.57441e-07,12.0725,2901.42,-546.278,653.722,operable,VERY_THIN
0.00113911,2.07986e-06,4.49269e-07,1.18459e-10,0.000113911,0.00114511,1.57441e-07,13.2103,2901.42,-550.566,649.434,operable,
0.00113911,2.27588e-06,4.91612e-07,1.29624e-10,0.000113911,0.00125303,1.57441e-07,14.4554,2901.42,-554.485,645.515,operable,
0.00113911,2.49037e-06,5.37945e-07,1.41841e-10,0.000113911,0.00137113,1.57441e-07,15.8178,2901.42,-558.069,641.931,operable,
0.00113911,2.72508e-06,5.88644e-07,1.55209e-10,0.000113911,0.00150035,1.57441e-07,17.3085,2901.42,-561.346,638.654,operable,
0.00113911,2.98191e-06,6.44123e-07,1.69837e-10,0.000113911,0.00164176,1.57441e-07,18.9398,2901.42,-564.342,635.658,operable,
0.00113911,3.26295e-06,7.0483e-07,1.85843e-10,0.000113911,0.00179649,1.57441e-07,20.7249,2901.42,-567.082,632.918,operable,
0.00113911,3.57048e-06,7.71258e-07,2.03359e-10,0.000113911,0.0019658,1.57441e-07,22.6781,2901.42,-569.588,630.412,operable,
0.00113911,3.90698e-06,8.43947e-07,2.22525e-10,0.000113911,0.00215107,1.57441e-07,24.8155,2901.42,-571.881,628.119,operable,
0.00113911,4.27521e-06,9.23487e-07,2.43497e-10,0.000113911,0.00235381,1.57441e-07,27.1543,2901.42,-573.979,626.021,operable,
0.00113911,4.67814e-06,1.01052e-06,2.66446e-10,0.000113911,0.00257565,1.57441e-07,29.7135,2901.42,-575.898,624.102,operable,
0.00113911,5.11904e-06,1.10576e-06,2.91558e-10,0.000113911,0.00281839,1.57441e-07,32.5139,2901.42,-577.655,622.345,operable,
0.00113911,5.60149e-06,1.20998e-06,3.19036e-10,0.000113911,0.00308402,1.57441e-07,35.5783,2901.42,-579.265,620.735,operable,
0.00113911,6.12942e-06,1.32401e-06,3.49105e-10,0.000113911,0.00337468,1.57441e-07,38.9314,2901.42,-580.739,619.261,operable,
0.00113911,6.7071e-06,1.4488e-06,3.82007e-10,0.000113911,0.00369273,1.57441e-07,42.6006,2901.42,-582.09,617.91,operable,
0.00113911,7.33923e-06,1.58534e-06,4.1801e-10,0.000113911,0.00404076,1.57441e-07,46.6156,2901.42,-583.329,616.671,operable,
0.00113911,8.03093e-06,1.73476e-06,4.57406e-10,0.000113911,0.0044216,1.57441e-07,51.009,2901.42,-584.466,615.534,operable,
0.00113911,8.78782e-06,1.89826e-06,5.00516e-10,0.000113911,0.00483832,1.57441e-07,55.8164,2901.42,-585.51,614.49,operable,
0.00113911,9.61605e-06,2.07716e-06,5.47688e-10,0.000113911,0.00529432,1.57441e-07,61.077,2901.42,-586.47,613.53,operable,
0.00113911,1.05223e-05,2.27293e-06,5.99306e-10,0.000113911,0.00579329,1.57441e-07,66.8333,2901.42,-587.353,612.647,operable,
0.00113911,1.1514e-05,2.48715e-06,6.55789e-10,0.000113911,0.0063393,1.57441e-07,73.1322,2901.42,-588.167,611.833,operable,
0.00113911,1.25992e-05,2.72155e-06,7.17596e-10,0.000113911,0.00693676,1.57441e-07,80.0247,2901.42,-588.918,611.082,operable,
0.00113911,1.37867e-05,2.97805e-06,7.85227e-10,0.000113911,0.00759053,1.57441e-07,87.5668,2901.42,-589.613,610.387,operable,
0.00113911,1.5086e-05,3.25873e-06,8.59233e-10,0.000113911,0.00830592,1.57441e-07,95.8198,2901.42,-590.256,609.744,operable,
0.00113911,1.65078e-05,3.56585e-06,9.40213e-10,0.000113911,0.00908873,1.57441e-07,104.851,2901.42,-590.854,609.146,operable,
0.00113911,1.80636e-05,3.90192e-06,1.02883e-09,0.000113911,0.00994532,1.57441e-07,114.732,2901.42,-591.41,608.59,operable,
0.00113911,1.97661e-05,4.26967e-06,1.12579e-09,0.000113911,0.0108826,1.57441e-07,125.546,2901.42,-591.931,608.069,operable,
0.00113911,2.1629e-05,4.67207e-06,1.23189e-09,0.000113911,0.0119083,1.57441e-07,137.378,2901.42,-592.419,607.581,operable,
0.00113911,2.36675e-05,5.1124e-06,1.348e-09,0.000113911,0.0130306,1.57441e-07,150.326,2901.42,-592.878,607.122,operable,
0.00113911,2.58981e-05,5.59424e-06,1.47504e-09,0.000113911,0.0142587,1.57441e-07,164.493,2901.42,-593.314,606.686,operable,
0.00113911,2.83389e-05,6.12148e-06,1.61406e-09,0.000113911,0.0156026,1.57441e-07,179.996,2901.42,-593.728,606.272,operable,
0.00113911,3.10098e-05,6.69841e-06,1.76618e-09,0.000113911,0.0170731,1.57441e-07,196.961,2901.42,-594.125,605.875,operable,
0.00113911,3.39323e-05,7.32972e-06,1.93264e-09,0.000113911,0.0186822,1.57441e-07,215.524,2901.42,-594.507,605.493,operable,
0.00113911,3.71304e-05,8.02052e-06,2.11478e-09,0.000113911,0.0204429,1.57441e-07,235.836,2901.42,-594.878,605.122,operable,
0.00113911,4.06298e-05,8.77644e-06,2.3141e-09,0.000113911,0.0223696,1.57441e-07,258.063,2901.42,-595.24,604.76,operable,
0.00113911,4.44591e-05,9.60359e-06,2.53219e-09,0.000113911,0.0244779,1.57441e-07,282.385,2901.42,-595.598,604.402,operable,
0.00113911,4.86492e-05,1.05087e-05,2.77085e-09,0.000113911,0.0267848,1.57441e-07,308.999,2901.42,-595.952,604.048,operable,
0.00113911,5.32343e-05,1.14991e-05,3.03199e-09,0.000113911,0.0293093,1.57441e-07,338.121,2901.42,-596.308,603.692,operable,
0.00113911,5.82515e-05,1.25829e-05,3.31775e-09,0.000113911,0.0320716,1.57441e-07,369.988,2901.42,-596.666,603.334,operable,
0.00113911,6.37415e-05,1.37688e-05,3.63044e-09,0.000113911,0.0350942,1.57441e-07,404.859,2901.42,-597.031,602.969,operable,
0.00113911,6.9749e-05,1.50665e-05,3.9726e-09,0.000113911,0.0384018,1.57441e-07,443.015,2901.42,-597.405,602.595,operable,
0.00113911,7.63227e-05,1.64864e-05,4.347e-09,0.000113911,0.042021,1.57441e-07,484.768,2901.42,-597.791,602.209,operable,
0.00113911,8.35159e-05,1.80402e-05,4.7567e-09,0.000113911,0.0459814,1.57441e-07,530.457,2901.42,-598.193,601.807,operable,
0.00113911,9.1387e-05,1.97405e-05,5.205e-09,0.000113911,0.050315,1.57441e-07,580.451,2901.42,-598.613,601.387,operable,
0.00113911,0.0001,2.1601e-05,5.69556e-09,0.000113911,0.0550571,1.57441e-07,635.157,2901.42,-599.055,600.945,not operable,FLOODING
0.00129758,2e-07,4.3202e-08,1.29758e-11,0.000129758,0.000125432,1.71724e-07,1.16466,2547.09,-80.1671,1119.83,marginal,VERY_THIN
0.00129758,2.18849e-07,4.72736e-08,1.41987e-11,0.000129758,0.000137254,1.71724e-07,1.27443,2547.09,-124.54,1075.46,marginal,VERY_THIN
0.00129758,2.39475e-07,5.1729e-08,1.55369e-11,0.000129758,0.00015019,1.71724e-07,1.39454,2547.09,-165.09,1034.91,marginal,VERY_THIN
0.00129758,2.62045e-07,5.66044e-08,1.70012e-11,0.000129758,0.000164345,1.71724e-07,1.52597,2547.09,-202.149,997.851,operable,VERY_THIN
0.00129758,2.86742e-07,6.19392e-08,1.86035e-11,0.000129758,0.000179834,1.71724e-07,1.66979,2547.09,-236.016,963.984,operable,VERY_THIN
0.00129758,3.13767e-07,6.77768e-08,2.03569e-11,0.000129758,0.000196783,1.71724e-07,1.82716,2547.09,-266.966,933.034,operable,VERY_THIN
0.00129758,3.43339e-07,7.41646e-08,2.22754e-11,0.000129758,0.000215329,1.71724e-07,1.99937,2547.09,-295.25,904.75,operable,VERY_THIN
0.00129758,3.75698e-07,8.11544e-08,2.43748e-11,0.000129758,0.000235623,1.71724e-07,2.1878,2547.09,-321.099,878.901,operable,VERY_THIN
0.00129758,4.11106e-07,8.8803e-08,2.66721e-11,0.000129758,0.00025783,1.71724e-07,2.394,2547.09,-344.721,855.279,operable,VERY_THIN
0.00129758,4.49852e-07,9.71724e-08,2.91859e-11,0.000129758,0.00028213,1.71724e-07,2.61963,2547.09,-366.309,833.691,operable,VERY_THIN
0.00129758,4.92249e-07,1.06331e-07,3.19366e-11,0.000129758,0.00030872,1.71724e-07,2.86652,2547.09,-386.039,813.961,operable,VERY_THIN
0.00129758,5.38642e-07,1.16352e-07,3.49465e-11,0.000129758,0.000337816,1.71724e-07,3.13668,2547.09,-404.069,795.931,operable,VERY_THIN
0.00129758,5.89408e-07,1.27318e-07,3.82401e-11,0.000129758,0.000369654,1.71724e-07,3.43231,2547.09,-420.547,779.453,operable,VERY_THIN
0.00129758,6.44958e-07,1.39317e-07,4.18441e-11,0.000129758,0.000404493,1.71724e-07,3.75579,2547.09,-435.606,764.394,operable,VERY_THIN
0.00129758,7.05744e-07,1.52448e-07,4.57878e-11,0.000129758,0.000442616,1.71724e-07,4.10976,2547.09,-449.368,750.632,operable,VERY_THIN
0.00129758,7.72258e-07,1.66815e-07,5.01032e-11,0.000129758,0.000484331,1.71724e-07,4.4971,2547.09,-461.945,738.055,operable,VERY_THIN
0.00129758,8.45042e-07,1.82537e-07,5.48253e-11,0.000129758,0.000529978,1.71724e-07,4.92094,2547.09,-473.44,726.56,operable,VERY_THIN
0.00129758,9.24685e-07,1.99741e-07,5.99925e-11,0.000129758,0.000579927,1.71724e-07,5.38472,2547.09,-483.946,716.054,operable,VERY_THIN
0.00129758,1.01183e-06,2.18566e-07,6.56466e-11,0.000129758,0.000634584,1.71724e-07,5.89222,2547.09,-493.547,706.453,operable,VERY_THIN
0.00129758,1.1072e-06,2.39165e-07,7.18336e-11,0.000129758,0.000694392,1.71724e-07,6.44755,2547.09,-502.322,697.678,operable,VERY_THIN
0.00129758,1.21155e-06,2.61706e-07,7.86037e-11,0.000129758,0.000759836,1.71724e-07,7.05521,2547.09,-510.342,689.658,operable,VERY_THIN
0.00129758,1.32573e-06,2.86371e-07,8.60119e-11,0.000129758,0.000831449,1.71724e-07,7.72015,2547.09,-517.672,682.328,operable,VERY_THIN
0.00129758,1.45068e-06,3.13361e-07,9.41183e-11,0.000129758,0.000909811,1.71724e-07,8.44775,2547.09,-524.372,675.628,operable,VERY_THIN
0.00129758,1.5874e-06,3.42894e-07,1.02989e-10,0.000129758,0.000995558,1.71724e-07,9.24393,2547.09,-530.495,669.505,operable,VERY_THIN
0.00129758,1.73701e-06,3.75211e-07,1.12695e-10,0.000129758,0.00108939,1.71724e-07,10.1151,2547.09,-536.093,663.907,operable,VERY_THIN
0.00129758,1.90072e-06,4.10574e-07,1.23316e-10,0.000129758,0.00119206,1.71724e-07,11.0685,2547.09,-541.209,658.791,operable,VERY_THIN
0.00129758,2.07986e-06,4.49269e-07,1.34939e-10,0.000129758,0.00130441,1.71724e-07,12.1116,2547.09,-545.887,654.113,operable,
0.00129758,2.27588e-06,4.91612e-07,1.47656e-10,0.000129758,0.00142734,1.71724e-07,13.2531,2547.09,-550.163,649.837,operable,
0.00129758,2.49037e-06,5.37945e-07,1.61572e-10,0.000129758,0.00156187,1.71724e-07,14.5022,2547.09,-554.072,645.928,operable,
0.00129758,2.72508e-06,5.88644e-07,1.768e-10,0.000129758,0.00170907,1.71724e-07,15.869,2547.09,-557.646,642.354,operable,
0.00129758,2.98191e-06,6.44123e-07,1.93463e-10,0.000129758,0.00187014,1.71724e-07,17.3646,2547.09,-560.915,639.085,operable,
0.00129758,3.26295e-06,7.0483e-07,2.11697e-10,0.000129758,0.0020464,1.71724e-07,19.0012,2547.09,-563.904,636.096,operable,
0.00129758,3.57048e-06,7.71258e-07,2.31648e-10,0.000129758,0.00223927,1.71724e-07,20.792,2547.09,-566.638,633.362,operable,
0.00129758,3.90698e-06,8.43947e-07,2.53481e-10,0.000129758,0.00245031,1.71724e-07,22.7516,2547.09,-569.139,630.861,operable,
0.00129758,4.27521e-06,9.23487e-07,2.77371e-10,0.000129758,0.00268125,1.71724e-07,24.8959,2547.09,-571.428,628.572,operable,
0.00129758,4.67814e-06,1.01052e-06,3.03512e-10,0.000129758,0.00293395,1.71724e-07,27.2422,2547.09,-573.523,626.477,operable,
0.00129758,5.11904e-06,1.10576e-06,3.32117e-10,0.000129758,0.00321047,1.71724e-07,29.8097,2547.09,-575.44,624.56,operable,
0.00129758,5.60149e-06,1.20998e-06,3.63418e-10,0.000129758,0.00351304,1.71724e-07,32.6192,2547.09,-577.196,622.804,operable,
0.00129758,6.12942e-06,1.32401e-06,3.9767e-10,0.000129758,0.00384414,1.71724e-07,35.6935,2547.09,-578.805,621.195,operable,
0.00129758,6.7071e-06,1.4488e-06,4.35149e-10,0.000129758,0.00420644,1.71724e-07,39.0575,2547.09,-580.28,619.72,operable,
0.00129758,7.33923e-06,1.58534e-06,4.7616e-10,0.000129758,0.00460288,1.71724e-07,42.7386,2547.09,-581.633,618.367,operable,
0.00129758,8.03093e-06,1.73476e-06,5.21037e-10,0.000129758,0.00503669,1.71724e-07,46.7666,2547.09,-582.874,617.126,operable,
0.00129758,8.78782e-06,1.89826e-06,5.70144e-10,0.000129758,0.00551139,1.71724e-07,51.1742,2547.09,-584.015,615.985,operable,
0.00129758,9.61605e-06,2.07716e-06,6.23878e-10,0.000129758,0.00603082,1.71724e-07,55.9972,2547.09,-585.063,614.937,operable,
0.00129758,1.05223e-05,2.27293e-06,6.82677e-10,0.000129758,0.00659921,1.71724e-07,61.2748,2547.09,-586.028,613.972,operable,
0.00129758,1.1514e-05,2.48715e-06,7.47018e-10,0.000129758,0.00722117,1.71724e-07,67.0498,2547.09,-586.918,613.082,operable,
0.00129758,1.25992e-05,2.72155e-06,8.17422e-10,0.000129758,0.00790175,1.71724e-07,73.3691,2547.09,-587.739,612.261,operable,
0.00129758,1.37867e-05,2.97805e-06,8.94462e-10,0.000129758,0.00864647,1.71724e-07,80.2839,2547.09,-588.499,611.501,operable,
0.00129758,1.5086e-05,3.25873e-06,9.78763e-10,0.000129758,0.00946137,1.71724e-07,87.8505,2547.09,-589.204,610.796,operable,
0.00129758,1.65078e-05,3.56585e-06,1.07101e-09,0.000129758,0.0103531,1.71724e-07,96.1302,2547.09,-589.858,610.142,operable,
0.00129758,1.80636e-05,3.90192e-06,1.17195e-09,0.000129758,0.0113288,1.71724e-07,105.19,2547.09,-590.469,609.531,operable,
0.00129758,1.97661e-05,4.26967e-06,1.2824e-09,0.000129758,0.0123965,1.71724e-07,115.104,2547.09,-591.039,608.961,operable,
0.00129758,2.1629e-05,4.67207e-06,1.40326e-09,0.000129758,0.0135649,1.71724e-07,125.952,2547.09,-591.575,608.425,operable,
0.00129758,2.36675e-05,5.1124e-06,1.53552e-09,0.000129758,0.0148433,1.71724e-07,137.823,2547.09,-592.081,607.919,operable,
0.00129758,2.58981e-05,5.59424e-06,1.68024e-09,0.000129758,0.0162423,1.71724e-07,150.812,2547.09,-592.56,607.44,operable,
0.00129758,2.83389e-05,6.12148e-06,1.83859e-09,0.000129758,0.0177731,1.71724e-07,165.026,2547.09,-593.017,606.983,operable,
0.00129758,3.10098e-05,6.69841e-06,2.01188e-09,0.000129758,0.0194481,1.71724e-07,180.579,2547.09,-593.455,606.545,operable,
0.00129758,3.39323e-05,7.32972e-06,2.20149e-09,0.000129758,0.0212811,1.71724e-07,197.599,2547.09,-593.877,606.123,operable,
0.00129758,3.71304e-05,8.02052e-06,2.40898e-09,0.000129758,0.0232868,1.71724e-07,216.222,2547.09,-594.288,605.712,operable,
0.00129758,4.06298e-05,8.77644e-06,2.63602e-09,0.000129758,0.0254815,1.71724e-07,236.6,2547.09,-594.691,605.309,operable,
0.00129758,4.44591e-05,9.60359e-06,2.88445e-09,0.000129758,0.027883,1.71724e-07,258.899,2547.09,-595.088,604.912,operable,
0.00129758,4.86492e-05,1.05087e-05,3.15631e-09,0.000129758,0.030511,1.71724e-07,283.299,2547.09,-595.483,604.517,operable,
0.00129758,5.32343e-05,1.14991e-05,3.45378e-09,0.000129758,0.0333865,1.71724e-07,310,2547.09,-595.88,604.12,operable,
0.00129758,5.82515e-05,1.25829e-05,3.77929e-09,0.000129758,0.0365331,1.71724e-07,339.216,2547.09,-596.281,603.719,operable,
0.00129758,6.37415e-05,1.37688e-05,4.13548e-09,0.000129758,0.0399763,1.71724e-07,371.187,2547.09,-596.69,603.31,operable,
0.00129758,6.9749e-05,1.50665e-05,4.52523e-09,0.000129758,0.0437439,1.71724e-07,406.17,2547.09,-597.11,602.89,operable,
0.00129758,7.63227e-05,1.64864e-05,4.95173e-09,0.000129758,0.0478667,1.71724e-07,444.45,2547.09,-597.544,602.456,operable,
0.00129758,8.35159e-05,1.80402e-05,5.41841e-09,0.000129758,0.052378,1.71724e-07,486.339,2547.09,-597.996,602.004,operable,
0.00129758,9.1387e-05,1.97405e-05,5.92908e-09,0.000129758,0.0573145,1.71724e-07,532.175,2547.09,-598.47,601.53,operable,
0.00129758,0.0001,2.1601e-05,6.48788e-09,0.000129758,0.0627162,1.71724e-07,582.331,2547.09,-598.97,601.03,not operable,FLOODING
0.00147809,2e-07,4.3202e-08,1.47809e-11,0.000147809,0.000142882,1.87301e-07,1.0678,2236.03,-32.7851,1167.21,marginal,VERY_THIN
0.00147809,2.18849e-07,4.72736e-08,1.61739e-11,0.000147809,0.000156348,1.87301e-07,1.16843,2236.03,-81.1829,1118.82,marginal,VERY_THIN
0.00147809,2.39475e-07,5.1729e-08,1.76983e-11,0.000147809,0.000171083,1.87301e-07,1.27856,2236.03,-125.412,1074.59,marginal,VERY_THIN
0.00147809,2.62045e-07,5.66044e-08,1.93663e-11,0.000147809,0.000187207,1.87301e-07,1.39906,2236.03,-165.832,1034.17,marginal,VERY_THIN
0.00147809,2.86742e-07,6.19392e-08,2.11915e-11,0.000147809,0.000204851,1.87301e-07,1.53091,2236.03,-202.771,997.229,operable,VERY_THIN
0.00147809,3.13767e-07,6.77768e-08,2.31887e-11,0.000147809,0.000224158,1.87301e-07,1.6752,2236.03,-236.529,963.471,operable,VERY_THIN
0.00147809,3.43339e-07,7.41646e-08,2.53742e-11,0.000147809,0.000245284,1.87301e-07,1.83308,2236.03,-267.38,932.62,operable,VERY_THIN
0.00147809,3.75698e-07,8.11544e-08,2.77657e-11,0.000147809,0.000268401,1.87301e-07,2.00584,2236.03,-295.573,904.427,operable,VERY_THIN
0.00147809,4.11106e-07,8.8803e-08,3.03825e-11,0.000147809,0.000293698,1.87301e-07,2.19489,2236.03,-321.339,878.661,operable,VERY_THIN
0.00147809,4.49852e-07,9.71724e-08,3.3246e-11,0.000147809,0.000321378,1.87301e-07,2.40175,2236.03,-344.885,855.115,operable,VERY_THIN
0.00147809,4.92249e-07,1.06331e-07,3.63793e-11,0.000147809,0.000351667,1.87301e-07,2.62811,2236.03,-366.404,833.596,operable,VERY_THIN
0.00147809,5.38642e-07,1.16352e-07,3.9808e-11,0.000147809,0.00038481,1.87301e-07,2.8758,2236.03,-386.07,813.93,operable,VERY_THIN
0.00147809,5.89408e-07,1.27318e-07,4.35598e-11,0.000147809,0.000421078,1.87301e-07,3.14684,2236.03,-404.043,795.957,operable,VERY_THIN
0.00147809,6.44958e-07,1.39317e-07,4.76652e-11,0.000147809,0.000460763,1.87301e-07,3.44342,2236.03,-420.468,779.532,operable,VERY_THIN
0.00147809,7.05744e-07,1.52448e-07,5.21575e-11,0.000147809,0.000504189,1.87301e-07,3.76796,2236.03,-435.479,764.521,operable,VERY_THIN
0.00147809,7.72258e-07,1.66815e-07,5.70732e-11,0.000147809,0.000551708,1.87301e-07,4.12308,2236.03,-449.198,750.802,operable,VERY_THIN
0.00147809,8.45042e-07,1.82537e-07,6.24522e-11,0.000147809,0.000603705,1.87301e-07,4.51167,2236.03,-461.735,738.265,operable,VERY_THIN
0.00147809,9.24685e-07,1.99741e-07,6.83381e-11,0.000147809,0.000660602,1.87301e-07,4.93688,2236.03,-473.194,726.806,operable,VERY_THIN
0.00147809,1.01183e-06,2.18566e-07,7.47788e-11,0.000147809,0.000722862,1.87301e-07,5.40217,2236.03,-483.666,716.334,operable,VERY_THIN
0.00147809,1.1072e-06,2.39165e-07,8.18265e-11,0.000147809,0.00079099,1.87301e-07,5.91131,2236.03,-493.237,706.763,operable,VERY_THIN
0.00147809,1.21155e-06,2.61706e-07,8.95385e-11,0.000147809,0.000865539,1.87301e-07,6.46843,2236.03,-501.985,698.015,operable,VERY_THIN
0.00147809,1.32573e-06,2.86371e-07,9.79772e-11,0.000147809,0.000947113,1.87301e-07,7.07806,2236.03,-509.98,690.02,operable,VERY_THIN
0.00147809,1.45068e-06,3.13361e-07,1.07211e-10,0.000147809,0.00103638,1.87301e-07,7.74515,2236.03,-517.288,682.712,operable,VERY_THIN
0.00147809,1.5874e-06,3.42894e-07,1.17316e-10,0.000147809,0.00113405,1.87301e-07,8.47511,2236.03,-523.968,676.032,operable,VERY_THIN
0.00147809,1.73701e-06,3.75211e-07,1.28372e-10,0.000147809,0.00124093,1.87301e-07,9.27387,2236.03,-530.073,669.927,operable,VERY_THIN
0.00147809,1.90072e-06,4.10574e-07,1.40471e-10,0.000147809,0.00135789,1.87301e-07,10.1479,2236.03,-535.655,664.345,operable,VERY_THIN
0.00147809,2.07986e-06,4.49269e-07,1.5371e-10,0.000147809,0.00148587,1.87301e-07,11.1043,2236.03,-540.757,659.243,operable,
0.00147809,2.27588e-06,4.91612e-07,1.68197e-10,0.000147809,0.0016259,1.87301e-07,12.1509,2236.03,-545.421,654.579,operable,
0.00147809,2.49037e-06,5.37945e-07,1.84049e-10,0.000147809,0.00177914,1.87301e-07,13.2961,2236.03,-549.685,650.315,operable,
0.00147809,2.72508e-06,5.88644e-07,2.01395e-10,0.000147809,0.00194682,1.87301e-07,14.5492,2236.03,-553.584,646.416,operable,
0.00147809,2.98191e-06,6.44123e-07,2.20376e-10,0.000147809,0.0021303,1.87301e-07,15.9204,2236.03,-557.15,642.85,operable,
0.00147809,3.26295e-06,7.0483e-07,2.41146e-10,0.000147809,0.00233108,1.87301e-07,17.4209,2236.03,-560.411,639.589,operable,
0.00147809,3.57048e-06,7.71258e-07,2.63874e-10,0.000147809,0.00255078,1.87301e-07,19.0627,2236.03,-563.394,636.606,operable,
0.00147809,3.90698e-06,8.43947e-07,2.88743e-10,0.000147809,0.00279118,1.87301e-07,20.8593,2236.03,-566.123,633.877,operable,
0.00147809,4.27521e-06,9.23487e-07,3.15956e-10,0.000147809,0.00305424,1.87301e-07,22.8253,2236.03,-568.62,631.38,operable,
0.00147809,4.67814e-06,1.01052e-06,3.45734e-10,0.000147809,0.0033421,1.87301e-07,24.9765,2236.03,-570.905,629.095,operable,
0.00147809,5.11904e-06,1.10576e-06,3.78319e-10,0.000147809,0.00365708,1.87301e-07,27.3305,2236.03,-572.998,627.002,operable,
0.00147809,5.60149e-06,1.20998e-06,4.13974e-10,0.000147809,0.00400175,1.87301e-07,29.9063,2236.03,-574.914,625.086,operable,
0.00147809,6.12942e-06,1.32401e-06,4.5299e-10,0.000147809,0.00437891,1.87301e-07,32.7249,2236.03,-576.67,623.33,operable,
0.00147809,6.7071e-06,1.4488e-06,4.95683e-10,0.000147809,0.00479161,1.87301e-07,35.8091,2236.03,-578.28,621.72,operable,
0.00147809,7.33923e-06,1.58534e-06,5.424e-10,0.000147809,0.0052432,1.87301e-07,39.184,2236.03,-579.757,620.243,operable,
0.00147809,8.03093e-06,1.73476e-06,5.9352e-10,0.000147809,0.00573736,1.87301e-07,42.877,2236.03,-581.113,618.887,operable,
0.00147809,8.78782e-06,1.89826e-06,6.49458e-10,0.000147809,0.00627809,1.87301e-07,46.9181,2236.03,-582.358,617.642,operable,
0.00147809,9.61605e-06,2.07716e-06,7.10667e-10,0.000147809,0.00686978,1.87301e-07,51.34,2236.03,-583.504,616.496,operable,
0.00147809,1.05223e-05,2.27293e-06,7.77646e-10,0.000147809,0.00751724,1.87301e-07,56.1786,2236.03,-584.559,615.441,operable,
0.00147809,1.1514e-05,2.48715e-06,8.50937e-10,0.000147809,0.00822572,1.87301e-07,61.4733,2236.03,-585.531,614.469,operable,
0.00147809,1.25992e-05,2.72155e-06,9.31136e-10,0.000147809,0.00900098,1.87301e-07,67.267,2236.03,-586.43,613.57,operable,
0.00147809,1.37867e-05,2.97805e-06,1.01889e-09,0.000147809,0.0098493,1.87301e-07,73.6068,2236.03,-587.261,612.739,operable,
0.00147809,1.5086e-05,3.25873e-06,1.11492e-09,0.000147809,0.0107776,1.87301e-07,80.544,2236.03,-588.032,611.968,operable,
0.00147809,1.65078e-05,3.56585e-06,1.22e-09,0.000147809,0.0117933,1.87301e-07,88.1351,2236.03,-588.75,611.25,operable,
0.00147809,1.80636e-05,3.90192e-06,1.33498e-09,0.000147809,0.0129048,1.87301e-07,96.4416,2236.03,-589.419,610.581,operable,
0.00147809,1.97661e-05,4.26967e-06,1.4608e-09,0.000147809,0.0141211,1.87301e-07,105.531,2236.03,-590.045,609.955,operable,
0.00147809,2.1629e-05,4.67207e-06,1.59848e-09,0.000147809,0.0154519,1.87301e-07,115.477,2236.03,-590.634,609.366,operable,
0.00147809,2.36675e-05,5.1124e-06,1.74913e-09,0.000147809,0.0169082,1.87301e-07,126.36,2236.03,-591.19,608.81,operable,
0.00147809,2.58981e-05,5.59424e-06,1.91398e-09,0.000147809,0.0185018,1.87301e-07,138.269,2236.03,-591.718,608.282,operable,
0.00147809,2.83389e-05,6.12148e-06,2.09437e-09,0.000147809,0.0202455,1.87301e-07,151.301,2236.03,-592.221,607.779,operable,
0.00147809,3.10098e-05,6.69841e-06,2.29175e-09,0.000147809,0.0221536,1.87301e-07,165.561,2236.03,-592.705,607.295,operable,
0.00147809,3.39323e-05,7.32972e-06,2.50775e-09,0.000147809,0.0242415,1.87301e-07,181.164,2236.03,-593.173,606.827,operable,
0.00147809,3.71304e-05,8.02052e-06,2.74409e-09,0.000147809,0.0265262,1.87301e-07,198.239,2236.03,-593.628,606.372,operable,
0.00147809,4.06298e-05,8.77644e-06,3.00272e-09,0.000147809,0.0290263,1.87301e-07,216.922,2236.03,-594.075,605.925,operable,
0.00147809,4.44591e-05,9.60359e-06,3.28572e-09,0.000147809,0.0317619,1.87301e-07,237.366,2236.03,-594.517,605.483,operable,
0.00147809,4.86492e-05,1.05087e-05,3.59539e-09,0.000147809,0.0347554,1.87301e-07,259.738,2236.03,-594.958,605.042,operable,
0.00147809,5.32343e-05,1.14991e-05,3.93424e-09,0.000147809,0.038031,1.87301e-07,284.217,2236.03,-595.4,604.6,operable,
0.00147809,5.82515e-05,1.25829e-05,4.30503e-09,0.000147809,0.0416153,1.87301e-07,311.004,2236.03,-595.849,604.151,operable,
0.00147809,6.37415e-05,1.37688e-05,4.71077e-09,0.000147809,0.0455375,1.87301e-07,340.315,2236.03,-596.308,603.692,operable,
0.00147809,6.9749e-05,1.50665e-05,5.15475e-09,0.000147809,0.0498292,1.87301e-07,372.389,2236.03,-596.779,603.221,operable,
0.00147809,7.63227e-05,1.64864e-05,5.64057e-09,0.000147809,0.0545255,1.87301e-07,407.486,2236.03,-597.268,602.732,operable,
0.00147809,8.35159e-05,1.80402e-05,6.17218e-09,0.000147809,0.0596644,1.87301e-07,445.89,2236.03,-597.777,602.223,operable,
0.00147809,9.1387e-05,1.97405e-05,6.75389e-09,0.000147809,0.0652876,1.87301e-07,487.914,2236.03,-598.312,601.688,operable,
0.00147809,0.0001,2.1601e-05,7.39043e-09,0.000147809,0.0714408,1.87301e-07,533.899,2236.03,-598.876,601.124,not operable,FLOODING
0.00168371,2e-07,4.3202e-08,1.68371e-11,0.000168371,0.000162758,2.04292e-07,0.978989,1962.96,18.9264,1218.93,not operable,VERY_THIN
0.00168371,2.18849e-07,4.72736e-08,1.84239e-11,0.000168371,0.000178098,2.04292e-07,1.07126,1962.96,-33.8618,1166.14,marginal,VERY_THIN
0.00168371,2.39475e-07,5.1729e-08,2.01603e-11,0.000168371,0.000194883,2.04292e-07,1.17222,1962.96,-82.1035,1117.9,marginal,VERY_THIN
0.00168371,2.62045e-07,5.66044e-08,2.20604e-11,0.000168371,0.00021325,2.04292e-07,1.2827,1962.96,-126.19,1073.81,marginal,VERY_THIN
0.00168371,2.86742e-07,6.19392e-08,2.41395e-11,0.000168371,0.000233348,2.04292e-07,1.40359,1962.96,-166.48,1033.52,marginal,VERY_THIN
0.00168371,3.13767e-07,6.77768e-08,2.64146e-11,0.000168371,0.000255341,2.04292e-07,1.53587,1962.96,-203.3,996.7,operable,VERY_THIN
0.00168371,3.43339e-07,7.41646e-08,2.89041e-11,0.000168371,0.000279406,2.04292e-07,1.68063,1962.96,-236.949,963.051,operable,VERY_THIN
0.00168371,3.75698e-07,8.11544e-08,3.16282e-11,0.000168371,0.000305739,2.04292e-07,1.83902,1962.96,-267.701,932.299,operable,VERY_THIN
0.00168371,4.11106e-07,8.8803e-08,3.46091e-11,0.000168371,0.000334555,2.04292e-07,2.01234,1962.96,-295.804,904.196,operable,VERY_THIN
0.00168371,4.49852e-07,9.71724e-08,3.78709e-11,0.000168371,0.000366085,2.04292e-07,2.202,1962.96,-321.486,878.514,operable,VERY_THIN
0.00168371,4.92249e-07,1.06331e-07,4.14401e-11,0.000168371,0.000400588,2.04292e-07,2.40953,1962.96,-344.958,855.042,operable,VERY_THIN
0.00168371,5.38642e-07,1.16352e-07,4.53458e-11,0.000168371,0.000438342,2.04292e-07,2.63663,1962.96,-366.408,833.592,operable,VERY_THIN
0.00168371,5.89408e-07,1.27318e-07,4.96195e-11,0.000168371,0.000479655,2.04292e-07,2.88512,1962.96,-386.011,813.989,operable,VERY_THIN
0.00168371,6.44958e-07,1.39317e-07,5.4296e-11,0.000168371,0.000524861,2.04292e-07,3.15704,1962.96,-403.926,796.074,operable,VERY_THIN
0.00168371,7.05744e-07,1.52448e-07,5.94132e-11,0.000168371,0.000574328,2.04292e-07,3.45458,1962.96,-420.299,779.701,operable,VERY_THIN
0.00168371,7.72258e-07,1.66815e-07,6.50128e-11,0.000168371,0.000628457,2.04292e-07,3.78016,1962.96,-435.262,764.738,operable,VERY_THIN
0.00168371,8.45042e-07,1.82537e-07,7.11401e-11,0.000168371,0.000687687,2.04292e-07,4.13643,1962.96,-448.937,751.063,operable,VERY_THIN
0.00168371,9.24685e-07,1.99741e-07,7.78448e-11,0.000168371,0.0007525,2.04292e-07,4.52628,1962.96,-461.436,738.564,operable,VERY_THIN
0.00168371,1.01183e-06,2.18566e-07,8.51815e-11,0.000168371,0.000823421,2.04292e-07,4.95287,1962.96,-472.858,727.142,operable,VERY_THIN
0.00168371,1.1072e-06,2.39165e-07,9.32096e-11,0.000168371,0.000901026,2.04292e-07,5.41966,1962.96,-483.298,716.702,operable,VERY_THIN
0.00168371,1.21155e-06,2.61706e-07,1.01994e-10,0.000168371,0.000985946,2.04292e-07,5.93045,1962.96,-492.839,707.161,operable,VERY_THIN
0.00168371,1.32573e-06,2.86371e-07,1.11607e-10,0.000168371,0.00107887,2.04292e-07,6.48938,1962.96,-501.56,698.44,operable,VERY_THIN
0.00168371,1.45068e-06,3.13361e-07,1.22126e-10,0.000168371,0.00118055,2.04292e-07,7.10099,1962.96,-509.531,690.469,operable,VERY_THIN
0.00168371,1.5874e-06,3.42894e-07,1.33636e-10,0.000168371,0.00129181,2.04292e-07,7.77024,1962.96,-516.817,683.183,operable,VERY_THIN
0.00168371,1.73701e-06,3.75211e-07,1.46231e-10,0.000168371,0.00141356,2.04292e-07,8.50257,1962.96,-523.477,676.523,operable,VERY_THIN
0.00168371,1.90072e-06,4.10574e-07,1.60012e-10,0.000168371,0.00154679,2.04292e-07,9.30391,1962.96,-529.565,670.435,operable,VERY_THIN
0.00168371,2.07986e-06,4.49269e-07,1.75093e-10,0.000168371,0.00169257,2.04292e-07,10.1808,1962.96,-535.13,664.87,operable,
0.00168371,2.27588e-06,4.91612e-07,1.91595e-10,0.000168371,0.00185209,2.04292e-07,11.1403,1962.96,-540.218,659.782,operable,
0.00168371,2.49037e-06,5.37945e-07,2.09653e-10,0.000168371,0.00202664,2.04292e-07,12.1902,1962.96,-544.87,655.13,operable,
0.00168371,2.72508e-06,5.88644e-07,2.29412e-10,0.000168371,0.00221765,2.04292e-07,13.3391,1962.96,-549.123,650.877,operable,
0.00168371,2.98191e-06,6.44123e-07,2.51033e-10,0.000168371,0.00242666,2.04292e-07,14.5963,1962.96,-553.013,646.987,operable,
0.00168371,3.26295e-06,7.0483e-07,2.74693e-10,0.000168371,0.00265536,2.04292e-07,15.972,1962.96,-556.571,643.429,operable,
0.00168371,3.57048e-06,7.71258e-07,3.00582e-10,0.000168371,0.00290562,2.04292e-07,17.4773,1962.96,-559.825,640.175,operable,
0.00168371,3.90698e-06,8.43947e-07,3.28911e-10,0.000168371,0.00317947,2.04292e-07,19.1245,1962.96,-562.802,637.198,operable,
0.00168371,4.27521e-06,9.23487e-07,3.5991e-10,0.000168371,0.00347913,2.04292e-07,20.9269,1962.96,-565.527,634.473,operable,
0.00168371,4.67814e-06,1.01052e-06,3.9383e-10,0.000168371,0.00380702,2.04292e-07,22.8992,1962.96,-568.02,631.98,operable,
0.00168371,5.11904e-06,1.10576e-06,4.30947e-10,0.000168371,0.00416583,2.04292e-07,25.0574,1962.96,-570.304,629.696,operable,
0.00168371,5.60149e-06,1.20998e-06,4.71563e-10,0.000168371,0.00455844,2.04292e-07,27.419,1962.96,-572.396,627.604,operable,
0.00168371,6.12942e-06,1.32401e-06,5.16007e-10,0.000168371,0.00498807,2.04292e-07,30.0032,1962.96,-574.312,625.688,operable,
0.00168371,6.7071e-06,1.4488e-06,5.64639e-10,0.000168371,0.00545818,2.04292e-07,32.8309,1962.96,-576.07,623.93,operable,
0.00168371,7.33923e-06,1.58534e-06,6.17855e-10,0.000168371,0.0059726,2.04292e-07,35.9251,1962.96,-577.682,622.318,operable,
0.00168371,8.03093e-06,1.73476e-06,6.76086e-10,0.000168371,0.0065355,2.04292e-07,39.311,1962.96,-579.163,620.837,operable,
0.00168371,8.78782e-06,1.89826e-06,7.39805e-10,0.000168371,0.00715145,2.04292e-07,43.0159,1962.96,-580.523,619.477,operable,
0.00168371,9.61605e-06,2.07716e-06,8.0953e-10,0.000168371,0.00782546,2.04292e-07,47.07,1962.96,-581.775,618.225,operable,
0.00168371,1.05223e-05,2.27293e-06,8.85826e-10,0.000168371,0.00856298,2.04292e-07,51.5063,1962.96,-582.927,617.073,operable,
0.00168371,1.1514e-05,2.48715e-06,9.69313e-10,0.000168371,0.00937002,2.04292e-07,56.3606,1962.96,-583.991,616.009,operable,
0.00168371,1.25992e-05,2.72155e-06,1.06067e-09,0.000168371,0.0102531,2.04292e-07,61.6724,1962.96,-584.974,615.026,operable,
0.00168371,1.37867e-05,2.97805e-06,1.16063e-09,0.000168371,0.0112195,2.04292e-07,67.4849,1962.96,-585.883,614.117,operable,
0.00168371,1.5086e-05,3.25873e-06,1.27002e-09,0.000168371,0.0122769,2.04292e-07,73.8452,1962.96,-586.728,613.272,operable,
0.00168371,1.65078e-05,3.56585e-06,1.38972e-09,0.000168371,0.0134339,2.04292e-07,80.8049,1962.96,-587.514,612.486,operable,
0.00168371,1.80636e-05,3.90192e-06,1.52069e-09,0.000168371,0.0147,2.04292e-07,88.4205,1962.96,-588.248,611.752,operable,
0.00168371,1.97661e-05,4.26967e-06,1.66401e-09,0.000168371,0.0160855,2.04292e-07,96.7539,1962.96,-588.935,611.065,operable,
0.00168371,2.1629e-05,4.67207e-06,1.82084e-09,0.000168371,0.0176015,2.04292e-07,105.873,1962.96,-589.582,610.418,operable,
0.00168371,2.36675e-05,5.1124e-06,1.99245e-09,0.000168371,0.0192604,2.04292e-07,115.851,1962.96,-590.194,609.806,operable,
0.00168371,2.58981e-05,5.59424e-06,2.18024e-09,0.000168371,0.0210756,2.04292e-07,126.77,1962.96,-590.775,609.225,operable,
0.00168371,2.83389e-05,6.12148e-06,2.38572e-09,0.000168371,0.0230619,2.04292e-07,138.717,1962.96,-591.331,608.669,operable,
0.00168371,3.10098e-05,6.69841e-06,2.61056e-09,0.000168371,0.0252355,2.04292e-07,151.791,1962.96,-591.865,608.135,operable,
0.00168371,3.39323e-05,7.32972e-06,2.8566e-09,0.000168371,0.0276138,2.04292e-07,166.097,1962.96,-592.383,607.617,operable,
0.00168371,3.71304e-05,8.02052e-06,3.12583e-09,0.000168371,0.0302164,2.04292e-07,181.751,1962.96,-592.888,607.112,operable,
0.00168371,4.06298e-05,8.77644e-06,3.42043e-09,0.000168371,0.0330642,2.04292e-07,198.881,1962.96,-593.384,606.616,operable,
0.00168371,4.44591e-05,9.60359e-06,3.7428e-09,0.000168371,0.0361804,2.04292e-07,217.625,1962.96,-593.876,606.124,operable,
0.00168371,4.86492e-05,1.05087e-05,4.09555e-09,0.000168371,0.0395903,2.04292e-07,238.135,1962.96,-594.368,605.632,operable,
0.00168371,5.32343e-05,1.14991e-05,4.48154e-09,0.000168371,0.0433216,2.04292e-07,260.579,1962.96,-594.863,605.137,operable,
0.00168371,5.82515e-05,1.25829e-05,4.90392e-09,0.000168371,0.0474045,2.04292e-07,285.138,1962.96,-595.365,604.635,operable,
0.00168371,6.37415e-05,1.37688e-05,5.3661e-09,0.000168371,0.0518723,2.04292e-07,312.011,1962.96,-595.879,604.121,operable,
0.00168371,6.9749e-05,1.50665e-05,5.87184e-09,0.000168371,0.0567611,2.04292e-07,341.417,1962.96,-596.409,603.591,operable,
0.00168371,7.63227e-05,1.64864e-05,6.42524e-09,0.000168371,0.0621107,2.04292e-07,373.595,1962.96,-596.959,603.041,operable,
0.00168371,8.35159e-05,1.80402e-05,7.03081e-09,0.000168371,0.0679645,2.04292e-07,408.806,1962.96,-597.533,602.467,operable,
0.00168371,9.1387e-05,1.97405e-05,7.69344e-09,0.000168371,0.0743699,2.04292e-07,447.334,1962.96,-598.137,601.863,operable,
0.00168371,0.0001,2.1601e-05,8.41853e-09,0.000168371,0.0813791,2.04292e-07,489.494,1962.96,-598.774,601.226,not operable,FLOODING
0.00191793,2e-07,4.3202e-08,1.91793e-11,0.000191793,0.0001854,2.22825e-07,0.897567,1723.24,75.3646,1275.36,not operable,VERY_THIN
0.00191793,2.18849e-07,4.72736e-08,2.09869e-11,0.000191793,0.000202873,2.22825e-07,0.98216,1723.24,17.7878,1217.79,not operable,VERY_THIN
0.00191793,2.39475e-07,5.1729e-08,2.29649e-11,0.000191793,0.000221994,2.22825e-07,1.07473,1723.24,-34.8302,1165.17,marginal,VERY_THIN
0.00191793,2.62045e-07,5.66044e-08,2.51292e-11,0.000191793,0.000242916,2.22825e-07,1.17602,1723.24,-82.9165,1117.08,marginal,VERY_THIN
0.00191793,2.86742e-07,6.19392e-08,2.74976e-11,0.000191793,0.00026581,2.22825e-07,1.28685,1723.24,-126.861,1073.14,marginal,VERY_THIN
0.00191793,3.13767e-07,6.77768e-08,3.00892e-11,0.000191793,0.000290862,2.22825e-07,1.40814,1723.24,-167.022,1032.98,marginal,VERY_THIN
0.00191793,3.43339e-07,7.41646e-08,3.2925e-11,0.000191793,0.000318275,2.22825e-07,1.54085,1723.24,-203.723,996.277,operable,VERY_THIN
0.00191793,3.75698e-07,8.11544e-08,3.60281e-11,0.000191793,0.000348271,2.22825e-07,1.68607,1723.24,-237.264,962.736,operable,VERY_THIN
0.00191793,4.11106e-07,8.8803e-08,3.94236e-11,0.000191793,0.000381095,2.22825e-07,1.84498,1723.24,-267.916,932.084,operable,VERY_THIN
0.00191793,4.49852e-07,9.71724e-08,4.31392e-11,0.000191793,0.000417012,2.22825e-07,2.01886,1723.24,-295.929,904.071,operable,VERY_THIN
0.00191793,4.92249e-07,1.06331e-07,4.7205e-11,0.000191793,0.000456315,2.22825e-07,2.20913,1723.24,-321.53,878.47,operable,VERY_THIN
0.00191793,5.38642e-07,1.16352e-07,5.16539e-11,0.000191793,0.000499321,2.22825e-07,2.41734,1723.24,-344.926,855.074,operable,VERY_THIN
0.00191793,5.89408e-07,1.27318e-07,5.65222e-11,0.000191793,0.000546381,2.22825e-07,2.64517,1723.24,-366.307,833.693,operable,VERY_THIN
0.00191793,6.44958e-07,1.39317e-07,6.18492e-11,0.000191793,0.000597876,2.22825e-07,2.89447,1723.24,-385.848,814.152,operable,VERY_THIN
0.00191793,7.05744e-07,1.52448e-07,6.76783e-11,0.000191793,0.000654224,2.22825e-07,3.16726,1723.24,-403.706,796.294,operable,VERY_THIN
0.00191793,7.72258e-07,1.66815e-07,7.40568e-11,0.000191793,0.000715883,2.22825e-07,3.46577,1723.24,-420.027,779.973,operable,VERY_THIN
0.00191793,8.45042e-07,1.82537e-07,8.10365e-11,0.000191793,0.000783353,2.22825e-07,3.79241,1723.24,-434.943,765.057,operable,VERY_THIN
0.00191793,9.24685e-07,1.99741e-07,8.8674e-11,0.000191793,0.000857182,2.22825e-07,4.14983,1723.24,-448.575,751.425,operable,VERY_THIN
0.00191793,1.01183e-06,2.18566e-07,9.70313e-11,0.000191793,0.000937969,2.22825e-07,4.54094,1723.24,-461.034,738.966,operable,VERY_THIN
0.00191793,1.1072e-06,2.39165e-07,1.06176e-10,0.000191793,0.00102637,2.22825e-07,4.96891,1723.24,-472.421,727.579,operable,VERY_THIN
0.00191793,1.21155e-06,2.61706e-07,1.16183e-10,0.000191793,0.0011231,2.22825e-07,5.43722,1723.24,-482.829,717.171,operable,VERY_THIN
0.00191793,1.32573e-06,2.86371e-07,1.27133e-10,0.000191793,0.00122895,2.22825e-07,5.94966,1723.24,-492.341,707.659,operable,VERY_THIN
0.00191793,1.45068e-06,3.13361e-07,1.39115e-10,0.000191793,0.00134478,2.22825e-07,6.5104,1723.24,-501.035,698.965,operable,VERY_THIN
0.00191793,1.5874e-06,3.42894e-07,1.52226e-10,0.000191793,0.00147152,2.22825e-07,7.12399,1723.24,-508.983,691.017,operable,VERY_THIN
0.00191793,1.73701e-06,3.75211e-07,1.66573e-10,0.000191793,0.00161021,2.22825e-07,7.79541,1723.24,-516.247,683.753,operable,VERY_THIN
0.00191793,1.90072e-06,4.10574e-07,1.82272e-10,0.000191793,0.00176196,2.22825e-07,8.53011,1723.24,-522.888,677.112,operable,VERY_THIN
0.00191793,2.07986e-06,4.49269e-07,1.99451e-10,0.000191793,0.00192802,2.22825e-07,9.33405,1723.24,-528.958,671.042,operable,
0.00191793,2.27588e-06,4.91612e-07,2.18249e-10,0.000191793,0.00210974,2.22825e-07,10.2138,1723.24,-534.508,665.492,operable,
0.00191793,2.49037e-06,5.37945e-07,2.38818e-10,0.000191793,0.00230857,2.22825e-07,11.1764,1723.24,-539.583,660.417,operable,
0.00191793,2.72508e-06,5.88644e-07,2.61326e-10,0.000191793,0.00252615,2.22825e-07,12.2297,1723.24,-544.223,655.777,operable,
0.00191793,2.98191e-06,6.44123e-07,2.85955e-10,0.000191793,0.00276423,2.22825e-07,13.3823,1723.24,-548.466,651.534,operable,
0.00191793,3.26295e-06,7.0483e-07,3.12906e-10,0.000191793,0.00302475,2.22825e-07,14.6436,1723.24,-552.347,647.653,operable,
0.00191793,3.57048e-06,7.71258e-07,3.42396e-10,0.000191793,0.00330983,2.22825e-07,16.0237,1723.24,-555.897,644.103,operable,
0.00191793,3.90698e-06,8.43947e-07,3.74666e-10,0.000191793,0.00362177,2.22825e-07,17.5339,1723.24,-559.146,640.854,operable,
0.00191793,4.27521e-06,9.23487e-07,4.09977e-10,0.000191793,0.00396311,2.22825e-07,19.1864,1723.24,-562.119,637.881,operable,
0.00191793,4.67814e-06,1.01052e-06,4.48617e-10,0.000191793,0.00433663,2.22825e-07,20.9947,1723.24,-564.84,635.16,operable,
0.00191793,5.11904e-06,1.10576e-06,4.90898e-10,0.000191793,0.00474534,2.22825e-07,22.9734,1723.24,-567.332,632.668,operable,
0.00191793,5.60149e-06,1.20998e-06,5.37163e-10,0.000191793,0.00519258,2.22825e-07,25.1386,1723.24,-569.615,630.385,operable,
0.00191793,6.12942e-06,1.32401e-06,5.8779e-10,0.000191793,0.00568197,2.22825e-07,27.5078,1723.24,-571.707,628.293,operable,
0.00191793,6.7071e-06,1.4488e-06,6.43187e-10,0.000191793,0.00621748,2.22825e-07,30.1004,1723.24,-573.625,626.375,operable,
0.00191793,7.33923e-06,1.58534e-06,7.03806e-10,0.000191793,0.00680346,2.22825e-07,32.9372,1723.24,-575.386,624.614,operable,
0.00191793,8.03093e-06,1.73476e-06,7.70138e-10,0.000191793,0.00744466,2.22825e-07,36.0415,1723.24,-577.002,622.998,operable,
0.00191793,8.78782e-06,1.89826e-06,8.42721e-10,0.000191793,0.0081463,2.22825e-07,39.4383,1723.24,-578.489,621.511,operable,
0.00191793,9.61605e-06,2.07716e-06,9.22145e-10,0.000191793,0.00891407,2.22825e-07,43.1552,1723.24,-579.856,620.144,operable,
0.00191793,1.05223e-05,2.27293e-06,1.00906e-09,0.000191793,0.0097542,2.22825e-07,47.2225,1723.24,-581.116,618.884,operable,
0.00191793,1.1514e-05,2.48715e-06,1.10416e-09,0.000191793,0.0106735,2.22825e-07,51.6731,1723.24,-582.279,617.721,operable,
0.00191793,1.25992e-05,2.72155e-06,1.20822e-09,0.000191793,0.0116795,2.22825e-07,56.5432,1723.24,-583.354,616.646,operable,
0.00191793,1.37867e-05,2.97805e-06,1.32209e-09,0.000191793,0.0127802,2.22825e-07,61.8722,1723.24,-584.35,615.65,operable,
0.00191793,1.5086e-05,3.25873e-06,1.44669e-09,0.000191793,0.0139847,2.22825e-07,67.7035,1723.24,-585.275,614.725,operable,
0.00191793,1.65078e-05,3.56585e-06,1.58304e-09,0.000191793,0.0153027,2.22825e-07,74.0844,1723.24,-586.136,613.864,operable,
0.00191793,1.80636e-05,3.90192e-06,1.73224e-09,0.000191793,0.016745,2.22825e-07,81.0666,1723.24,-586.941,613.059,operable,
0.00191793,1.97661e-05,4.26967e-06,1.8955e-09,0.000191793,0.0183232,2.22825e-07,88.707,1723.24,-587.696,612.304,operable,
0.00191793,2.1629e-05,4.67207e-06,2.07414e-09,0.000191793,0.0200501,2.22825e-07,97.0673,1723.24,-588.408,611.592,operable,
0.00191793,2.36675e-05,5.1124e-06,2.26963e-09,0.000191793,0.0219397,2.22825e-07,106.216,1723.24,-589.081,610.919,operable,
0.00191793,2.58981e-05,5.59424e-06,2.48353e-09,0.000191793,0.0240075,2.22825e-07,116.226,1723.24,-589.721,610.279,operable,
0.00191793,2.83389e-05,6.12148e-06,2.7176e-09,0.000191793,0.0262701,2.22825e-07,127.18,1723.24,-590.334,609.666,operable,
0.00191793,3.10098e-05,6.69841e-06,2.97373e-09,0.000191793,0.028746,2.22825e-07,139.167,1723.24,-590.925,609.075,operable,
0.00191793,3.39323e-05,7.32972e-06,3.25399e-09,0.000191793,0.0314553,2.22825e-07,152.283,1723.24,-591.498,608.502,operable,
0.00191793,3.71304e-05,8.02052e-06,3.56067e-09,0.000191793,0.0344198,2.22825e-07,166.635,1723.24,-592.058,607.942,operable,
0.00191793,4.06298e-05,8.77644e-06,3.89626e-09,0.000191793,0.0376638,2.22825e-07,182.34,1723.24,-592.61,607.39,operable,
0.00191793,4.44591e-05,9.60359e-06,4.26347e-09,0.000191793,0.0412135,2.22825e-07,199.525,1723.24,-593.158,606.842,operable,
0.00191793,4.86492e-05,1.05087e-05,4.66529e-09,0.000191793,0.0450978,2.22825e-07,218.33,1723.24,-593.706,606.294,operable,
0.00191793,5.32343e-05,1.14991e-05,5.10498e-09,0.000191793,0.0493481,2.22825e-07,238.907,1723.24,-594.26,605.74,operable,
0.00191793,5.82515e-05,1.25829e-05,5.58611e-09,0.000191793,0.0539991,2.22825e-07,261.423,1723.24,-594.822,605.178,operable,
0.00191793,6.37415e-05,1.37688e-05,6.11259e-09,0.000191793,0.0590883,2.22825e-07,286.061,1723.24,-595.399,604.601,operable,
0.00191793,6.9749e-05,1.50665e-05,6.68868e-09,0.000191793,0.0646573,2.22825e-07,313.022,1723.24,-595.995,604.005,operable,
0.00191793,7.63227e-05,1.64864e-05,7.31907e-09,0.000191793,0.070751,2.22825e-07,342.523,1723.24,-596.613,603.387,operable,
0.00191793,8.35159e-05,1.80402e-05,8.00888e-09,0.000191793,0.0774191,2.22825e-07,374.805,1723.24,-597.261,602.739,operable,
0.00191793,9.1387e-05,1.97405e-05,8.76369e-09,0.000191793,0.0847157,2.22825e-07,410.13,1723.24,-597.942,602.058,operable,
0.00191793,0.0001,2.1601e-05,9.58965e-09,0.000191793,0.0926999,2.22825e-07,448.783,1723.24,-598.663,601.337,not operable,FLOODING
0.00218474,2e-07,4.3202e-08,2.18474e-11,0.000218474,0.000211191,2.43038e-07,0.822917,1512.79,136.963,1336.96,not operable,VERY_THIN
0.00218474,2.18849e-07,4.72736e-08,2.39064e-11,0.000218474,0.000231095,2.43038e-07,0.900474,1512.79,74.1634,1274.16,not operable,VERY_THIN
0.00218474,2.39475e-07,5.1729e-08,2.61595e-11,0.000218474,0.000252876,2.43038e-07,0.985342,1512.79,16.7721,1216.77,not operable,VERY_THIN
0.00218474,2.62045e-07,5.66044e-08,2.8625e-11,0.000218474,0.000276708,2.43038e-07,1.07821,1512.79,-35.6763,1164.32,marginal,VERY_THIN
0.00218474,2.86742e-07,6.19392e-08,3.13228e-11,0.000218474,0.000302787,2.43038e-07,1.17983,1512.79,-83.6077,1116.39,marginal,VERY_THIN
0.00218474,3.13767e-07,6.77768e-08,3.42749e-11,0.000218474,0.000331324,2.43038e-07,1.29102,1512.79,-127.411,1072.59,marginal,VERY_THIN
0.00218474,3.43339e-07,7.41646e-08,3.75053e-11,0.000218474,0.000362551,2.43038e-07,1.4127,1512.79,-167.442,1032.56,marginal,VERY_THIN
0.00218474,3.75698e-07,8.11544e-08,4.104e-11,0.000218474,0.00039672,2.43038e-07,1.54584,1512.79,-204.026,995.974,operable,VERY_THIN
0.00218474,4.11106e-07,8.8803e-08,4.49079e-11,0.000218474,0.00043411,2.43038e-07,1.69153,1512.79,-237.459,962.541,operable,VERY_THIN
0.00218474,4.49852e-07,9.71724e-08,4.91404e-11,0.000218474,0.000475024,2.43038e-07,1.85095,1512.79,-268.013,931.987,operable,VERY_THIN
0.00218474,4.92249e-07,1.06331e-07,5.37718e-11,0.000218474,0.000519794,2.43038e-07,2.0254,1512.79,-295.936,904.064,operable,VERY_THIN
0.00218474,5.38642e-07,1.16352e-07,5.88396e-11,0.000218474,0.000568783,2.43038e-07,2.21629,1512.79,-321.454,878.546,operable,VERY_THIN
0.00218474,5.89408e-07,1.27318e-07,6.43851e-11,0.000218474,0.000622389,2.43038e-07,2.42517,1512.79,-344.776,855.224,operable,VERY_THIN
0.00218474,6.44958e-07,1.39317e-07,7.04532e-11,0.000218474,0.000681048,2.43038e-07,2.65373,1512.79,-366.089,833.911,operable,VERY_THIN
0.00218474,7.05744e-07,1.52448e-07,7.70932e-11,0.000218474,0.000745235,2.43038e-07,2.90384,1512.79,-385.568,814.432,operable,VERY_THIN
0.00218474,7.72258e-07,1.66815e-07,8.43591e-11,0.000218474,0.000815471,2.43038e-07,3.17752,1512.79,-403.369,796.631,operable,VERY_THIN
0.00218474,8.45042e-07,1.82537e-07,9.23097e-11,0.000218474,0.000892327,2.43038e-07,3.47699,1512.79,-419.639,780.361,operable,VERY_THIN
0.00218474,9.24685e-07,1.99741e-07,1.0101e-10,0.000218474,0.000976426,2.43038e-07,3.80469,1512.79,-434.508,765.492,operable,VERY_THIN
0.00218474,1.01183e-06,2.18566e-07,1.1053e-10,0.000218474,0.00106845,2.43038e-07,4.16327,1512.79,-448.097,751.903,operable,VERY_THIN
0.00218474,1.1072e-06,2.39165e-07,1.20947e-10,0.000218474,0.00116915,2.43038e-07,4.55565,1512.79,-460.517,739.483,operable,VERY_THIN
0.00218474,1.21155e-06,2.61706e-07,1.32346e-10,0.000218474,0.00127934,2.43038e-07,4.98501,1512.79,-471.869,728.131,operable,VERY_THIN
0.00218474,1.32573e-06,2.86371e-07,1.44819e-10,0.000218474,0.00139991,2.43038e-07,5.45483,1512.79,-482.245,717.755,operable,VERY_THIN
0.00218474,1.45068e-06,3.13361e-07,1.58468e-10,0.000218474,0.00153185,2.43038e-07,5.96894,1512.79,-491.729,708.271,operable,VERY_THIN
0.00218474,1.5874e-06,3.42894e-07,1.73403e-10,0.000218474,0.00167623,2.43038e-07,6.53149,1512.79,-500.397,699.603,operable,VERY_THIN
0.00218474,1.73701e-06,3.75211e-07,1.89745e-10,0.000218474,0.00183421,2.43038e-07,7.14707,1512.79,-508.321,691.679,operable,VERY_THIN
0.00218474,1.90072e-06,4.10574e-07,2.07628e-10,0.000218474,0.00200707,2.43038e-07,7.82066,1512.79,-515.565,684.435,operable,VERY_THIN
0.00218474,2.07986e-06,4.49269e-07,2.27197e-10,0.000218474,0.00219624,2.43038e-07,8.55774,1512.79,-522.187,677.813,operable,
0.00218474,2.27588e-06,4.91612e-07,2.4861e-10,0.000218474,0.00240323,2.43038e-07,9.36428,1512.79,-528.241,671.759,operable,
0.00218474,2.49037e-06,5.37945e-07,2.7204e-10,0.000218474,0.00262972,2.43038e-07,10.2468,1512.79,-533.776,666.224,operable,
0.00218474,2.72508e-06,5.88644e-07,2.97679e-10,0.000218474,0.00287757,2.43038e-07,11.2126,1512.79,-538.838,661.162,operable,
0.00218474,2.98191e-06,6.44123e-07,3.25735e-10,0.000218474,0.00314877,2.43038e-07,12.2693,1512.79,-543.467,656.533,operable,
0.00218474,3.26295e-06,7.0483e-07,3.56435e-10,0.000218474,0.00344553,2.43038e-07,13.4257,1512.79,-547.701,652.299,operable,
0.00218474,3.57048e-06,7.71258e-07,3.90028e-10,0.000218474,0.00377027,2.43038e-07,14.691,1512.79,-551.574,648.426,operable,
0.00218474,3.90698e-06,8.43947e-07,4.26787e-10,0.000218474,0.0041256,2.43038e-07,16.0756,1512.79,-555.119,644.881,operable,
0.00218474,4.27521e-06,9.23487e-07,4.6701e-10,0.000218474,0.00451443,2.43038e-07,17.5907,1512.79,-558.362,641.638,operable,
0.00218474,4.67814e-06,1.01052e-06,5.11025e-10,0.000218474,0.00493991,2.43038e-07,19.2486,1512.79,-561.332,638.668,operable,
0.00218474,5.11904e-06,1.10576e-06,5.59187e-10,0.000218474,0.00540548,2.43038e-07,21.0627,1512.79,-564.051,635.949,operable,
0.00218474,5.60149e-06,1.20998e-06,6.11889e-10,0.000218474,0.00591493,2.43038e-07,23.0478,1512.79,-566.543,633.457,operable,
0.00218474,6.12942e-06,1.32401e-06,6.69558e-10,0.000218474,0.0064724,2.43038e-07,25.22,1512.79,-568.826,631.174,operable,
0.00218474,6.7071e-06,1.4488e-06,7.32662e-10,0.000218474,0.0070824,2.43038e-07,27.5969,1512.79,-570.921,629.079,operable,
0.00218474,7.33923e-06,1.58534e-06,8.01714e-10,0.000218474,0.0077499,2.43038e-07,30.1979,1512.79,-572.843,627.157,operable,
0.00218474,8.03093e-06,1.73476e-06,8.77273e-10,0.000218474,0.00848031,2.43038e-07,33.0439,1512.79,-574.609,625.391,operable,
0.00218474,8.78782e-06,1.89826e-06,9.59954e-10,0.000218474,0.00927956,2.43038e-07,36.1582,1512.79,-576.232,623.768,operable,
0.00218474,9.61605e-06,2.07716e-06,1.05043e-09,0.000218474,0.0101541,2.43038e-07,39.566,1512.79,-577.727,622.273,operable,
0.00218474,1.05223e-05,2.27293e-06,1.14943e-09,0.000218474,0.0111111,2.43038e-07,43.295,1512.79,-579.104,620.896,operable,
0.00218474,1.1514e-05,2.48715e-06,1.25776e-09,0.000218474,0.0121583,2.43038e-07,47.3755,1512.79,-580.376,619.624,operable,
0.00218474,1.25992e-05,2.72155e-06,1.3763e-09,0.000218474,0.0133042,2.43038e-07,51.8405,1512.79,-581.552,618.448,operable,
0.00218474,1.37867e-05,2.97805e-06,1.50601e-09,0.000218474,0.0145581,2.43038e-07,56.7263,1512.79,-582.642,617.358,operable,
0.00218474,1.5086e-05,3.25873e-06,1.64795e-09,0.000218474,0.0159302,2.43038e-07,62.0726,1512.79,-583.655,616.345,operable,
0.00218474,1.65078e-05,3.56585e-06,1.80326e-09,0.000218474,0.0174315,2.43038e-07,67.9228,1512.79,-584.6,615.4,operable,
0.00218474,1.80636e-05,3.90192e-06,1.97322e-09,0.000218474,0.0190744,2.43038e-07,74.3244,1512.79,-585.483,614.517,operable,
0.00218474,1.97661e-05,4.26967e-06,2.15919e-09,0.000218474,0.0208721,2.43038e-07,81.3292,1512.79,-586.312,613.688,operable,
0.00218474,2.1629e-05,4.67207e-06,2.36268e-09,0.000218474,0.0228393,2.43038e-07,88.9943,1512.79,-587.094,612.906,operable,
0.00218474,2.36675e-05,5.1124e-06,2.58536e-09,0.000218474,0.0249918,2.43038e-07,97.3818,1512.79,-587.835,612.165,operable,
0.00218474,2.58981e-05,5.59424e-06,2.82902e-09,0.000218474,0.0273472,2.43038e-07,106.56,1512.79,-588.541,611.459,operable,
0.00218474,2.83389e-05,6.12148e-06,3.09565e-09,0.000218474,0.0299246,2.43038e-07,116.603,1512.79,-589.218,610.782,operable,
0.00218474,3.10098e-05,6.69841e-06,3.38741e-09,0.000218474,0.0327449,2.43038e-07,127.592,1512.79,-589.871,610.129,operable,
0.00218474,3.39323e-05,7.32972e-06,3.70666e-09,0.000218474,0.0358311,2.43038e-07,139.617,1512.79,-590.506,609.494,operable,
0.00218474,3.71304e-05,8.02052e-06,4.05601e-09,0.000218474,0.0392081,2.43038e-07,152.776,1512.79,-591.128,608.872,operable,
0.00218474,4.06298e-05,8.77644e-06,4.43827e-09,0.000218474,0.0429033,2.43038e-07,167.175,1512.79,-591.741,608.259,operable,
0.00218474,4.44591e-05,9.60359e-06,4.85657e-09,0.000218474,0.0469468,2.43038e-07,182.931,1512.79,-592.352,607.648,operable,
0.00218474,4.86492e-05,1.05087e-05,5.31429e-09,0.000218474,0.0513714,2.43038e-07,200.171,1512.79,-592.964,607.036,operable,
0.00218474,5.32343e-05,1.14991e-05,5.81515e-09,0.000218474,0.0562131,2.43038e-07,219.037,1512.79,-593.583,606.417,operable,
0.00218474,5.82515e-05,1.25829e-05,6.36321e-09,0.000218474,0.061511,2.43038e-07,239.681,1512.79,-594.213,605.787,operable,
0.00218474,6.37415e-05,1.37688e-05,6.96292e-09,0.000218474,0.0673083,2.43038e-07,262.27,1512.79,-594.861,605.139,operable,
0.00218474,6.9749e-05,1.50665e-05,7.61916e-09,0.000218474,0.0736519,2.43038e-07,286.988,1512.79,-595.53,604.47,operable,
0.00218474,7.63227e-05,1.64864e-05,8.33725e-09,0.000218474,0.0805934,2.43038e-07,314.036,1512.79,-596.227,603.773,operable,
0.00218474,8.35159e-05,1.80402e-05,9.12301e-09,0.000218474,0.0881891,2.43038e-07,343.633,1512.79,-596.957,603.043,operable,
0.00218474,9.1387e-05,1.97405e-05,9.98283e-09,0.000218474,0.0965007,2.43038e-07,376.019,1512.79,-597.727,602.273,operable,
0.00218474,0.0001,2.1601e-05,1.09237e-08,0.000218474,0.105596,2.43038e-07,411.458,1512.79,-598.542,601.458,not operable,FLOODING
0.00248866,2e-07,4.3202e-08,2.48866e-11,0.000248866,0.000240571,2.65085e-07,0.754475,1328.04,204.196,1404.2,not operable,VERY_THIN
0.00248866,2.18849e-07,4.72736e-08,2.72321e-11,0.000248866,0.000263244,2.65085e-07,0.825582,1328.04,135.7,1335.7,not operable,VERY_THIN
0.00248866,2.39475e-07,5.1729e-08,2.97987e-11,0.000248866,0.000288054,2.65085e-07,0.903391,1328.04,73.1019,1273.1,not operable,VERY_THIN
0.00248866,2.62045e-07,5.66044e-08,3.26071e-11,0.000248866,0.000315202,2.65085e-07,0.988533,1328.04,15.8956,1215.9,not operable,VERY_THIN
0.00248866,2.86742e-07,6.19392e-08,3.56802e-11,0.000248866,0.000344909,2.65085e-07,1.0817,1328.04,-36.384,1163.62,marginal,VERY_THIN
0.00248866,3.13767e-07,6.77768e-08,3.9043e-11,0.000248866,0.000377416,2.65085e-07,1.18365,1328.04,-84.1612,1115.84,marginal,VERY_THIN
0.00248866,3.43339e-07,7.41646e-08,4.27227e-11,0.000248866,0.000412986,2.65085e-07,1.2952,1328.04,-127.824,1072.18,marginal,VERY_THIN
0.00248866,3.75698e-07,8.11544e-08,4.67492e-11,0.000248866,0.000451909,2.65085e-07,1.41727,1328.04,-167.726,1032.27,marginal,VERY_THIN
0.00248866,4.11106e-07,8.8803e-08,5.11552e-11,0.000248866,0.0004945,2.65085e-07,1.55085,1328.04,-204.192,995.808,operable,VERY_THIN
0.00248866,4.49852e-07,9.71724e-08,5.59764e-11,0.000248866,0.000541106,2.65085e-07,1.69701,1328.04,-237.518,962.482,operable,VERY_THIN
0.00248866,4.92249e-07,1.06331e-07,6.12521e-11,0.000248866,0.000592103,2.65085e-07,1.85695,1328.04,-267.974,932.026,operable,VERY_THIN
0.00248866,5.38642e-07,1.16352e-07,6.70249e-11,0.000248866,0.000647907,2.65085e-07,2.03196,1328.04,-295.808,904.192,operable,VERY_THIN
0.00248866,5.89408e-07,1.27318e-07,7.33418e-11,0.000248866,0.000708971,2.65085e-07,2.22347,1328.04,-321.245,878.755,operable,VERY_THIN
0.00248866,6.44958e-07,1.39317e-07,8.02541e-11,0.000248866,0.00077579,2.65085e-07,2.43302,1328.04,-344.492,855.508,operable,VERY_THIN
0.00248866,7.05744e-07,1.52448e-07,8.78178e-11,0.000248866,0.000848906,2.65085e-07,2.66233,1328.04,-365.738,834.262,operable,VERY_THIN
0.00248866,7.72258e-07,1.66815e-07,9.60944e-11,0.000248866,0.000928913,2.65085e-07,2.91325,1328.04,-385.154,814.846,operable,VERY_THIN
0.00248866,8.45042e-07,1.82537e-07,1.05151e-10,0.000248866,0.00101646,2.65085e-07,3.18781,1328.04,-402.9,797.1,operable,VERY_THIN
0.00248866,9.24685e-07,1.99741e-07,1.15061e-10,0.000248866,0.00111226,2.65085e-07,3.48826,1328.04,-419.118,780.882,operable,VERY_THIN
0.00248866,1.01183e-06,2.18566e-07,1.25906e-10,0.000248866,0.00121709,2.65085e-07,3.81702,1328.04,-433.941,766.059,operable,VERY_THIN
0.00248866,1.1072e-06,2.39165e-07,1.37772e-10,0.000248866,0.00133179,2.65085e-07,4.17676,1328.04,-447.488,752.512,operable,VERY_THIN
0.00248866,1.21155e-06,2.61706e-07,1.50756e-10,0.000248866,0.00145731,2.65085e-07,4.57041,1328.04,-459.87,740.13,operable,VERY_THIN
0.00248866,1.32573e-06,2.86371e-07,1.64965e-10,0.000248866,0.00159466,2.65085e-07,5.00116,1328.04,-471.187,728.813,operable,VERY_THIN
0.00248866,1.45068e-06,3.13361e-07,1.80512e-10,0.000248866,0.00174495,2.65085e-07,5.4725,1328.04,-481.532,718.468,operable,VERY_THIN
0.00248866,1.5874e-06,3.42894e-07,1.97525e-10,0.000248866,0.00190941,2.65085e-07,5.98827,1328.04,-490.987,709.013,operable,VERY_THIN
0.00248866,1.73701e-06,3.75211e-07,2.16141e-10,0.000248866,0.00208937,2.65085e-07,6.55265,1328.04,-499.63,700.37,operable,VERY_THIN
0.00248866,1.90072e-06,4.10574e-07,2.36512e-10,0.000248866,0.00228628,2.65085e-07,7.17022,1328.04,-507.532,692.468,operable,VERY_THIN
0.00248866,2.07986e-06,4.49269e-07,2.58803e-10,0.000248866,0.00250176,2.65085e-07,7.84599,1328.04,-514.755,685.245,operable,
0.00248866,2.27588e-06,4.91612e-07,2.83194e-10,0.000248866,0.00273754,2.65085e-07,8.58546,1328.04,-521.359,678.641,operable,
0.00248866,2.49037e-06,5.37945e-07,3.09885e-10,0.000248866,0.00299555,2.65085e-07,9.39461,1328.04,-527.398,672.602,operable,
0.00248866,2.72508e-06,5.88644e-07,3.3909e-10,0.000248866,0.00327787,2.65085e-07,10.28,1328.04,-532.919,667.081,operable,
0.00248866,2.98191e-06,6.44123e-07,3.71049e-10,0.000248866,0.0035868,2.65085e-07,11.2489,1328.04,-537.969,662.031,operable,
0.00248866,3.26295e-06,7.0483e-07,4.06019e-10,0.000248866,0.00392485,2.65085e-07,12.3091,1328.04,-542.589,657.411,operable,
0.00248866,3.57048e-06,7.71258e-07,4.44285e-10,0.000248866,0.00429476,2.65085e-07,13.4692,1328.04,-546.815,653.185,operable,
0.00248866,3.90698e-06,8.43947e-07,4.86158e-10,0.000248866,0.00469953,2.65085e-07,14.7386,1328.04,-550.681,649.319,operable,
0.00248866,4.27521e-06,9.23487e-07,5.31977e-10,0.000248866,0.00514244,2.65085e-07,16.1277,1328.04,-554.221,645.779,operable,
0.00248866,4.67814e-06,1.01052e-06,5.82114e-10,0.000248866,0.00562711,2.65085e-07,17.6477,1328.04,-557.461,642.539,operable,
0.00248866,5.11904e-06,1.10576e-06,6.36977e-10,0.000248866,0.00615745,2.65085e-07,19.3109,1328.04,-560.429,639.571,operable,
0.00248866,5.60149e-06,1.20998e-06,6.97011e-10,0.000248866,0.00673777,2.65085e-07,21.1309,1328.04,-563.148,636.852,operable,
0.00248866,6.12942e-06,1.32401e-06,7.62702e-10,0.000248866,0.00737279,2.65085e-07,23.1225,1328.04,-565.641,634.359,operable,
0.00248866,6.7071e-06,1.4488e-06,8.34585e-10,0.000248866,0.00806765,2.65085e-07,25.3017,1328.04,-567.928,632.072,operable,
0.00248866,7.33923e-06,1.58534e-06,9.13242e-10,0.000248866,0.00882801,2.65085e-07,27.6863,1328.04,-570.027,629.973,operable,
0.00248866,8.03093e-06,1.73476e-06,9.99313e-10,0.000248866,0.00966002,2.65085e-07,30.2957,1328.04,-571.956,628.044,operable,
0.00248866,8.78782e-06,1.89826e-06,1.0935e-09,0.000248866,0.0105705,2.65085e-07,33.151,1328.04,-573.729,626.271,operable,
0.00248866,9.61605e-06,2.07716e-06,1.19655e-09,0.000248866,0.0115667,2.65085e-07,36.2753,1328.04,-575.362,624.638,operable,
0.00248866,1.05223e-05,2.27293e-06,1.30933e-09,0.000248866,0.0126568,2.65085e-07,39.6942,1328.04,-576.868,623.132,operable,
0.00248866,1.1514e-05,2.48715e-06,1.43273e-09,0.000248866,0.0138497,2.65085e-07,43.4353,1328.04,-578.259,621.741,operable,
0.00248866,1.25992e-05,2.72155e-06,1.56776e-09,0.000248866,0.015155,2.65085e-07,47.5289,1328.04,-579.546,620.454,operable,
0.00248866,1.37867e-05,2.97805e-06,1.71551e-09,0.000248866,0.0165833,2.65085e-07,52.0084,1328.04,-580.739,619.261,operable,
0.00248866,1.5086e-05,3.25873e-06,1.8772e-09,0.000248866,0.0181462,2.65085e-07,56.9101,1328.04,-581.849,618.151,operable,
0.00248866,1.65078e-05,3.56585e-06,2.05412e-09,0.000248866,0.0198565,2.65085e-07,62.2737,1328.04,-582.885,617.115,operable,
0.00248866,1.80636e-05,3.90192e-06,2.24771e-09,0.000248866,0.0217279,2.65085e-07,68.1428,1328.04,-583.854,616.146,operable,
0.00248866,1.97661e-05,4.26967e-06,2.45955e-09,0.000248866,0.0237757,2.65085e-07,74.5651,1328.04,-584.765,615.235,operable,
0.00248866,2.1629e-05,4.67207e-06,2.69136e-09,0.000248866,0.0260165,2.65085e-07,81.5927,1328.04,-585.625,614.375,operable,
0.00248866,2.36675e-05,5.1124e-06,2.94502e-09,0.000248866,0.0284685,2.65085e-07,89.2826,1328.04,-586.441,613.559,operable,
0.00248866,2.58981e-05,5.59424e-06,3.22258e-09,0.000248866,0.0311516,2.65085e-07,97.6972,1328.04,-587.22,612.78,operable,
0.00248866,2.83389e-05,6.12148e-06,3.52629e-09,0.000248866,0.0340875,2.65085e-07,106.905,1328.04,-587.967,612.033,operable,
0.00248866,3.10098e-05,6.69841e-06,3.85864e-09,0.000248866,0.0373002,2.65085e-07,116.98,1328.04,-588.69,611.31,operable,
0.00248866,3.39323e-05,7.32972e-06,4.2223e-09,0.000248866,0.0408156,2.65085e-07,128.006,1328.04,-589.394,610.606,operable,
0.00248866,3.71304e-05,8.02052e-06,4.62025e-09,0.000248866,0.0446624,2.65085e-07,140.07,1328.04,-590.084,609.916,operable,
0.00248866,4.06298e-05,8.77644e-06,5.05569e-09,0.000248866,0.0488717,2.65085e-07,153.271,1328.04,-590.766,609.234,operable,
0.00248866,4.44591e-05,9.60359e-06,5.53218e-09,0.000248866,0.0534777,2.65085e-07,167.716,1328.04,-591.447,608.553,operable,
0.00248866,4.86492e-05,1.05087e-05,6.05357e-09,0.000248866,0.0585178,2.65085e-07,183.523,1328.04,-592.13,607.87,operable,
0.00248866,5.32343e-05,1.14991e-05,6.6241e-09,0.000248866,0.064033,2.65085e-07,200.82,1328.04,-592.822,607.178,operable,
0.00248866,5.82515e-05,1.25829e-05,7.24841e-09,0.000248866,0.0700679,2.65085e-07,219.746,1328.04,-593.529,606.471,operable,
0.00248866,6.37415e-05,1.37688e-05,7.93155e-09,0.000248866,0.0766717,2.65085e-07,240.457,1328.04,-594.256,605.744,operable,
0.00248866,6.9749e-05,1.50665e-05,8.67908e-09,0.000248866,0.0838978,2.65085e-07,263.119,1328.04,-595.009,604.991,operable,
0.00248866,7.63227e-05,1.64864e-05,9.49706e-09,0.000248866,0.0918049,2.65085e-07,287.918,1328.04,-595.795,604.205,operable,
0.00248866,8.35159e-05,1.80402e-05,1.03921e-08,0.000248866,0.100457,2.65085e-07,315.053,1328.04,-596.619,603.381,operable,
0.00248866,9.1387e-05,1.97405e-05,1.13716e-08,0.000248866,0.109925,2.65085e-07,344.746,1328.04,-597.488,602.512,operable,
0.00248866,0.0001,2.1601e-05,1.24433e-08,0.000248866,0.120285,2.65085e-07,377.237,1328.04,-598.409,601.591,not operable,FLOODING
0.00283486,2e-07,4.3202e-08,2.83486e-11,0.000283486,0.000274037,2.89132e-07,0.691725,1165.86,277.581,1477.58,not operable,VERY_THIN
0.00283486,2.18849e-07,4.72736e-08,3.10204e-11,0.000283486,0.000299864,2.89132e-07,0.756919,1165.86,202.871,1402.87,not operable,VERY_THIN
0.00283486,2.39475e-07,5.1729e-08,3.3944e-11,0.000283486,0.000328125,2.89132e-07,0.828256,1165.86,134.594,1334.59,not operable,VERY_THIN
0.00283486,2.62045e-07,5.66044e-08,3.71431e-11,0.000283486,0.00035905,2.89132e-07,0.906317,1165.86,72.1986,1272.2,not operable,VERY_THIN
0.00283486,2.86742e-07,6.19392e-08,4.06438e-11,0.000283486,0.00039289,2.89132e-07,0.991735,1165.86,15.1764,1215.18,not operable,VERY_THIN
0.00283486,3.13767e-07,6.77768e-08,4.44744e-11,0.000283486,0.000429919,2.89132e-07,1.0852,1165.86,-36.9349,1163.07,marginal,VERY_THIN
0.00283486,3.43339e-07,7.41646e-08,4.8666e-11,0.000283486,0.000470438,2.89132e-07,1.18748,1165.86,-84.5584,1115.44,marginal,VERY_THIN
0.00283486,3.75698e-07,8.11544e-08,5.32526e-11,0.000283486,0.000514775,2.89132e-07,1.2994,1165.86,-128.081,1071.92,marginal,VERY_THIN
0.00283486,4.11106e-07,8.8803e-08,5.82715e-11,0.000283486,0.000563291,2.89132e-07,1.42186,1165.86,-167.855,1032.15,marginal,VERY_THIN
0.00283486,4.49852e-07,9.71724e-08,6.37634e-11,0.000283486,0.00061638,2.89132e-07,1.55587,1165.86,-204.204,995.796,operable,VERY_THIN
0.00283486,4.92249e-07,1.06331e-07,6.9773e-11,0.000283486,0.000674472,2.89132e-07,1.70251,1165.86,-237.423,962.577,operable,VERY_THIN
0.00283486,5.38642e-07,1.16352e-07,7.63489e-11,0.000283486,0.000738039,2.89132e-07,1.86296,1165.86,-267.782,932.218,operable,VERY_THIN
0.00283486,5.89408e-07,1.27318e-07,8.35446e-11,0.000283486,0.000807598,2.89132e-07,2.03854,1165.86,-295.527,904.473,operable,VERY_THIN
0.00283486,6.44958e-07,1.39317e-07,9.14184e-11,0.000283486,0.000883712,2.89132e-07,2.23067,1165.86,-320.883,879.117,operable,VERY_THIN
0.00283486,7.05744e-07,1.52448e-07,1.00034e-10,0.000283486,0.000966999,2.89132e-07,2.4409,1165.86,-344.056,855.944,operable,VERY_THIN
0.00283486,7.72258e-07,1.66815e-07,1.09462e-10,0.000283486,0.00105814,2.89132e-07,2.67095,1165.86,-365.234,834.766,operable,VERY_THIN
0.00283486,8.45042e-07,1.82537e-07,1.19779e-10,0.000283486,0.00115786,2.89132e-07,2.92268,1165.86,-384.59,815.41,operable,VERY_THIN
0.00283486,9.24685e-07,1.99741e-07,1.31068e-10,0.000283486,0.00126699,2.89132e-07,3.19814,1165.86,-402.28,797.72,operable,VERY_THIN
0.00283486,1.01183e-06,2.18566e-07,1.43421e-10,0.000283486,0.0013864,2.89132e-07,3.49956,1165.86,-418.447,781.553,operable,VERY_THIN
0.00283486,1.1072e-06,2.39165e-07,1.56938e-10,0.000283486,0.00151706,2.89132e-07,3.82938,1165.86,-433.224,766.776,operable,VERY_THIN
0.00283486,1.21155e-06,2.61706e-07,1.71728e-10,0.000283486,0.00166004,2.89132e-07,4.19029,1165.86,-446.73,753.27,operable,VERY_THIN
0.00283486,1.32573e-06,2.86371e-07,1.87913e-10,0.000283486,0.0018165,2.89132e-07,4.58521,1165.86,-459.074,740.926,operable,VERY_THIN
0.00283486,1.45068e-06,3.13361e-07,2.05624e-10,0.000283486,0.0019877,2.89132e-07,5.01736,1165.86,-470.358,729.642,operable,VERY_THIN
0.00283486,1.5874e-06,3.42894e-07,2.25003e-10,0.000283486,0.00217503,2.89132e-07,5.49023,1165.86,-480.671,719.329,operable,VERY_THIN
0.00283486,1.73701e-06,3.75211e-07,2.46209e-10,0.000283486,0.00238002,2.89132e-07,6.00767,1165.86,-490.099,709.901,operable,VERY_THIN
0.00283486,1.90072e-06,4.10574e-07,2.69414e-10,0.000283486,0.00260433,2.89132e-07,6.57387,1165.86,-498.718,701.282,operable,VERY_THIN
0.00283486,2.07986e-06,4.49269e-07,2.94805e-10,0.000283486,0.00284979,2.89132e-07,7.19345,1165.86,-506.597,693.403,operable,
0.00283486,2.27588e-06,4.91612e-07,3.2259e-10,0.000283486,0.00311837,2.89132e-07,7.87141,1165.86,-513.802,686.198,operable,
0.00283486,2.49037e-06,5.37945e-07,3.52993e-10,0.000283486,0.00341227,2.89132e-07,8.61327,1165.86,-520.389,679.611,operable,
0.00283486,2.72508e-06,5.88644e-07,3.86262e-10,0.000283486,0.00373387,2.89132e-07,9.42505,1165.86,-526.412,673.588,operable,
0.00283486,2.98191e-06,6.44123e-07,4.22666e-10,0.000283486,0.00408577,2.89132e-07,10.3133,1165.86,-531.922,668.078,operable,
0.00283486,3.26295e-06,7.0483e-07,4.62501e-10,0.000283486,0.00447085,2.89132e-07,11.2853,1165.86,-536.961,663.039,operable,
0.00283486,3.57048e-06,7.71258e-07,5.06091e-10,0.000283486,0.00489221,2.89132e-07,12.3489,1165.86,-541.572,658.428,operable,
0.00283486,3.90698e-06,8.43947e-07,5.53788e-10,0.000283486,0.00535329,2.89132e-07,13.5128,1165.86,-545.791,654.209,operable,
0.00283486,4.27521e-06,9.23487e-07,6.05982e-10,0.000283486,0.00585782,2.89132e-07,14.7864,1165.86,-549.653,650.347,operable,
0.00283486,4.67814e-06,1.01052e-06,6.63094e-10,0.000283486,0.00640991,2.89132e-07,16.1799,1165.86,-553.189,646.811,operable,
0.00283486,5.11904e-06,1.10576e-06,7.25589e-10,0.000283486,0.00701402,2.89132e-07,17.7048,1165.86,-556.428,643.572,operable,
0.00283486,5.60149e-06,1.20998e-06,7.93973e-10,0.000283486,0.00767508,2.89132e-07,19.3735,1165.86,-559.396,640.604,operable,
0.00283486,6.12942e-06,1.32401e-06,8.68803e-10,0.000283486,0.00839843,2.89132e-07,21.1994,1165.86,-562.117,637.883,operable,
0.00283486,6.7071e-06,1.4488e-06,9.50686e-10,0.000283486,0.00918996,2.89132e-07,23.1974,1165.86,-564.614,635.386,operable,
0.00283486,7.33923e-06,1.58534e-06,1.04029e-09,0.000283486,0.0100561,2.89132e-07,25.3836,1165.86,-566.906,633.094,operable,
0.00283486,8.03093e-06,1.73476e-06,1.13833e-09,0.000283486,0.0110039,2.89132e-07,27.776,1165.86,-569.013,630.987,operable,
0.00283486,8.78782e-06,1.89826e-06,1.24561e-09,0.000283486,0.0120409,2.89132e-07,30.3938,1165.86,-570.95,629.05,operable,
0.00283486,9.61605e-06,2.07716e-06,1.36301e-09,0.000283486,0.0131758,2.89132e-07,33.2583,1165.86,-572.735,627.265,operable,
0.00283486,1.05223e-05,2.27293e-06,1.49147e-09,0.000283486,0.0144175,2.89132e-07,36.3928,1165.86,-574.382,625.618,operable,
0.00283486,1.1514e-05,2.48715e-06,1.63204e-09,0.000283486,0.0157764,2.89132e-07,39.8228,1165.86,-575.903,624.097,operable,
0.00283486,1.25992e-05,2.72155e-06,1.78585e-09,0.000283486,0.0172632,2.89132e-07,43.576,1165.86,-577.311,622.689,operable,
0.00283486,1.37867e-05,2.97805e-06,1.95416e-09,0.000283486,0.0188903,2.89132e-07,47.6829,1165.86,-578.618,621.382,operable,
0.00283486,1.5086e-05,3.25873e-06,2.13834e-09,0.000283486,0.0206706,2.89132e-07,52.1769,1165.86,-579.835,620.165,operable,
0.00283486,1.65078e-05,3.56585e-06,2.33987e-09,0.000283486,0.0226188,2.89132e-07,57.0944,1165.86,-580.97,619.03,operable,
0.00283486,1.80636e-05,3.90192e-06,2.5604e-09,0.000283486,0.0247505,2.89132e-07,62.4754,1165.86,-582.034,617.966,operable,
0.00283486,1.97661e-05,4.26967e-06,2.80171e-09,0.000283486,0.0270832,2.89132e-07,68.3636,1165.86,-583.035,616.965,operable,
0.00283486,2.1629e-05,4.67207e-06,3.06576e-09,0.000283486,0.0296357,2.89132e-07,74.8066,1165.86,-583.981,616.019,operable,
0.00283486,2.36675e-05,5.1124e-06,3.3547e-09,0.000283486,0.0324288,2.89132e-07,81.857,1165.86,-584.88,615.12,operable,
0.00283486,2.58981e-05,5.59424e-06,3.67087e-09,0.000283486,0.0354851,2.89132e-07,89.5718,1165.86,-585.739,614.261,operable,
0.00283486,2.83389e-05,6.12148e-06,4.01685e-09,0.000283486,0.0388295,2.89132e-07,98.0137,1165.86,-586.565,613.435,operable,
0.00283486,3.10098e-05,6.69841e-06,4.39542e-09,0.000283486,0.0424891,2.89132e-07,107.251,1165.86,-587.365,612.635,operable,
0.00283486,3.39323e-05,7.32972e-06,4.80968e-09,0.000283486,0.0464936,2.89132e-07,117.359,1165.86,-588.145,611.855,operable,
0.00283486,3.71304e-05,8.02052e-06,5.26298e-09,0.000283486,0.0508755,2.89132e-07,128.42,1165.86,-588.912,611.088,operable,
0.00283486,4.06298e-05,8.77644e-06,5.759e-09,0.000283486,0.0556703,2.89132e-07,140.523,1165.86,-589.671,610.329,operable,
0.00283486,4.44591e-05,9.60359e-06,6.30177e-09,0.000283486,0.0609171,2.89132e-07,153.767,1165.86,-590.43,609.57,operable,
0.00283486,4.86492e-05,1.05087e-05,6.8957e-09,0.000283486,0.0666584,2.89132e-07,168.26,1165.86,-591.193,608.807,operable,
0.00283486,5.32343e-05,1.14991e-05,7.5456e-09,0.000283486,0.0729408,2.89132e-07,184.118,1165.86,-591.969,608.031,operable,
0.00283486,5.82515e-05,1.25829e-05,8.25675e-09,0.000283486,0.0798152,2.89132e-07,201.47,1165.86,-592.761,607.239,operable,
0.00283486,6.37415e-05,1.37688e-05,9.03493e-09,0.000283486,0.0873376,2.89132e-07,220.458,1165.86,-593.578,606.422,operable,
0.00283486,6.9749e-05,1.50665e-05,9.88644e-09,0.000283486,0.095569,2.89132e-07,241.236,1165.86,-594.426,605.574,operable,
0.00283486,7.63227e-05,1.64864e-05,1.08182e-08,0.000283486,0.104576,2.89132e-07,263.972,1165.86,-595.311,604.689,operable,
0.00283486,8.35159e-05,1.80402e-05,1.18378e-08,0.000283486,0.114432,2.89132e-07,288.85,1165.86,-596.241,603.759,operable,
0.00283486,9.1387e-05,1.97405e-05,1.29535e-08,0.000283486,0.125217,2.89132e-07,316.074,1165.86,-597.223,602.777,operable,
0.00283486,0.0001,2.1601e-05,1.41743e-08,0.000283486,0.137018,2.89132e-07,345.863,1165.86,-598.265,601.735,not operable,FLOODING
0.00322923,2e-07,4.3202e-08,3.22923e-11,0.000322923,0.000312159,3.1536e-07,0.634195,1023.48,357.683,1557.68,not operable,VERY_THIN
0.00322923,2.18849e-07,4.72736e-08,3.53357e-11,0.000322923,0.000341579,3.1536e-07,0.693966,1023.48,276.195,1476.2,not operable,VERY_THIN
0.00322923,2.39475e-07,5.1729e-08,3.8666e-11,0.000322923,0.000373772,3.1536e-07,0.759371,1023.48,201.725,1401.73,not operable,VERY_THIN
0.00322923,2.62045e-07,5.66044e-08,4.23102e-11,0.000322923,0.000408999,3.1536e-07,0.830939,1023.48,133.669,1333.67,not operable,VERY_THIN
0.00322923,2.86742e-07,6.19392e-08,4.62978e-11,0.000322923,0.000447546,3.1536e-07,0.909253,1023.48,71.4742,1271.47,not operable,VERY_THIN
0.00322923,3.13767e-07,6.77768e-08,5.06613e-11,0.000322923,0.000489726,3.1536e-07,0.994948,1023.48,14.6355,1214.64,not operable,VERY_THIN
0.00322923,3.43339e-07,7.41646e-08,5.5436e-11,0.000322923,0.000535881,3.1536e-07,1.08872,1023.48,-37.3083,1162.69,marginal,VERY_THIN
0.00322923,3.75698e-07,8.11544e-08,6.06607e-11,0.000322923,0.000586387,3.1536e-07,1.19133,1023.48,-84.7787,1115.22,marginal,VERY_THIN
0.00322923,4.11106e-07,8.8803e-08,6.63778e-11,0.000322923,0.000641652,3.1536e-07,1.30361,1023.48,-128.161,1071.84,marginal,VERY_THIN
0.00322923,4.49852e-07,9.71724e-08,7.26337e-11,0.000322923,0.000702126,3.1536e-07,1.42647,1023.48,-167.808,1032.19,marginal,VERY_THIN
0.00322923,4.92249e-07,1.06331e-07,7.94793e-11,0.000322923,0.000768299,3.1536e-07,1.56091,1023.48,-204.041,995.959,operable,VERY_THIN
0.00322923,5.38642e-07,1.16352e-07,8.697e-11,0.000322923,0.00084071,3.1536e-07,1.70802,1023.48,-237.154,962.846,operable,VERY_THIN
0.00322923,5.89408e-07,1.27318e-07,9.51666e-11,0.000322923,0.000919944,3.1536e-07,1.869,1023.48,-267.416,932.584,operable,VERY_THIN
0.00322923,6.44958e-07,1.39317e-07,1.04136e-10,0.000322923,0.00100665,3.1536e-07,2.04515,1023.48,-295.072,904.928,operable,VERY_THIN
0.00322923,7.05744e-07,1.52448e-07,1.1395e-10,0.000322923,0.00110152,3.1536e-07,2.2379,1023.48,-320.348,879.652,operable,VERY_THIN
0.00322923,7.72258e-07,1.66815e-07,1.2469e-10,0.000322923,0.00120534,3.1536e-07,2.44881,1023.48,-343.448,856.552,operable,VERY_THIN
0.00322923,8.45042e-07,1.82537e-07,1.36442e-10,0.000322923,0.00131894,3.1536e-07,2.67961,1023.48,-364.559,835.441,operable,VERY_THIN
0.00322923,9.24685e-07,1.99741e-07,1.49301e-10,0.000322923,0.00144324,3.1536e-07,2.93215,1023.48,-383.854,816.146,operable,VERY_THIN
0.00322923,1.01183e-06,2.18566e-07,1.63372e-10,0.000322923,0.00157926,3.1536e-07,3.2085,1023.48,-401.489,798.511,operable,VERY_THIN
0.00322923,1.1072e-06,2.39165e-07,1.78769e-10,0.000322923,0.0017281,3.1536e-07,3.51089,1023.48,-417.607,782.393,operable,VERY_THIN
0.00322923,1.21155e-06,2.61706e-07,1.95618e-10,0.000322923,0.00189097,3.1536e-07,3.84178,1023.48,-432.338,767.662,operable,VERY_THIN
0.00322923,1.32573e-06,2.86371e-07,2.14054e-10,0.000322923,0.00206919,3.1536e-07,4.20386,1023.48,-445.803,754.197,operable,VERY_THIN
0.00322923,1.45068e-06,3.13361e-07,2.34229e-10,0.000322923,0.00226421,3.1536e-07,4.60006,1023.48,-458.11,741.89,operable,VERY_THIN
0.00322923,1.5874e-06,3.42894e-07,2.56304e-10,0.000322923,0.00247761,3.1536e-07,5.03361,1023.48,-469.361,730.639,operable,VERY_THIN
0.00322923,1.73701e-06,3.75211e-07,2.8046e-10,0.000322923,0.00271111,3.1536e-07,5.50801,1023.48,-479.644,720.356,operable,VERY_THIN
0.00322923,1.90072e-06,4.10574e-07,3.06893e-10,0.000322923,0.00296663,3.1536e-07,6.02713,1023.48,-489.046,710.954,operable,VERY_THIN
0.00322923,2.07986e-06,4.49269e-07,3.35816e-10,0.000322923,0.00324623,3.1536e-07,6.59517,1023.48,-497.641,702.359,operable,
0.00322923,2.27588e-06,4.91612e-07,3.67466e-10,0.000322923,0.00355217,3.1536e-07,7.21675,1023.48,-505.499,694.501,operable,
0.00322923,2.49037e-06,5.37945e-07,4.02099e-10,0.000322923,0.00388696,3.1536e-07,7.89691,1023.48,-512.685,687.315,operable,
0.00322923,2.72508e-06,5.88644e-07,4.39996e-10,0.000322923,0.00425329,3.1536e-07,8.64117,1023.48,-519.257,680.743,operable,
0.00322923,2.98191e-06,6.44123e-07,4.81464e-10,0.000322923,0.00465415,3.1536e-07,9.45558,1023.48,-525.267,674.733,operable,
0.00322923,3.26295e-06,7.0483e-07,5.26841e-10,0.000322923,0.00509279,3.1536e-07,10.3467,1023.48,-530.765,669.235,operable,
0.00322923,3.57048e-06,7.71258e-07,5.76494e-10,0.000322923,0.00557278,3.1536e-07,11.3219,1023.48,-535.795,664.205,operable,
0.00322923,3.90698e-06,8.43947e-07,6.30827e-10,0.000322923,0.006098,3.1536e-07,12.3889,1023.48,-540.399,659.601,operable,
0.00322923,4.27521e-06,9.23487e-07,6.90281e-10,0.000322923,0.00667272,3.1536e-07,13.5566,1023.48,-544.613,655.387,operable,
0.00322923,4.67814e-06,1.01052e-06,7.55338e-10,0.000322923,0.0073016,3.1536e-07,14.8342,1023.48,-548.472,651.528,operable,
0.00322923,5.11904e-06,1.10576e-06,8.26527e-10,0.000322923,0.00798976,3.1536e-07,16.2323,1023.48,-552.007,647.993,operable,
0.00322923,5.60149e-06,1.20998e-06,9.04425e-10,0.000322923,0.00874277,3.1536e-07,17.7622,1023.48,-555.246,644.754,operable,
0.00322923,6.12942e-06,1.32401e-06,9.89664e-10,0.000322923,0.00956676,3.1536e-07,19.4362,1023.48,-558.217,641.783,operable,
0.00322923,6.7071e-06,1.4488e-06,1.08294e-09,0.000322923,0.0104684,3.1536e-07,21.268,1023.48,-560.943,639.057,operable,
0.00322923,7.33923e-06,1.58534e-06,1.185e-09,0.000322923,0.011455,3.1536e-07,23.2725,1023.48,-563.446,636.554,operable,
0.00322923,8.03093e-06,1.73476e-06,1.29669e-09,0.000322923,0.0125346,3.1536e-07,25.4659,1023.48,-565.747,634.253,operable,
0.00322923,8.78782e-06,1.89826e-06,1.41889e-09,0.000322923,0.013716,3.1536e-07,27.866,1023.48,-567.865,632.135,operable,
0.00322923,9.61605e-06,2.07716e-06,1.55262e-09,0.000322923,0.0150087,3.1536e-07,30.4923,1023.48,-569.816,630.184,operable,
0.00322923,1.05223e-05,2.27293e-06,1.69895e-09,0.000322923,0.0164232,3.1536e-07,33.3661,1023.48,-571.616,628.384,operable,
0.00322923,1.1514e-05,2.48715e-06,1.85907e-09,0.000322923,0.017971,3.1536e-07,36.5107,1023.48,-573.28,626.72,operable,
0.00322923,1.25992e-05,2.72155e-06,2.03429e-09,0.000322923,0.0196648,3.1536e-07,39.9518,1023.48,-574.821,625.179,operable,
0.00322923,1.37867e-05,2.97805e-06,2.22601e-09,0.000322923,0.0215181,3.1536e-07,43.7171,1023.48,-576.253,623.747,operable,
0.00322923,1.5086e-05,3.25873e-06,2.43581e-09,0.000322923,0.0235461,3.1536e-07,47.8373,1023.48,-577.586,622.414,operable,
0.00322923,1.65078e-05,3.56585e-06,2.66538e-09,0.000322923,0.0257653,3.1536e-07,52.3459,1023.48,-578.832,621.168,operable,
0.00322923,1.80636e-05,3.90192e-06,2.91658e-09,0.000322923,0.0281936,3.1536e-07,57.2794,1023.48,-580,620,operable,
0.00322923,1.97661e-05,4.26967e-06,3.19146e-09,0.000322923,0.0308508,3.1536e-07,62.6778,1023.48,-581.1,618.9,operable,
0.00322923,2.1629e-05,4.67207e-06,3.49225e-09,0.000322923,0.0337584,3.1536e-07,68.585,1023.48,-582.141,617.859,operable,
0.00322923,2.36675e-05,5.1124e-06,3.82138e-09,0.000322923,0.03694,3.1536e-07,75.0489,1023.48,-583.131,616.869,operable,
0.00322923,2.58981e-05,5.59424e-06,4.18154e-09,0.000322923,0.0404215,3.1536e-07,82.1221,1023.48,-584.079,615.921,operable,
0.00322923,2.83389e-05,6.12148e-06,4.57564e-09,0.000322923,0.0442312,3.1536e-07,89.8619,1023.48,-584.992,615.008,operable,
0.00322923,3.10098e-05,6.69841e-06,5.00688e-09,0.000322923,0.0483998,3.1536e-07,98.3312,1023.48,-585.878,614.122,operable,
0.00322923,3.39323e-05,7.32972e-06,5.47876e-09,0.000322923,0.0529614,3.1536e-07,107.599,1023.48,-586.743,613.257,operable,
0.00322923,3.71304e-05,8.02052e-06,5.99512e-09,0.000322923,0.0579529,3.1536e-07,117.739,1023.48,-587.595,612.405,operable,
0.00322923,4.06298e-05,8.77644e-06,6.56015e-09,0.000322923,0.0634148,3.1536e-07,128.836,1023.48,-588.441,611.559,operable,
0.00322923,4.44591e-05,9.60359e-06,7.17842e-09,0.000322923,0.0693914,3.1536e-07,140.979,1023.48,-589.287,610.713,operable,
0.00322923,4.86492e-05,1.05087e-05,7.85497e-09,0.000322923,0.0759314,3.1536e-07,154.265,1023.48,-590.141,609.859,operable,
0.00322923,5.32343e-05,1.14991e-05,8.59528e-09,0.000322923,0.0830877,3.1536e-07,168.805,1023.48,-591.009,608.991,operable,
0.00322923,5.82515e-05,1.25829e-05,9.40537e-09,0.000322923,0.0909185,3.1536e-07,184.714,1023.48,-591.898,608.102,operable,
0.00322923,6.37415e-05,1.37688e-05,1.02918e-08,0.000322923,0.0994874,3.1536e-07,202.123,1023.48,-592.816,607.184,operable,
0.00322923,6.9749e-05,1.50665e-05,1.12618e-08,0.000322923,0.108864,3.1536e-07,221.172,1023.48,-593.77,606.23,operable,
0.00322923,7.63227e-05,1.64864e-05,1.23232e-08,0.000322923,0.119124,3.1536e-07,242.017,1023.48,-594.768,605.232,operable,
0.00322923,8.35159e-05,1.80402e-05,1.34846e-08,0.000322923,0.130351,3.1536e-07,264.827,1023.48,-595.818,604.182,operable,
0.00322923,9.1387e-05,1.97405e-05,1.47555e-08,0.000322923,0.142636,3.1536e-07,289.786,1023.48,-596.928,603.072,operable,
0.00322923,0.0001,2.1601e-05,1.61461e-08,0.000322923,0.156079,3.1536e-07,317.097,1023.48,-598.108,601.892,not operable,FLOODING
0.00367845,2e-07,4.3202e-08,3.67845e-11,0.000367845,0.000355584,3.43968e-07,0.581449,898.489,445.121,1645.12,not operable,VERY_THIN
0.00367845,2.18849e-07,4.72736e-08,4.02514e-11,0.000367845,0.000389097,3.43968e-07,0.636249,898.489,356.24,1556.24,not operable,VERY_THIN
0.00367845,2.39475e-07,5.1729e-08,4.4045e-11,0.000367845,0.000425768,3.43968e-07,0.696214,898.489,275.015,1475.01,not operable,VERY_THIN
0.00367845,2.62045e-07,5.66044e-08,4.81961e-11,0.000367845,0.000465895,3.43968e-07,0.76183,898.489,200.785,1400.78,not operable,VERY_THIN
0.00367845,2.86742e-07,6.19392e-08,5.27384e-11,0.000367845,0.000509805,3.43968e-07,0.833631,898.489,132.948,1332.95,not operable,VERY_THIN
0.00367845,3.13767e-07,6.77768e-08,5.77089e-11,0.000367845,0.000557853,3.43968e-07,0.912198,898.489,70.9526,1270.95,not operable,VERY_THIN
0.00367845,3.43339e-07,7.41646e-08,6.31478e-11,0.000367845,0.000610429,3.43968e-07,0.998171,898.489,14.2966,1214.3,not operable,VERY_THIN
0.00367845,3.75698e-07,8.11544e-08,6.90993e-11,0.000367845,0.00066796,3.43968e-07,1.09225,898.489,-37.4803,1162.52,marginal,VERY_THIN
0.00367845,4.11106e-07,8.8803e-08,7.56117e-11,0.000367845,0.000730914,3.43968e-07,1.19519,898.489,-84.7984,1115.2,marginal,VERY_THIN
0.00367845,4.49852e-07,9.71724e-08,8.2738e-11,0.000367845,0.0007998,3.43968e-07,1.30783,898.489,-128.042,1071.96,marginal,VERY_THIN
0.00367845,4.92249e-07,1.06331e-07,9.05358e-11,0.000367845,0.000875179,3.43968e-07,1.43109,898.489,-167.562,1032.44,marginal,VERY_THIN
0.00367845,5.38642e-07,1.16352e-07,9.90685e-11,0.000367845,0.000957663,3.43968e-07,1.56597,898.489,-203.679,996.321,operable,VERY_THIN
0.00367845,5.89408e-07,1.27318e-07,1.08405e-10,0.000367845,0.00104792,3.43968e-07,1.71355,898.489,-236.686,963.314,operable,VERY_THIN
0.00367845,6.44958e-07,1.39317e-07,1.18622e-10,0.000367845,0.00114668,3.43968e-07,1.87505,898.489,-266.852,933.148,operable,VERY_THIN
0.00367845,7.05744e-07,1.52448e-07,1.29802e-10,0.000367845,0.00125476,3.43968e-07,2.05177,898.489,-294.421,905.579,operable,VERY_THIN
0.00367845,7.72258e-07,1.66815e-07,1.42036e-10,0.000367845,0.00137301,3.43968e-07,2.24514,898.489,-319.616,880.384,operable,VERY_THIN
0.00367845,8.45042e-07,1.82537e-07,1.55422e-10,0.000367845,0.00150242,3.43968e-07,2.45674,898.489,-342.644,857.356,operable,VERY_THIN
0.00367845,9.24685e-07,1.99741e-07,1.7007e-10,0.000367845,0.00164401,3.43968e-07,2.68829,898.489,-363.689,836.311,operable,VERY_THIN
0.00367845,1.01183e-06,2.18566e-07,1.86099e-10,0.000367845,0.00179896,3.43968e-07,2.94165,898.489,-382.924,817.076,operable,VERY_THIN
0.00367845,1.1072e-06,2.39165e-07,2.03638e-10,0.000367845,0.00196851,3.43968e-07,3.21889,898.489,-400.505,799.495,operable,VERY_THIN
0.00367845,1.21155e-06,2.61706e-07,2.22831e-10,0.000367845,0.00215403,3.43968e-07,3.52226,898.489,-416.573,783.427,operable,VERY_THIN
0.00367845,1.32573e-06,2.86371e-07,2.43832e-10,0.000367845,0.00235704,3.43968e-07,3.85423,898.489,-431.26,768.74,operable,VERY_THIN
0.00367845,1.45068e-06,3.13361e-07,2.66813e-10,0.000367845,0.00257919,3.43968e-07,4.21748,898.489,-444.685,755.315,operable,VERY_THIN
0.00367845,1.5874e-06,3.42894e-07,2.91959e-10,0.000367845,0.00282227,3.43968e-07,4.61496,898.489,-456.956,743.044,operable,VERY_THIN
0.00367845,1.73701e-06,3.75211e-07,3.19475e-10,0.000367845,0.00308826,3.43968e-07,5.04991,898.489,-468.174,731.826,operable,VERY_THIN
0.00367845,1.90072e-06,4.10574e-07,3.49585e-10,0.000367845,0.00337932,3.43968e-07,5.52585,898.489,-478.429,721.571,operable,VERY_THIN
0.00367845,2.07986e-06,4.49269e-07,3.82533e-10,0.000367845,0.00369781,3.43968e-07,6.04665,898.489,-487.805,712.195,operable,
0.00367845,2.27588e-06,4.91612e-07,4.18585e-10,0.000367845,0.00404632,3.43968e-07,6.61653,898.489,-496.377,703.623,operable,
0.00367845,2.49037e-06,5.37945e-07,4.58036e-10,0.000367845,0.00442768,3.43968e-07,7.24012,898.489,-504.216,695.784,operable,
0.00367845,2.72508e-06,5.88644e-07,5.01204e-10,0.000367845,0.00484498,3.43968e-07,7.92249,898.489,-511.385,688.615,operable,
0.00367845,2.98191e-06,6.44123e-07,5.48442e-10,0.000367845,0.0053016,3.43968e-07,8.66916,898.489,-517.942,682.058,operable,
0.00367845,3.26295e-06,7.0483e-07,6.00131e-10,0.000367845,0.00580126,3.43968e-07,9.4862,898.489,-523.94,676.06,operable,
0.00367845,3.57048e-06,7.71258e-07,6.56692e-10,0.000367845,0.00634802,3.43968e-07,10.3803,898.489,-529.428,670.572,operable,
0.00367845,3.90698e-06,8.43947e-07,7.18583e-10,0.000367845,0.0069463,3.43968e-07,11.3586,898.489,-534.451,665.549,operable,
0.00367845,4.27521e-06,9.23487e-07,7.86308e-10,0.000367845,0.00760097,3.43968e-07,12.4291,898.489,-539.05,660.95,operable,
0.00367845,4.67814e-06,1.01052e-06,8.60415e-10,0.000367845,0.00831734,3.43968e-07,13.6005,898.489,-543.261,656.739,operable,
0.00367845,5.11904e-06,1.10576e-06,9.41507e-10,0.000367845,0.00910123,3.43968e-07,14.8823,898.489,-547.119,652.881,operable,
0.00367845,5.60149e-06,1.20998e-06,1.03024e-09,0.000367845,0.009959,3.43968e-07,16.2849,898.489,-550.655,649.345,operable,
0.00367845,6.12942e-06,1.32401e-06,1.12734e-09,0.000367845,0.0108976,3.43968e-07,17.8197,898.489,-553.899,646.101,operable,
0.00367845,6.7071e-06,1.4488e-06,1.23359e-09,0.000367845,0.0119247,3.43968e-07,19.4992,898.489,-556.875,643.125,operable,
0.00367845,7.33923e-06,1.58534e-06,1.34985e-09,0.000367845,0.0130485,3.43968e-07,21.3369,898.489,-559.609,640.391,operable,
0.00367845,8.03093e-06,1.73476e-06,1.47707e-09,0.000367845,0.0142783,3.43968e-07,23.3479,898.489,-562.123,637.877,operable,
0.00367845,8.78782e-06,1.89826e-06,1.61628e-09,0.000367845,0.015624,3.43968e-07,25.5484,898.489,-564.436,635.564,operable,
0.00367845,9.61605e-06,2.07716e-06,1.76861e-09,0.000367845,0.0170966,3.43968e-07,27.9562,898.489,-566.569,633.431,operable,
0.00367845,1.05223e-05,2.27293e-06,1.9353e-09,0.000367845,0.0187079,3.43968e-07,30.591,898.489,-568.537,631.463,operable,
0.00367845,1.1514e-05,2.48715e-06,2.11769e-09,0.000367845,0.020471,3.43968e-07,33.4741,898.489,-570.358,629.642,operable,
0.00367845,1.25992e-05,2.72155e-06,2.31728e-09,0.000367845,0.0224004,3.43968e-07,36.629,898.489,-572.046,627.954,operable,
0.00367845,1.37867e-05,2.97805e-06,2.53568e-09,0.000367845,0.0245116,3.43968e-07,40.0812,898.489,-573.614,626.386,operable,
0.00367845,1.5086e-05,3.25873e-06,2.77466e-09,0.000367845,0.0268217,3.43968e-07,43.8587,898.489,-575.075,624.925,operable,
0.00367845,1.65078e-05,3.56585e-06,3.03616e-09,0.000367845,0.0293496,3.43968e-07,47.9923,898.489,-576.442,623.558,operable,
0.00367845,1.80636e-05,3.90192e-06,3.32231e-09,0.000367845,0.0321157,3.43968e-07,52.5154,898.489,-577.724,622.276,operable,
0.00367845,1.97661e-05,4.26967e-06,3.63543e-09,0.000367845,0.0351425,3.43968e-07,57.4649,898.489,-578.934,621.066,operable,
0.00367845,2.1629e-05,4.67207e-06,3.97806e-09,0.000367845,0.0384546,3.43968e-07,62.8808,898.489,-580.08,619.92,operable,
0.00367845,2.36675e-05,5.1124e-06,4.35298e-09,0.000367845,0.0420788,3.43968e-07,68.8072,898.489,-581.172,618.828,operable,
0.00367845,2.58981e-05,5.59424e-06,4.76324e-09,0.000367845,0.0460447,3.43968e-07,75.292,898.489,-582.218,617.782,operable,
0.00367845,2.83389e-05,6.12148e-06,5.21216e-09,0.000367845,0.0503843,3.43968e-07,82.3881,898.489,-583.228,616.772,operable,
0.00367845,3.10098e-05,6.69841e-06,5.7034e-09,0.000367845,0.0551328,3.43968e-07,90.153,898.489,-584.209,615.791,operable,
0.00367845,3.39323e-05,7.32972e-06,6.24093e-09,0.000367845,0.060329,3.43968e-07,98.6497,898.489,-585.169,614.831,operable,
0.00367845,3.71304e-05,8.02052e-06,6.82912e-09,0.000367845,0.0660148,3.43968e-07,107.947,898.489,-586.116,613.884,operable,
0.00367845,4.06298e-05,8.77644e-06,7.47274e-09,0.000367845,0.0722365,3.43968e-07,118.121,898.489,-587.058,612.942,operable,
0.00367845,4.44591e-05,9.60359e-06,8.17703e-09,0.000367845,0.0790446,3.43968e-07,129.253,898.489,-588.003,611.997,operable,
0.00367845,4.86492e-05,1.05087e-05,8.94769e-09,0.000367845,0.0864944,3.43968e-07,141.435,898.489,-588.958,611.042,operable,
0.00367845,5.32343e-05,1.14991e-05,9.79099e-09,0.000367845,0.0946463,3.43968e-07,154.765,898.489,-589.93,610.07,operable,
0.00367845,5.82515e-05,1.25829e-05,1.07138e-08,0.000367845,0.103566,3.43968e-07,169.351,898.489,-590.929,609.071,operable,
0.00367845,6.37415e-05,1.37688e-05,1.17235e-08,0.000367845,0.113327,3.43968e-07,185.312,898.489,-591.961,608.039,operable,
0.00367845,6.9749e-05,1.50665e-05,1.28284e-08,0.000367845,0.124008,3.43968e-07,202.777,898.489,-593.035,606.965,operable,
0.00367845,7.63227e-05,1.64864e-05,1.40375e-08,0.000367845,0.135695,3.43968e-07,221.889,898.489,-594.16,605.84,operable,
0.00367845,8.35159e-05,1.80402e-05,1.53605e-08,0.000367845,0.148484,3.43968e-07,242.801,898.489,-595.346,604.654,operable,
0.00367845,9.1387e-05,1.97405e-05,1.68081e-08,0.000367845,0.162479,3.43968e-07,265.684,898.489,-596.601,603.399,operable,
0.00367845,0.0001,2.1601e-05,1.83923e-08,0.000367845,0.177792,3.43968e-07,290.725,898.489,-597.936,602.064,not operable,FLOODING
0.00419017,2e-07,4.3202e-08,4.19017e-11,0.000419017,0.00040505,3.75171e-07,0.53309,788.762,540.568,1740.57,not operable,VERY_THIN
0.00419017,2.18849e-07,4.72736e-08,4.58508e-11,0.000419017,0.000443225,3.75171e-07,0.583333,788.762,443.624,1643.62,not operable,VERY_THIN
0.00419017,2.39475e-07,5.1729e-08,5.01722e-11,0.000419017,0.000484997,3.75171e-07,0.63831,788.762,355.03,1555.03,not operable,VERY_THIN
0.00419017,2.62045e-07,5.66044e-08,5.49007e-11,0.000419017,0.000530707,3.75171e-07,0.698469,788.762,274.067,1474.07,not operable,VERY_THIN
0.00419017,2.86742e-07,6.19392e-08,6.0075e-11,0.000419017,0.000580725,3.75171e-07,0.764298,788.762,200.075,1400.08,not operable,VERY_THIN
0.00419017,3.13767e-07,6.77768e-08,6.57369e-11,0.000419017,0.000635457,3.75171e-07,0.836331,788.762,132.457,1332.46,not operable,VERY_THIN
0.00419017,3.43339e-07,7.41646e-08,7.19324e-11,0.000419017,0.000695347,3.75171e-07,0.915153,788.762,70.6608,1270.66,not operable,VERY_THIN
0.00419017,3.75698e-07,8.11544e-08,7.87119e-11,0.000419017,0.000760882,3.75171e-07,1.0014,788.762,14.1868,1214.19,marginal,VERY_THIN
0.00419017,4.11106e-07,8.8803e-08,8.61303e-11,0.000419017,0.000832593,3.75171e-07,1.09578,788.762,-37.424,1162.58,marginal,VERY_THIN
0.00419017,4.49852e-07,9.71724e-08,9.42478e-11,0.000419017,0.000911062,3.75171e-07,1.19906,788.762,-84.5905,1115.41,marginal,VERY_THIN
0.00419017,4.92249e-07,1.06331e-07,1.0313e-10,0.000419017,0.000996927,3.75171e-07,1.31207,788.762,-127.696,1072.3,marginal,VERY_THIN
0.00419017,5.38642e-07,1.16352e-07,1.1285e-10,0.000419017,0.00109089,3.75171e-07,1.43573,788.762,-167.089,1032.91,marginal,VERY_THIN
0.00419017,5.89408e-07,1.27318e-07,1.23486e-10,0.000419017,0.0011937,3.75171e-07,1.57104,788.762,-203.091,996.909,operable,VERY_THIN
0.00419017,6.44958e-07,1.39317e-07,1.35124e-10,0.000419017,0.0013062,3.75171e-07,1.7191,788.762,-235.994,964.006,operable,VERY_THIN
0.00419017,7.05744e-07,1.52448e-07,1.47859e-10,0.000419017,0.00142931,3.75171e-07,1.88113,788.762,-266.064,933.936,operable,VERY_THIN
0.00419017,7.72258e-07,1.66815e-07,1.61795e-10,0.000419017,0.00156402,3.75171e-07,2.05842,788.762,-293.546,906.454,operable,VERY_THIN
0.00419017,8.45042e-07,1.82537e-07,1.77043e-10,0.000419017,0.00171142,3.75171e-07,2.25242,788.762,-318.662,881.338,operable,VERY_THIN
0.00419017,9.24685e-07,1.99741e-07,1.93729e-10,0.000419017,0.00187272,3.75171e-07,2.4647,788.762,-341.618,858.382,operable,VERY_THIN
0.00419017,1.01183e-06,2.18566e-07,2.11988e-10,0.000419017,0.00204922,3.75171e-07,2.69699,788.762,-362.598,837.402,operable,VERY_THIN
0.00419017,1.1072e-06,2.39165e-07,2.31967e-10,0.000419017,0.00224235,3.75171e-07,2.95118,788.762,-381.774,818.226,operable,VERY_THIN
0.00419017,1.21155e-06,2.61706e-07,2.53829e-10,0.000419017,0.00245368,3.75171e-07,3.22932,788.762,-399.3,800.7,operable,VERY_THIN
0.00419017,1.32573e-06,2.86371e-07,2.77752e-10,0.000419017,0.00268494,3.75171e-07,3.53367,788.762,-415.32,784.68,operable,VERY_THIN
0.00419017,1.45068e-06,3.13361e-07,3.0393e-10,0.000419017,0.00293799,3.75171e-07,3.86671,788.762,-429.964,770.036,operable,VERY_THIN
0.00419017,1.5874e-06,3.42894e-07,3.32574e-10,0.000419017,0.00321488,3.75171e-07,4.23114,788.762,-443.349,756.651,operable,VERY_THIN
0.00419017,1.73701e-06,3.75211e-07,3.63918e-10,0.000419017,0.00351788,3.75171e-07,4.62991,788.762,-455.585,744.415,operable,VERY_THIN
0.00419017,1.90072e-06,4.10574e-07,3.98217e-10,0.000419017,0.00384943,3.75171e-07,5.06627,788.762,-466.772,733.228,operable,VERY_THIN
0.00419017,2.07986e-06,4.49269e-07,4.35748e-10,0.000419017,0.00421223,3.75171e-07,5.54375,788.762,-476.999,723.001,operable,
0.00419017,2.27588e-06,4.91612e-07,4.76816e-10,0.000419017,0.00460922,3.75171e-07,6.06624,788.762,-486.351,713.649,operable,
0.00419017,2.49037e-06,5.37945e-07,5.21754e-10,0.000419017,0.00504362,3.75171e-07,6.63796,788.762,-494.902,705.098,operable,
0.00419017,2.72508e-06,5.88644e-07,5.70928e-10,0.000419017,0.00551897,3.75171e-07,7.26357,788.762,-502.722,697.278,operable,
0.00419017,2.98191e-06,6.44123e-07,6.24737e-10,0.000419017,0.00603912,3.75171e-07,7.94815,788.762,-509.876,690.124,operable,
0.00419017,3.26295e-06,7.0483e-07,6.83616e-10,0.000419017,0.00660829,3.75171e-07,8.69724,788.762,-516.42,683.58,operable,
0.00419017,3.57048e-06,7.71258e-07,7.48045e-10,0.000419017,0.00723111,3.75171e-07,9.51693,788.762,-522.408,677.592,operable,
0.00419017,3.90698e-06,8.43947e-07,8.18547e-10,0.000419017,0.00791262,3.75171e-07,10.4139,788.762,-527.889,672.111,operable,
0.00419017,4.27521e-06,9.23487e-07,8.95693e-10,0.000419017,0.00865836,3.75171e-07,11.3954,788.762,-532.907,667.093,operable,
0.00419017,4.67814e-06,1.01052e-06,9.80109e-10,0.000419017,0.00947439,3.75171e-07,12.4693,788.762,-537.503,662.497,operable,
0.00419017,5.11904e-06,1.10576e-06,1.07248e-09,0.000419017,0.0103673,3.75171e-07,13.6445,788.762,-541.714,658.286,operable,
0.00419017,5.60149e-06,1.20998e-06,1.17356e-09,0.000419017,0.0113444,3.75171e-07,14.9305,788.762,-545.574,654.426,operable,
0.00419017,6.12942e-06,1.32401e-06,1.28417e-09,0.000419017,0.0124136,3.75171e-07,16.3377,788.762,-549.115,650.885,operable,
0.00419017,6.7071e-06,1.4488e-06,1.40519e-09,0.000419017,0.0135835,3.75171e-07,17.8774,788.762,-552.365,647.635,operable,
0.00419017,7.33923e-06,1.58534e-06,1.53763e-09,0.000419017,0.0148638,3.75171e-07,19.5623,788.762,-555.351,644.649,operable,
0.00419017,8.03093e-06,1.73476e-06,1.68255e-09,0.000419017,0.0162646,3.75171e-07,21.406,788.762,-558.097,641.903,operable,
0.00419017,8.78782e-06,1.89826e-06,1.84112e-09,0.000419017,0.0177975,3.75171e-07,23.4235,788.762,-560.626,639.374,operable,
0.00419017,9.61605e-06,2.07716e-06,2.01465e-09,0.000419017,0.0194749,3.75171e-07,25.6311,788.762,-562.957,637.043,operable,
0.00419017,1.05223e-05,2.27293e-06,2.20452e-09,0.000419017,0.0213104,3.75171e-07,28.0468,788.762,-565.11,634.89,operable,
0.00419017,1.1514e-05,2.48715e-06,2.41229e-09,0.000419017,0.0233188,3.75171e-07,30.6901,788.762,-567.102,632.898,operable,
0.00419017,1.25992e-05,2.72155e-06,2.63964e-09,0.000419017,0.0255165,3.75171e-07,33.5826,788.762,-568.95,631.05,operable,
0.00419017,1.37867e-05,2.97805e-06,2.88842e-09,0.000419017,0.0279214,3.75171e-07,36.7476,788.762,-570.667,629.333,operable,
0.00419017,1.5086e-05,3.25873e-06,3.16065e-09,0.000419017,0.0305529,3.75171e-07,40.211,788.762,-572.27,627.73,operable,
0.00419017,1.65078e-05,3.56585e-06,3.45853e-09,0.000419017,0.0334325,3.75171e-07,44.0008,788.762,-573.769,626.231,operable,
0.00419017,1.80636e-05,3.90192e-06,3.78449e-09,0.000419017,0.0365834,3.75171e-07,48.1478,788.762,-575.179,624.821,operable,
0.00419017,1.97661e-05,4.26967e-06,4.14117e-09,0.000419017,0.0400313,3.75171e-07,52.6856,788.762,-576.509,623.491,operable,
0.00419017,2.1629e-05,4.67207e-06,4.53146e-09,0.000419017,0.0438041,3.75171e-07,57.651,788.762,-577.771,622.229,operable,
0.00419017,2.36675e-05,5.1124e-06,4.95854e-09,0.000419017,0.0479325,3.75171e-07,63.0845,788.762,-578.974,621.026,operable,
0.00419017,2.58981e-05,5.59424e-06,5.42587e-09,0.000419017,0.05245,3.75171e-07,69.03,788.762,-580.13,619.87,operable,
0.00419017,2.83389e-05,6.12148e-06,5.93724e-09,0.000419017,0.0573933,3.75171e-07,75.5359,788.762,-581.247,618.753,operable,
0.00419017,3.10098e-05,6.69841e-06,6.49681e-09,0.000419017,0.0628025,3.75171e-07,82.655,788.762,-582.334,617.666,operable,
0.00419017,3.39323e-05,7.32972e-06,7.10912e-09,0.000419017,0.0687215,3.75171e-07,90.445,788.762,-583.4,616.6,operable,
0.00419017,3.71304e-05,8.02052e-06,7.77913e-09,0.000419017,0.0751983,3.75171e-07,98.9692,788.762,-584.454,615.546,operable,
0.00419017,4.06298e-05,8.77644e-06,8.5123e-09,0.000419017,0.0822855,3.75171e-07,108.297,788.762,-585.504,614.496,operable,
0.00419017,4.44591e-05,9.60359e-06,9.31456e-09,0.000419017,0.0900407,3.75171e-07,118.503,788.762,-586.559,613.441,operable,
0.00419017,4.86492e-05,1.05087e-05,1.01924e-08,0.000419017,0.0985268,3.75171e-07,129.672,788.762,-587.627,612.373,operable,
0.00419017,5.32343e-05,1.14991e-05,1.1153e-08,0.000419017,0.107813,3.75171e-07,141.893,788.762,-588.717,611.283,operable,
0.00419017,5.82515e-05,1.25829e-05,1.22042e-08,0.000419017,0.117974,3.75171e-07,155.266,788.762,-589.838,610.162,operable,
0.00419017,6.37415e-05,1.37688e-05,1.33544e-08,0.000419017,0.129092,3.75171e-07,169.9,788.762,-590.999,609.001,operable,
0.00419017,6.9749e-05,1.50665e-05,1.4613e-08,0.000419017,0.141259,3.75171e-07,185.913,788.762,-592.209,607.791,operable,
0.00419017,7.63227e-05,1.64864e-05,1.59902e-08,0.000419017,0.154572,3.75171e-07,203.434,788.762,-593.479,606.521,operable,
0.00419017,8.35159e-05,1.80402e-05,1.74973e-08,0.000419017,0.16914,3.75171e-07,222.607,788.762,-594.818,605.182,operable,
0.00419017,9.1387e-05,1.97405e-05,1.91464e-08,0.000419017,0.185081,3.75171e-07,243.588,788.762,-596.238,603.762,operable,
0.00419017,0.0001,2.1601e-05,2.09509e-08,0.000419017,0.202525,3.75171e-07,266.545,788.762,-597.749,602.251,not operable,FLOODING
0.00477308,2e-07,4.3202e-08,4.77308e-11,0.000477308,0.000461397,4.09204e-07,0.488753,692.436,644.762,1844.76,not operable,VERY_THIN
0.00477308,2.18849e-07,4.72736e-08,5.22292e-11,0.000477308,0.000504883,4.09204e-07,0.534817,692.436,539.025,1739.02,not operable,VERY_THIN
0.00477308,2.39475e-07,5.1729e-08,5.71517e-11,0.000477308,0.000552467,4.09204e-07,0.585222,692.436,442.394,1642.39,not operable,VERY_THIN
0.00477308,2.62045e-07,5.66044e-08,6.25381e-11,0.000477308,0.000604535,4.09204e-07,0.640378,692.436,354.085,1554.09,not operable,VERY_THIN
0.00477308,2.86742e-07,6.19392e-08,6.84322e-11,0.000477308,0.000661511,4.09204e-07,0.700732,692.436,273.382,1473.38,not operable,VERY_THIN
0.00477308,3.13767e-07,6.77768e-08,7.48817e-11,0.000477308,0.000723857,4.09204e-07,0.766774,692.436,199.629,1399.63,not operable,VERY_THIN
0.00477308,3.43339e-07,7.41646e-08,8.19391e-11,0.000477308,0.000792078,4.09204e-07,0.83904,692.436,132.227,1332.23,not operable,VERY_THIN
0.00477308,3.75698e-07,8.11544e-08,8.96617e-11,0.000477308,0.000866729,4.09204e-07,0.918117,692.436,70.6297,1270.63,not operable,VERY_THIN
0.00477308,4.11106e-07,8.8803e-08,9.8112e-11,0.000477308,0.000948416,4.09204e-07,1.00465,692.436,14.3368,1214.34,marginal,VERY_THIN
0.00477308,4.49852e-07,9.71724e-08,1.07359e-10,0.000477308,0.0010378,4.09204e-07,1.09933,692.436,-37.1087,1162.89,marginal,VERY_THIN
0.00477308,4.92249e-07,1.06331e-07,1.17477e-10,0.000477308,0.00113561,4.09204e-07,1.20294,692.436,-84.1244,1115.88,marginal,VERY_THIN
0.00477308,5.38642e-07,1.16352e-07,1.28549e-10,0.000477308,0.00124264,4.09204e-07,1.31632,692.436,-127.092,1072.91,marginal,VERY_THIN
0.00477308,5.89408e-07,1.27318e-07,1.40664e-10,0.000477308,0.00135976,4.09204e-07,1.44038,692.436,-166.36,1033.64,marginal,VERY_THIN
0.00477308,6.44958e-07,1.39317e-07,1.53922e-10,0.000477308,0.00148791,4.09204e-07,1.57613,692.436,-202.248,997.752,operable,VERY_THIN
0.00477308,7.05744e-07,1.52448e-07,1.68428e-10,0.000477308,0.00162814,4.09204e-07,1.72467,692.436,-235.046,964.954,operable,VERY_THIN
0.00477308,7.72258e-07,1.66815e-07,1.84302e-10,0.000477308,0.00178159,4.09204e-07,1.88722,692.436,-265.021,934.979,operable,VERY_THIN
0.00477308,8.45042e-07,1.82537e-07,2.01672e-10,0.000477308,0.0019495,4.09204e-07,2.06508,692.436,-292.417,907.583,operable,VERY_THIN
0.00477308,9.24685e-07,1.99741e-07,2.20679e-10,0.000477308,0.00213323,4.09204e-07,2.25971,692.436,-317.455,882.545,operable,VERY_THIN
0.00477308,1.01183e-06,2.18566e-07,2.41478e-10,0.000477308,0.00233429,4.09204e-07,2.47269,692.436,-340.34,859.66,operable,VERY_THIN
0.00477308,1.1072e-06,2.39165e-07,2.64237e-10,0.000477308,0.00255429,4.09204e-07,2.70573,692.436,-361.255,838.745,operable,VERY_THIN
0.00477308,1.21155e-06,2.61706e-07,2.8914e-10,0.000477308,0.00279502,4.09204e-07,2.96074,692.436,-380.373,819.627,operable,VERY_THIN
0.00477308,1.32573e-06,2.86371e-07,3.16391e-10,0.000477308,0.00305844,4.09204e-07,3.23978,692.436,-397.847,802.153,operable,VERY_THIN
0.00477308,1.45068e-06,3.13361e-07,3.4621e-10,0.000477308,0.0033467,4.09204e-07,3.54512,692.436,-413.819,786.181,operable,VERY_THIN
0.00477308,1.5874e-06,3.42894e-07,3.78839e-10,0.000477308,0.00366211,4.09204e-07,3.87924,692.436,-428.42,771.58,operable,VERY_THIN
0.00477308,1.73701e-06,3.75211e-07,4.14544e-10,0.000477308,0.00400726,4.09204e-07,4.24485,692.436,-441.767,758.233,operable,VERY_THIN
0.00477308,1.90072e-06,4.10574e-07,4.53613e-10,0.000477308,0.00438493,4.09204e-07,4.64491,692.436,-453.97,746.03,operable,VERY_THIN
0.00477308,2.07986e-06,4.49269e-07,4.96365e-10,0.000477308,0.0047982,4.09204e-07,5.08268,692.436,-465.126,734.874,operable,
0.00477308,2.27588e-06,4.91612e-07,5.43146e-10,0.000477308,0.00525042,4.09204e-07,5.56171,692.436,-475.328,724.672,operable,
0.00477308,2.49037e-06,5.37945e-07,5.94337e-10,0.000477308,0.00574525,4.09204e-07,6.08589,692.436,-484.656,715.344,operable,
0.00477308,2.72508e-06,5.88644e-07,6.50351e-10,0.000477308,0.00628673,4.09204e-07,6.65947,692.436,-493.188,706.812,operable,
0.00477308,2.98191e-06,6.44123e-07,7.11645e-10,0.000477308,0.00687924,4.09204e-07,7.2871,692.436,-500.992,699.008,operable,
0.00477308,3.26295e-06,7.0483e-07,7.78716e-10,0.000477308,0.00752759,4.09204e-07,7.97389,692.436,-508.132,691.868,operable,
0.00477308,3.57048e-06,7.71258e-07,8.52108e-10,0.000477308,0.00823704,4.09204e-07,8.72541,692.436,-514.666,685.334,operable,
0.00477308,3.90698e-06,8.43947e-07,9.32417e-10,0.000477308,0.00901336,4.09204e-07,9.54776,692.436,-520.646,679.354,operable,
0.00477308,4.27521e-06,9.23487e-07,1.02029e-09,0.000477308,0.00986285,4.09204e-07,10.4476,692.436,-526.122,673.878,operable,
0.00477308,4.67814e-06,1.01052e-06,1.11645e-09,0.000477308,0.0107924,4.09204e-07,11.4323,692.436,-531.138,668.862,operable,
0.00477308,5.11904e-06,1.10576e-06,1.22168e-09,0.000477308,0.0118095,4.09204e-07,12.5097,692.436,-535.734,664.266,operable,
0.00477308,5.60149e-06,1.20998e-06,1.33682e-09,0.000477308,0.0129226,4.09204e-07,13.6887,692.436,-539.948,660.052,operable,
0.00477308,6.12942e-06,1.32401e-06,1.46281e-09,0.000477308,0.0141405,4.09204e-07,14.9789,692.436,-543.814,656.186,operable,
0.00477308,6.7071e-06,1.4488e-06,1.60067e-09,0.000477308,0.0154732,4.09204e-07,16.3906,692.436,-547.363,652.637,operable,
0.00477308,7.33923e-06,1.58534e-06,1.75153e-09,0.000477308,0.0169315,4.09204e-07,17.9354,692.436,-550.625,649.375,operable,
0.00477308,8.03093e-06,1.73476e-06,1.91661e-09,0.000477308,0.0185272,4.09204e-07,19.6257,692.436,-553.625,646.375,operable,
0.00477308,8.78782e-06,1.89826e-06,2.09725e-09,0.000477308,0.0202734,4.09204e-07,21.4754,692.436,-556.388,643.612,operable,
0.00477308,9.61605e-06,2.07716e-06,2.29491e-09,0.000477308,0.0221841,4.09204e-07,23.4994,692.436,-558.937,641.063,operable,
0.00477308,1.05223e-05,2.27293e-06,2.5112e-09,0.000477308,0.0242749,4.09204e-07,25.7141,692.436,-561.292,638.708,operable,
0.00477308,1.1514e-05,2.48715e-06,2.74787e-09,0.000477308,0.0265627,4.09204e-07,28.1376,692.436,-563.472,636.528,operable,
0.00477308,1.25992e-05,2.72155e-06,3.00685e-09,0.000477308,0.0290662,4.09204e-07,30.7895,692.436,-565.495,634.505,operable,
0.00477308,1.37867e-05,2.97805e-06,3.29024e-09,0.000477308,0.0318056,4.09204e-07,33.6914,692.436,-567.377,632.623,operable,
0.00477308,1.5086e-05,3.25873e-06,3.60033e-09,0.000477308,0.0348032,4.09204e-07,36.8667,692.436,-569.134,630.866,operable,
0.00477308,1.65078e-05,3.56585e-06,3.93965e-09,0.000477308,0.0380833,4.09204e-07,40.3413,692.436,-570.78,629.22,operable,
0.00477308,1.80636e-05,3.90192e-06,4.31096e-09,0.000477308,0.0416726,4.09204e-07,44.1433,692.436,-572.329,627.671,operable,
0.00477308,1.97661e-05,4.26967e-06,4.71725e-09,0.000477308,0.0456001,4.09204e-07,48.3037,692.436,-573.792,626.208,operable,
0.00477308,2.1629e-05,4.67207e-06,5.16184e-09,0.000477308,0.0498978,4.09204e-07,52.8562,692.436,-575.182,624.818,operable,
0.00477308,2.36675e-05,5.1124e-06,5.64833e-09,0.000477308,0.0546005,4.09204e-07,57.8378,692.436,-576.51,623.49,operable,
0.00477308,2.58981e-05,5.59424e-06,6.18067e-09,0.000477308,0.0597465,4.09204e-07,63.2888,692.436,-577.787,622.213,operable,
0.00477308,2.83389e-05,6.12148e-06,6.76318e-09,0.000477308,0.0653774,4.09204e-07,69.2536,692.436,-579.023,620.977,operable,
0.00477308,3.10098e-05,6.69841e-06,7.4006e-09,0.000477308,0.0715391,4.09204e-07,75.7806,692.436,-580.228,619.772,operable,
0.00477308,3.39323e-05,7.32972e-06,8.09808e-09,0.000477308,0.0782815,4.09204e-07,82.9227,692.436,-581.412,618.588,operable,
0.00477308,3.71304e-05,8.02052e-06,8.8613e-09,0.000477308,0.0856593,4.09204e-07,90.738,692.436,-582.585,617.415,operable,
0.00477308,4.06298e-05,8.77644e-06,9.69646e-09,0.000477308,0.0937324,4.09204e-07,99.2898,692.436,-583.755,616.245,operable,
0.00477308,4.44591e-05,9.60359e-06,1.06103e-08,0.000477308,0.102566,4.09204e-07,108.648,692.436,-584.934,615.066,operable,
0.00477308,4.86492e-05,1.05087e-05,1.16103e-08,0.000477308,0.112233,4.09204e-07,118.887,692.436,-586.13,613.87,operable,
0.00477308,5.32343e-05,1.14991e-05,1.27046e-08,0.000477308,0.122811,4.09204e-07,130.092,692.436,-587.352,612.648,operable,
0.00477308,5.82515e-05,1.25829e-05,1.39019e-08,0.000477308,0.134385,4.09204e-07,142.353,692.436,-588.611,611.389,operable,
0.00477308,6.37415e-05,1.37688e-05,1.52122e-08,0.000477308,0.147051,4.09204e-07,155.769,692.436,-589.918,610.082,operable,
0.00477308,6.9749e-05,1.50665e-05,1.66459e-08,0.000477308,0.16091,4.09204e-07,170.45,692.436,-591.282,608.718,operable,
0.00477308,7.63227e-05,1.64864e-05,1.82147e-08,0.000477308,0.176075,4.09204e-07,186.515,692.436,-592.715,607.285,operable,
0.00477308,8.35159e-05,1.80402e-05,1.99314e-08,0.000477308,0.19267,4.09204e-07,204.093,692.436,-594.228,605.772,operable,
0.00477308,9.1387e-05,1.97405e-05,2.18099e-08,0.000477308,0.210829,4.09204e-07,223.329,692.436,-595.833,604.167,operable,
0.00477308,0.0001,2.1601e-05,2.38654e-08,0.000477308,0.230699,4.09204e-07,244.377,692.436,-597.545,602.455,not operable,FLOODING
0.00543707,2e-07,4.3202e-08,5.43707e-11,0.000543707,0.000525583,4.46325e-07,0.448104,607.873,758.51,1958.51,not operable,VERY_THIN
0.00543707,2.18849e-07,4.72736e-08,5.9495e-11,0.000543707,0.000575118,4.46325e-07,0.490336,607.873,643.18,1843.18,not operable,VERY_THIN
0.00543707,2.39475e-07,5.1729e-08,6.51022e-11,0.000543707,0.000629321,4.46325e-07,0.536549,607.873,537.783,1737.78,not operable,VERY_THIN
0.00543707,2.62045e-07,5.66044e-08,7.12379e-11,0.000543707,0.000688633,4.46325e-07,0.587118,607.873,441.464,1641.46,not operable,VERY_THIN
0.00543707,2.86742e-07,6.19392e-08,7.79519e-11,0.000543707,0.000753535,4.46325e-07,0.642452,607.873,353.439,1553.44,not operable,VERY_THIN
0.00543707,3.13767e-07,6.77768e-08,8.52987e-11,0.000543707,0.000824554,4.46325e-07,0.703001,607.873,272.995,1473,not operable,VERY_THIN
0.00543707,3.43339e-07,7.41646e-08,9.33379e-11,0.000543707,0.000902266,4.46325e-07,0.769257,607.873,199.479,1399.48,not operable,VERY_THIN
0.00543707,3.75698e-07,8.11544e-08,1.02135e-10,0.000543707,0.000987302,4.46325e-07,0.841758,607.873,132.294,1332.29,not operable,VERY_THIN
0.00543707,4.11106e-07,8.8803e-08,1.11761e-10,0.000543707,0.00108035,4.46325e-07,0.921091,607.873,70.8941,1270.89,not operable,VERY_THIN
0.00543707,4.49852e-07,9.71724e-08,1.22294e-10,0.000543707,0.00118217,4.46325e-07,1.0079,607.873,14.7815,1214.78,marginal,VERY_THIN
0.00543707,4.92249e-07,1.06331e-07,1.3382e-10,0.000543707,0.00129359,4.46325e-07,1.10289,607.873,-36.4996,1163.5,marginal,VERY_THIN
0.00543707,5.38642e-07,1.16352e-07,1.46432e-10,0.000543707,0.00141551,4.46325e-07,1.20684,607.873,-83.3653,1116.63,marginal,VERY_THIN
0.00543707,5.89408e-07,1.27318e-07,1.60233e-10,0.000543707,0.00154892,4.46325e-07,1.32058,607.873,-126.196,1073.8,marginal,VERY_THIN
0.00543707,6.44958e-07,1.39317e-07,1.75334e-10,0.000543707,0.0016949,4.46325e-07,1.44504,607.873,-165.34,1034.66,marginal,VERY_THIN
0.00543707,7.05744e-07,1.52448e-07,1.91859e-10,0.000543707,0.00185464,4.46325e-07,1.58123,607.873,-201.114,998.886,operable,VERY_THIN
0.00543707,7.72258e-07,1.66815e-07,2.09941e-10,0.000543707,0.00202943,4.46325e-07,1.73026,607.873,-233.809,966.191,operable,VERY_THIN
0.00543707,8.45042e-07,1.82537e-07,2.29727e-10,0.000543707,0.0022207,4.46325e-07,1.89333,607.873,-263.69,936.31,operable,VERY_THIN
0.00543707,9.24685e-07,1.99741e-07,2.51379e-10,0.000543707,0.00242999,4.46325e-07,2.07177,607.873,-291.001,908.999,operable,VERY_THIN
0.00543707,1.01183e-06,2.18566e-07,2.7507e-10,0.000543707,0.00265901,4.46325e-07,2.26703,607.873,-315.961,884.039,operable,VERY_THIN
0.00543707,1.1072e-06,2.39165e-07,3.00995e-10,0.000543707,0.00290962,4.46325e-07,2.48069,607.873,-338.776,861.224,operable,VERY_THIN
0.00543707,1.21155e-06,2.61706e-07,3.29363e-10,0.000543707,0.00318384,4.46325e-07,2.71449,607.873,-359.628,840.372,operable,VERY_THIN
0.00543707,1.32573e-06,2.86371e-07,3.60405e-10,0.000543707,0.00348391,4.46325e-07,2.97033,607.873,-378.688,821.312,operable,VERY_THIN
0.00543707,1.45068e-06,3.13361e-07,3.94372e-10,0.000543707,0.00381226,4.46325e-07,3.25027,607.873,-396.111,803.889,operable,VERY_THIN
0.00543707,1.5874e-06,3.42894e-07,4.3154e-10,0.000543707,0.00417156,4.46325e-07,3.5566,607.873,-412.037,787.963,operable,VERY_THIN
0.00543707,1.73701e-06,3.75211e-07,4.72212e-10,0.000543707,0.00456472,4.46325e-07,3.8918,607.873,-426.596,773.404,operable,VERY_THIN
0.00543707,1.90072e-06,4.10574e-07,5.16717e-10,0.000543707,0.00499493,4.46325e-07,4.2586,607.873,-439.907,760.093,operable,VERY_THIN
0.00543707,2.07986e-06,4.49269e-07,5.65416e-10,0.000543707,0.00546569,4.46325e-07,4.65996,607.873,-452.077,747.923,operable,
0.00543707,2.27588e-06,4.91612e-07,6.18705e-10,0.000543707,0.00598081,4.46325e-07,5.09915,607.873,-463.205,736.795,operable,
0.00543707,2.49037e-06,5.37945e-07,6.77016e-10,0.000543707,0.00654449,4.46325e-07,5.57973,607.873,-473.382,726.618,operable,
0.00543707,2.72508e-06,5.88644e-07,7.40823e-10,0.000543707,0.00716129,4.46325e-07,6.1056,607.873,-482.69,717.31,operable,
0.00543707,2.98191e-06,6.44123e-07,8.10644e-10,0.000543707,0.00783622,4.46325e-07,6.68104,607.873,-491.204,708.796,operable,
0.00543707,3.26295e-06,7.0483e-07,8.87045e-10,0.000543707,0.00857477,4.46325e-07,7.31071,607.873,-498.994,701.006,operable,
0.00543707,3.57048e-06,7.71258e-07,9.70646e-10,0.000543707,0.00938291,4.46325e-07,7.99972,607.873,-506.123,693.877,operable,
0.00543707,3.90698e-06,8.43947e-07,1.06213e-09,0.000543707,0.0102672,4.46325e-07,8.75367,607.873,-512.649,687.351,operable,
0.00543707,4.27521e-06,9.23487e-07,1.16223e-09,0.000543707,0.0112349,4.46325e-07,9.57869,607.873,-518.624,681.376,operable,
0.00543707,4.67814e-06,1.01052e-06,1.27177e-09,0.000543707,0.0122937,4.46325e-07,10.4815,607.873,-524.098,675.902,operable,
0.00543707,5.11904e-06,1.10576e-06,1.39163e-09,0.000543707,0.0134524,4.46325e-07,11.4693,607.873,-529.115,670.885,operable,
0.00543707,5.60149e-06,1.20998e-06,1.52278e-09,0.000543707,0.0147203,4.46325e-07,12.5503,607.873,-533.715,666.285,operable,
0.00543707,6.12942e-06,1.32401e-06,1.6663e-09,0.000543707,0.0161076,4.46325e-07,13.7331,607.873,-537.936,662.064,operable,
0.00543707,6.7071e-06,1.4488e-06,1.82335e-09,0.000543707,0.0176257,4.46325e-07,15.0274,607.873,-541.812,658.188,operable,
0.00543707,7.33923e-06,1.58534e-06,1.99519e-09,0.000543707,0.0192869,4.46325e-07,16.4437,607.873,-545.375,654.625,operable,
0.00543707,8.03093e-06,1.73476e-06,2.18324e-09,0.000543707,0.0211046,4.46325e-07,17.9935,607.873,-548.653,651.347,operable,
0.00543707,8.78782e-06,1.89826e-06,2.389e-09,0.000543707,0.0230937,4.46325e-07,19.6893,607.873,-551.673,648.327,operable,
0.00543707,9.61605e-06,2.07716e-06,2.61416e-09,0.000543707,0.0252702,4.46325e-07,21.5449,607.873,-554.46,645.54,operable,
0.00543707,1.05223e-05,2.27293e-06,2.86053e-09,0.000543707,0.0276518,4.46325e-07,23.5755,607.873,-557.036,642.964,operable,
0.00543707,1.1514e-05,2.48715e-06,3.13013e-09,0.000543707,0.0302579,4.46325e-07,25.7974,607.873,-559.422,640.578,operable,
0.00543707,1.25992e-05,2.72155e-06,3.42514e-09,0.000543707,0.0331097,4.46325e-07,28.2288,607.873,-561.638,638.362,operable,
0.00543707,1.37867e-05,2.97805e-06,3.74795e-09,0.000543707,0.0362302,4.46325e-07,30.8893,607.873,-563.701,636.299,operable,
0.00543707,1.5086e-05,3.25873e-06,4.10118e-09,0.000543707,0.0396448,4.46325e-07,33.8005,607.873,-565.628,634.372,operable,
0.00543707,1.65078e-05,3.56585e-06,4.48771e-09,0.000543707,0.0433812,4.46325e-07,36.9861,607.873,-567.435,632.565,operable,
0.00543707,1.80636e-05,3.90192e-06,4.91066e-09,0.000543707,0.0474697,4.46325e-07,40.4719,607.873,-569.137,630.863,operable,
0.00543707,1.97661e-05,4.26967e-06,5.37348e-09,0.000543707,0.0519436,4.46325e-07,44.2863,607.873,-570.747,629.253,operable,
0.00543707,2.1629e-05,4.67207e-06,5.87992e-09,0.000543707,0.0568392,4.46325e-07,48.4602,607.873,-572.279,627.721,operable,
0.00543707,2.36675e-05,5.1124e-06,6.43408e-09,0.000543707,0.0621961,4.46325e-07,53.0274,607.873,-573.744,626.256,operable,
0.00543707,2.58981e-05,5.59424e-06,7.04048e-09,0.000543707,0.068058,4.46325e-07,58.0251,607.873,-575.155,624.845,operable,
0.00543707,2.83389e-05,6.12148e-06,7.70402e-09,0.000543707,0.0744722,4.46325e-07,63.4938,607.873,-576.524,623.476,operable,
0.00543707,3.10098e-05,6.69841e-06,8.43011e-09,0.000543707,0.0814911,4.46325e-07,69.478,607.873,-577.86,622.14,operable,
0.00543707,3.39323e-05,7.32972e-06,9.22462e-09,0.000543707,0.0891714,4.46325e-07,76.0261,607.873,-579.176,620.824,operable,
0.00543707,3.71304e-05,8.02052e-06,1.0094e-08,0.000543707,0.0975755,4.46325e-07,83.1913,607.873,-580.482,619.518,operable,
0.00543707,4.06298e-05,8.77644e-06,1.10454e-08,0.000543707,0.106772,4.46325e-07,91.0319,607.873,-581.788,618.212,operable,
0.00543707,4.44591e-05,9.60359e-06,1.20864e-08,0.000543707,0.116835,4.46325e-07,99.6114,607.873,-583.105,616.895,operable,
0.00543707,4.86492e-05,1.05087e-05,1.32255e-08,0.000543707,0.127846,4.46325e-07,109,607.873,-584.444,615.556,operable,
0.00543707,5.32343e-05,1.14991e-05,1.44719e-08,0.000543707,0.139895,4.46325e-07,119.272,607.873,-585.816,614.184,operable,
0.00543707,5.82515e-05,1.25829e-05,1.58359e-08,0.000543707,0.15308,4.46325e-07,130.514,607.873,-587.231,612.769,operable,
0.00543707,6.37415e-05,1.37688e-05,1.73284e-08,0.000543707,0.167507,4.46325e-07,142.814,607.873,-588.702,611.298,operable,
0.00543707,6.9749e-05,1.50665e-05,1.89615e-08,0.000543707,0.183295,4.46325e-07,156.274,607.873,-590.239,609.761,operable,
0.00543707,7.63227e-05,1.64864e-05,2.07486e-08,0.000543707,0.20057,4.46325e-07,171.002,607.873,-591.857,608.143,operable,
0.00543707,8.35159e-05,1.80402e-05,2.27041e-08,0.000543707,0.219473,4.46325e-07,187.119,607.873,-593.567,606.433,operable,
0.00543707,9.1387e-05,1.97405e-05,2.48439e-08,0.000543707,0.240157,4.46325e-07,204.754,607.873,-595.384,604.616,operable,
0.00543707,0.0001,2.1601e-05,2.71853e-08,0.000543707,0.262792,4.46325e-07,224.052,607.873,-597.322,602.678,not operable,FLOODING
0.00619343,2e-07,4.3202e-08,6.19343e-11,0.000619343,0.000598698,4.86813e-07,0.410835,533.638,882.691,2082.69,not operable,VERY_THIN
0.00619343,2.18849e-07,4.72736e-08,6.77715e-11,0.000619343,0.000655124,4.86813e-07,0.449555,533.638,756.9,1956.9,not operable,VERY_THIN
0.00619343,2.39475e-07,5.1729e-08,7.41587e-11,0.000619343,0.000716868,4.86813e-07,0.491925,533.638,641.942,1841.94,not operable,VERY_THIN
0.00619343,2.62045e-07,5.66044e-08,8.1148e-11,0.000619343,0.000784431,4.86813e-07,0.538287,533.638,536.884,1736.88,not operable,VERY_THIN
0.00619343,2.86742e-07,6.19392e-08,8.8796e-11,0.000619343,0.000858361,4.86813e-07,0.58902,533.638,440.874,1640.87,not operable,VERY_THIN
0.00619343,3.13767e-07,6.77768e-08,9.71648e-11,0.000619343,0.000939259,4.86813e-07,0.644533,533.638,353.133,1553.13,not operable,VERY_THIN
0.00619343,3.43339e-07,7.41646e-08,1.06322e-10,0.000619343,0.00102778,4.86813e-07,0.705279,533.638,272.947,1472.95,not operable,VERY_THIN
0.00619343,3.75698e-07,8.11544e-08,1.16343e-10,0.000619343,0.00112465,4.86813e-07,0.771749,533.638,199.667,1399.67,not operable,VERY_THIN
0.00619343,4.11106e-07,8.8803e-08,1.27308e-10,0.000619343,0.00123064,4.86813e-07,0.844485,533.638,132.697,1332.7,not operable,VERY_THIN
0.00619343,4.49852e-07,9.71724e-08,1.39306e-10,0.000619343,0.00134663,4.86813e-07,0.924075,533.638,71.494,1271.49,not operable,VERY_THIN
0.00619343,4.92249e-07,1.06331e-07,1.52436e-10,0.000619343,0.00147354,4.86813e-07,1.01117,533.638,15.5606,1215.56,marginal,VERY_THIN
0.00619343,5.38642e-07,1.16352e-07,1.66802e-10,0.000619343,0.00161242,4.86813e-07,1.10647,533.638,-35.557,1164.44,marginal,VERY_THIN
0.00619343,5.89408e-07,1.27318e-07,1.82523e-10,0.000619343,0.00176439,4.86813e-07,1.21075,533.638,-82.2736,1117.73,marginal,VERY_THIN
0.00619343,6.44958e-07,1.39317e-07,1.99725e-10,0.000619343,0.00193068,4.86813e-07,1.32486,533.638,-124.969,1075.03,marginal,VERY_THIN
0.00619343,7.05744e-07,1.52448e-07,2.18549e-10,0.000619343,0.00211264,4.86813e-07,1.44972,533.638,-163.989,1036.01,marginal,VERY_THIN
0.00619343,7.72258e-07,1.66815e-07,2.39146e-10,0.000619343,0.00231175,4.86813e-07,1.58635,533.638,-199.65,1000.35,operable,VERY_THIN
0.00619343,8.45042e-07,1.82537e-07,2.61685e-10,0.000619343,0.00252963,4.86813e-07,1.73586,533.638,-232.243,967.757,operable,VERY_THIN
0.00619343,9.24685e-07,1.99741e-07,2.86349e-10,0.000619343,0.00276804,4.86813e-07,1.89946,533.638,-262.031,937.969,operable,VERY_THIN
0.00619343,1.01183e-06,2.18566e-07,3.13336e-10,0.000619343,0.00302892,4.86813e-07,2.07848,533.638,-289.257,910.743,operable,VERY_THIN
0.00619343,1.1072e-06,2.39165e-07,3.42867e-10,0.000619343,0.00331438,4.86813e-07,2.27438,533.638,-314.142,885.858,operable,VERY_THIN
0.00619343,1.21155e-06,2.61706e-07,3.75182e-10,0.000619343,0.00362675,4.86813e-07,2.48873,533.638,-336.887,863.113,operable,VERY_THIN
0.00619343,1.32573e-06,2.86371e-07,4.10541e-10,0.000619343,0.00396857,4.86813e-07,2.72329,533.638,-357.677,842.323,operable,VERY_THIN
0.00619343,1.45068e-06,3.13361e-07,4.49234e-10,0.000619343,0.00434259,4.86813e-07,2.97995,533.638,-376.681,823.319,operable,VERY_THIN
0.00619343,1.5874e-06,3.42894e-07,4.91573e-10,0.000619343,0.00475187,4.86813e-07,3.2608,533.638,-394.054,805.946,operable,VERY_THIN
0.00619343,1.73701e-06,3.75211e-07,5.37902e-10,0.000619343,0.00519972,4.86813e-07,3.56812,533.638,-409.935,790.065,operable,VERY_THIN
0.00619343,1.90072e-06,4.10574e-07,5.88598e-10,0.000619343,0.00568978,4.86813e-07,3.90441,533.638,-424.455,775.545,operable,VERY_THIN
0.00619343,2.07986e-06,4.49269e-07,6.44072e-10,0.000619343,0.00622603,4.86813e-07,4.27239,533.638,-437.731,762.269,operable,
0.00619343,2.27588e-06,4.91612e-07,7.04774e-10,0.000619343,0.00681282,4.86813e-07,4.67505,533.638,-449.87,750.13,operable,
0.00619343,2.49037e-06,5.37945e-07,7.71197e-10,0.000619343,0.00745491,4.86813e-07,5.11566,533.638,-460.972,739.028,operable,
0.00619343,2.72508e-06,5.88644e-07,8.43881e-10,0.000619343,0.00815751,4.86813e-07,5.5978,533.638,-471.126,728.874,operable,
0.00619343,2.98191e-06,6.44123e-07,9.23414e-10,0.000619343,0.00892634,4.86813e-07,6.12538,533.638,-480.415,719.585,operable,
0.00619343,3.26295e-06,7.0483e-07,1.01044e-09,0.000619343,0.00976762,4.86813e-07,6.70268,533.638,-488.915,711.085,operable,
0.00619343,3.57048e-06,7.71258e-07,1.10568e-09,0.000619343,0.0106882,4.86813e-07,7.33439,533.638,-496.693,703.307,operable,
0.00619343,3.90698e-06,8.43947e-07,1.20988e-09,0.000619343,0.0116955,4.86813e-07,8.02563,533.638,-503.814,696.186,operable,
0.00619343,4.27521e-06,9.23487e-07,1.32391e-09,0.000619343,0.0127978,4.86813e-07,8.78203,533.638,-510.336,689.664,operable,
0.00619343,4.67814e-06,1.01052e-06,1.44869e-09,0.000619343,0.014004,4.86813e-07,9.60971,533.638,-516.31,683.69,operable,
0.00619343,5.11904e-06,1.10576e-06,1.58522e-09,0.000619343,0.0153238,4.86813e-07,10.5154,533.638,-521.786,678.214,operable,
0.00619343,5.60149e-06,1.20998e-06,1.73462e-09,0.000619343,0.016768,4.86813e-07,11.5065,533.638,-526.808,673.192,operable,
0.00619343,6.12942e-06,1.32401e-06,1.89811e-09,0.000619343,0.0183484,4.86813e-07,12.5909,533.638,-531.417,668.583,operable,
0.00619343,6.7071e-06,1.4488e-06,2.077e-09,0.000619343,0.0200776,4.86813e-07,13.7776,533.638,-535.65,664.35,operable,
0.00619343,7.33923e-06,1.58534e-06,2.27275e-09,0.000619343,0.0219699,4.86813e-07,15.0761,533.638,-539.542,660.458,operable,
0.00619343,8.03093e-06,1.73476e-06,2.48695e-09,0.000619343,0.0240405,4.86813e-07,16.4969,533.638,-543.124,656.876,operable,
0.00619343,8.78782e-06,1.89826e-06,2.72134e-09,0.000619343,0.0263063,4.86813e-07,18.0517,533.638,-546.425,653.575,operable,
0.00619343,9.61605e-06,2.07716e-06,2.97782e-09,0.000619343,0.0287856,4.86813e-07,19.7531,533.638,-549.473,650.527,operable,
0.00619343,1.05223e-05,2.27293e-06,3.25847e-09,0.000619343,0.0314985,4.86813e-07,21.6147,533.638,-552.291,647.709,operable,
0.00619343,1.1514e-05,2.48715e-06,3.56557e-09,0.000619343,0.0344672,4.86813e-07,23.6519,533.638,-554.903,645.097,operable,
0.00619343,1.25992e-05,2.72155e-06,3.90162e-09,0.000619343,0.0377156,4.86813e-07,25.881,533.638,-557.33,642.67,operable,
0.00619343,1.37867e-05,2.97805e-06,4.26933e-09,0.000619343,0.0412702,4.86813e-07,28.3202,533.638,-559.591,640.409,operable,
0.00619343,1.5086e-05,3.25873e-06,4.67171e-09,0.000619343,0.0451598,4.86813e-07,30.9893,533.638,-561.706,638.294,operable,
0.00619343,1.65078e-05,3.56585e-06,5.112e-09,0.000619343,0.049416,4.86813e-07,33.91,533.638,-563.69,636.31,operable,
0.00619343,1.80636e-05,3.90192e-06,5.5938e-09,0.000619343,0.0540734,4.86813e-07,37.1059,533.638,-565.561,634.439,operable,
0.00619343,1.97661e-05,4.26967e-06,6.121e-09,0.000619343,0.0591696,4.86813e-07,40.603,533.638,-567.334,632.666,operable,
0.00619343,2.1629e-05,4.67207e-06,6.69788e-09,0.000619343,0.0647462,4.86813e-07,44.4298,533.638,-569.022,630.978,operable,
0.00619343,2.36675e-05,5.1124e-06,7.32914e-09,0.000619343,0.0708484,4.86813e-07,48.6172,533.638,-570.639,629.361,operable,
0.00619343,2.58981e-05,5.59424e-06,8.0199e-09,0.000619343,0.0775257,4.86813e-07,53.1992,533.638,-572.2,627.8,operable,
0.00619343,2.83389e-05,6.12148e-06,8.77575e-09,0.000619343,0.0848322,4.86813e-07,58.2131,533.638,-573.715,626.285,operable,
0.00619343,3.10098e-05,6.69841e-06,9.60284e-09,0.000619343,0.0928275,4.86813e-07,63.6995,533.638,-575.198,624.802,operable,
0.00619343,3.39323e-05,7.32972e-06,1.05079e-08,0.000619343,0.101576,4.86813e-07,69.703,533.638,-576.661,623.339,operable,
0.00619343,3.71304e-05,8.02052e-06,1.14982e-08,0.000619343,0.111149,4.86813e-07,76.2723,533.638,-578.116,621.884,operable,
0.00619343,4.06298e-05,8.77644e-06,1.25819e-08,0.000619343,0.121625,4.86813e-07,83.4608,533.638,-579.574,620.426,operable,
0.00619343,4.44591e-05,9.60359e-06,1.37677e-08,0.000619343,0.133088,4.86813e-07,91.3268,533.638,-581.047,618.953,operable,
0.00619343,4.86492e-05,1.05087e-05,1.50653e-08,0.000619343,0.145631,4.86813e-07,99.9341,533.638,-582.547,617.453,operable,
0.00619343,5.32343e-05,1.14991e-05,1.64851e-08,0.000619343,0.159356,4.86813e-07,109.353,533.638,-584.086,615.914,operable,
0.00619343,5.82515e-05,1.25829e-05,1.80388e-08,0.000619343,0.174375,4.86813e-07,119.659,533.638,-585.677,614.323,operable,
0.00619343,6.37415e-05,1.37688e-05,1.97389e-08,0.000619343,0.19081,4.86813e-07,130.936,533.638,-587.333,612.667,operable,
0.00619343,6.9749e-05,1.50665e-05,2.15993e-08,0.000619343,0.208793,4.86813e-07,143.277,533.638,-589.067,610.933,operable,
0.00619343,7.63227e-05,1.64864e-05,2.3635e-08,0.000619343,0.228471,4.86813e-07,156.78,533.638,-590.894,609.106,operable,
0.00619343,8.35159e-05,1.80402e-05,2.58625e-08,0.000619343,0.250004,4.86813e-07,171.556,533.638,-592.827,607.173,operable,
0.00619343,9.1387e-05,1.97405e-05,2.83e-08,0.000619343,0.273566,4.86813e-07,187.725,533.638,-594.883,605.117,operable,
0.00619343,0.0001,2.1601e-05,3.09672e-08,0.000619343,0.299349,4.86813e-07,205.418,533.638,-597.079,602.921,not operable,FLOODING
0.00705501,2e-07,4.3202e-08,7.05501e-11,0.000705501,0.000681985,5.30974e-07,0.376666,468.468,1018.27,2218.27,not operable,VERY_THIN
0.00705501,2.18849e-07,4.72736e-08,7.71993e-11,0.000705501,0.00074626,5.30974e-07,0.412166,468.468,881.067,2081.07,not operable,VERY_THIN
0.00705501,2.39475e-07,5.1729e-08,8.44751e-11,0.000705501,0.000816593,5.30974e-07,0.451012,468.468,755.68,1955.68,not operable,VERY_THIN
0.00705501,2.62045e-07,5.66044e-08,9.24367e-11,0.000705501,0.000893555,5.30974e-07,0.493518,468.468,641.092,1841.09,not operable,VERY_THIN
0.00705501,2.86742e-07,6.19392e-08,1.01149e-10,0.000705501,0.00097777,5.30974e-07,0.540031,468.468,536.373,1736.37,not operable,VERY_THIN
0.00705501,3.13767e-07,6.77768e-08,1.10682e-10,0.000705501,0.00106992,5.30974e-07,0.590927,468.468,440.671,1640.67,not operable,VERY_THIN
0.00705501,3.43339e-07,7.41646e-08,1.21113e-10,0.000705501,0.00117076,5.30974e-07,0.646621,468.468,353.212,1553.21,not operable,VERY_THIN
0.00705501,3.75698e-07,8.11544e-08,1.32528e-10,0.000705501,0.0012811,5.30974e-07,0.707563,468.468,273.283,1473.28,not operable,VERY_THIN
0.00705501,4.11106e-07,8.8803e-08,1.45018e-10,0.000705501,0.00140184,5.30974e-07,0.774249,468.468,200.238,1400.24,not operable,VERY_THIN
0.00705501,4.49852e-07,9.71724e-08,1.58686e-10,0.000705501,0.00153396,5.30974e-07,0.84722,468.468,133.482,1333.48,not operable,VERY_THIN
0.00705501,4.92249e-07,1.06331e-07,1.73641e-10,0.000705501,0.00167853,5.30974e-07,0.927068,468.468,72.4746,1272.47,not operable,VERY_THIN
0.00705501,5.38642e-07,1.16352e-07,1.90006e-10,0.000705501,0.00183673,5.30974e-07,1.01444,468.468,16.7194,1216.72,marginal,VERY_THIN
0.00705501,5.89408e-07,1.27318e-07,2.07914e-10,0.000705501,0.00200984,5.30974e-07,1.11005,468.468,-34.2357,1165.76,marginal,VERY_THIN
0.00705501,6.44958e-07,1.39317e-07,2.27509e-10,0.000705501,0.00219926,5.30974e-07,1.21467,468.468,-80.8044,1119.2,marginal,VERY_THIN
0.00705501,7.05744e-07,1.52448e-07,2.48952e-10,0.000705501,0.00240653,5.30974e-07,1.32915,468.468,-123.365,1076.64,marginal,VERY_THIN
0.00705501,7.72258e-07,1.66815e-07,2.72415e-10,0.000705501,0.00263334,5.30974e-07,1.45442,468.468,-162.262,1037.74,marginal,VERY_THIN
0.00705501,8.45042e-07,1.82537e-07,2.98089e-10,0.000705501,0.00288153,5.30974e-07,1.59149,468.468,-197.812,1002.19,operable,VERY_THIN
0.00705501,9.24685e-07,1.99741e-07,3.26183e-10,0.000705501,0.0031531,5.30974e-07,1.74149,468.468,-230.304,969.696,operable,VERY_THIN
0.00705501,1.01183e-06,2.18566e-07,3.56925e-10,0.000705501,0.00345027,5.30974e-07,1.90562,468.468,-260,940,operable,VERY_THIN
0.00705501,1.1072e-06,2.39165e-07,3.90564e-10,0.000705501,0.00377545,5.30974e-07,2.08522,468.468,-287.143,912.857,operable,VERY_THIN
0.00705501,1.21155e-06,2.61706e-07,4.27374e-10,0.000705501,0.00413128,5.30974e-07,2.28174,468.468,-311.953,888.047,operable,VERY_THIN
0.00705501,1.32573e-06,2.86371e-07,4.67653e-10,0.000705501,0.00452064,5.30974e-07,2.49679,468.468,-334.63,865.37,operable,VERY_THIN
0.00705501,1.45068e-06,3.13361e-07,5.11728e-10,0.000705501,0.0049467,5.30974e-07,2.73211,468.468,-355.36,844.64,operable,VERY_THIN
0.00705501,1.5874e-06,3.42894e-07,5.59957e-10,0.000705501,0.00541292,5.30974e-07,2.9896,468.468,-374.309,825.691,operable,VERY_THIN
0.00705501,1.73701e-06,3.75211e-07,6.12731e-10,0.000705501,0.00592307,5.30974e-07,3.27136,468.468,-391.633,808.367,operable,VERY_THIN
0.00705501,1.90072e-06,4.10574e-07,6.7048e-10,0.000705501,0.0064813,5.30974e-07,3.57968,468.468,-407.472,792.528,operable,VERY_THIN
0.00705501,2.07986e-06,4.49269e-07,7.3367e-10,0.000705501,0.00709215,5.30974e-07,3.91706,468.468,-421.954,778.046,operable,
0.00705501,2.27588e-06,4.91612e-07,8.02817e-10,0.000705501,0.00776056,5.30974e-07,4.28623,468.468,-435.197,764.803,operable,
0.00705501,2.49037e-06,5.37945e-07,8.7848e-10,0.000705501,0.00849198,5.30974e-07,4.69019,468.468,-447.308,752.692,operable,
0.00705501,2.72508e-06,5.88644e-07,9.61275e-10,0.000705501,0.00929232,5.30974e-07,5.13223,468.468,-458.386,741.614,operable,
0.00705501,2.98191e-06,6.44123e-07,1.05187e-09,0.000705501,0.0101681,5.30974e-07,5.61593,468.468,-468.52,731.48,operable,
0.00705501,3.26295e-06,7.0483e-07,1.15101e-09,0.000705501,0.0111264,5.30974e-07,6.14522,468.468,-477.794,722.206,operable,
0.00705501,3.57048e-06,7.71258e-07,1.25949e-09,0.000705501,0.0121751,5.30974e-07,6.72439,468.468,-486.281,713.719,operable,
0.00705501,3.90698e-06,8.43947e-07,1.37819e-09,0.000705501,0.0133225,5.30974e-07,7.35815,468.468,-494.052,705.948,operable,
0.00705501,4.27521e-06,9.23487e-07,1.50808e-09,0.000705501,0.0145781,5.30974e-07,8.05163,468.468,-501.169,698.831,operable,
0.00705501,4.67814e-06,1.01052e-06,1.65022e-09,0.000705501,0.0159521,5.30974e-07,8.81048,468.468,-507.689,692.311,operable,
0.00705501,5.11904e-06,1.10576e-06,1.80574e-09,0.000705501,0.0174555,5.30974e-07,9.64084,468.468,-513.667,686.333,operable,
0.00705501,5.60149e-06,1.20998e-06,1.97593e-09,0.000705501,0.0191007,5.30974e-07,10.5495,468.468,-519.15,680.85,operable,
0.00705501,6.12942e-06,1.32401e-06,2.16216e-09,0.000705501,0.0209008,5.30974e-07,11.5437,468.468,-524.182,675.818,operable,
0.00705501,6.7071e-06,1.4488e-06,2.36593e-09,0.000705501,0.0228707,5.30974e-07,12.6317,468.468,-528.806,671.194,operable,
0.00705501,7.33923e-06,1.58534e-06,2.58892e-09,0.000705501,0.0250262,5.30974e-07,13.8222,468.468,-533.058,666.942,operable,
0.00705501,8.03093e-06,1.73476e-06,2.83292e-09,0.000705501,0.0273848,5.30974e-07,15.1249,468.468,-536.972,663.028,operable,
0.00705501,8.78782e-06,1.89826e-06,3.09991e-09,0.000705501,0.0299658,5.30974e-07,16.5504,468.468,-540.581,659.419,operable,
0.00705501,9.61605e-06,2.07716e-06,3.39207e-09,0.000705501,0.03279,5.30974e-07,18.1102,468.468,-543.914,656.086,operable,
0.00705501,1.05223e-05,2.27293e-06,3.71176e-09,0.000705501,0.0358804,5.30974e-07,19.817,468.468,-546.997,653.003,operable,
0.00705501,1.1514e-05,2.48715e-06,4.06159e-09,0.000705501,0.039262,5.30974e-07,21.6848,468.468,-549.857,650.143,operable,
0.00705501,1.25992e-05,2.72155e-06,4.44438e-09,0.000705501,0.0429623,5.30974e-07,23.7285,468.468,-552.516,647.484,operable,
0.00705501,1.37867e-05,2.97805e-06,4.86325e-09,0.000705501,0.0470114,5.30974e-07,25.9648,468.468,-554.995,645.005,operable,
0.00705501,1.5086e-05,3.25873e-06,5.3216e-09,0.000705501,0.0514421,5.30974e-07,28.4119,468.468,-557.316,642.684,operable,
0.00705501,1.65078e-05,3.56585e-06,5.82315e-09,0.000705501,0.0562904,5.30974e-07,31.0897,468.468,-559.496,640.504,operable,
0.00705501,1.80636e-05,3.90192e-06,6.37196e-09,0.000705501,0.0615956,5.30974e-07,34.0198,468.468,-561.553,638.447,operable,
0.00705501,1.97661e-05,4.26967e-06,6.9725e-09,0.000705501,0.0674009,5.30974e-07,37.2261,468.468,-563.504,636.496,operable,
0.00705501,2.1629e-05,4.67207e-06,7.62964e-09,0.000705501,0.0737532,5.30974e-07,40.7346,468.468,-565.366,634.634,operable,
0.00705501,2.36675e-05,5.1124e-06,8.34872e-09,0.000705501,0.0807043,5.30974e-07,44.5737,468.468,-567.152,632.848,operable,
0.00705501,2.58981e-05,5.59424e-06,9.13556e-09,0.000705501,0.0883104,5.30974e-07,48.7746,468.468,-568.878,631.122,operable,
0.00705501,2.83389e-05,6.12148e-06,9.99656e-09,0.000705501,0.0966334,5.30974e-07,53.3715,468.468,-570.558,629.442,operable,
0.00705501,3.10098e-05,6.69841e-06,1.09387e-08,0.000705501,0.105741,5.30974e-07,58.4016,468.468,-572.204,627.796,operable,
0.00705501,3.39323e-05,7.32972e-06,1.19697e-08,0.000705501,0.115707,5.30974e-07,63.9058,468.468,-573.831,626.169,operable,
0.00705501,3.71304e-05,8.02052e-06,1.30978e-08,0.000705501,0.126612,5.30974e-07,69.9288,468.468,-575.452,624.548,operable,
0.00705501,4.06298e-05,8.77644e-06,1.43322e-08,0.000705501,0.138545,5.30974e-07,76.5194,468.468,-577.08,622.92,operable,
0.00705501,4.44591e-05,9.60359e-06,1.5683e-08,0.000705501,0.151602,5.30974e-07,83.7312,468.468,-578.728,621.272,operable,
0.00705501,4.86492e-05,1.05087e-05,1.7161e-08,0.000705501,0.16589,5.30974e-07,91.6226,468.468,-580.409,619.591,operable,
0.00705501,5.32343e-05,1.14991e-05,1.87784e-08,0.000705501,0.181525,5.30974e-07,100.258,468.468,-582.138,617.862,operable,
0.00705501,5.82515e-05,1.25829e-05,2.05482e-08,0.000705501,0.198633,5.30974e-07,109.707,468.468,-583.928,616.072,operable,
0.00705501,6.37415e-05,1.37688e-05,2.24849e-08,0.000705501,0.217354,5.30974e-07,120.046,468.468,-585.793,614.207,operable,
0.00705501,6.9749e-05,1.50665e-05,2.4604e-08,0.000705501,0.237839,5.30974e-07,131.36,468.468,-587.749,612.251,operable,
0.00705501,7.63227e-05,1.64864e-05,2.69229e-08,0.000705501,0.260254,5.30974e-07,143.741,468.468,-589.812,610.188,operable,
0.00705501,8.35159e-05,1.80402e-05,2.94603e-08,0.000705501,0.284783,5.30974e-07,157.288,468.468,-591.999,608.001,operable,
0.00705501,9.1387e-05,1.97405e-05,3.22368e-08,0.000705501,0.311623,5.30974e-07,172.112,468.468,-594.326,605.674,operable,
0.00705501,0.0001,2.1601e-05,3.52751e-08,0.000705501,0.340992,5.30974e-07,188.333,468.468,-596.814,603.186,not operable,FLOODING
0.00803645,2e-07,4.3202e-08,8.03645e-11,0.000803645,0.000776857,5.79141e-07,0.345339,411.257,1166.3,2366.3,not operable,VERY_THIN
0.00803645,2.18849e-07,4.72736e-08,8.79387e-11,0.000803645,0.000850074,5.79141e-07,0.377886,411.257,1016.65,2216.65,not operable,VERY_THIN
0.00803645,2.39475e-07,5.1729e-08,9.62266e-11,0.000803645,0.000930191,5.79141e-07,0.413501,411.257,879.886,2079.89,not operable,VERY_THIN
0.00803645,2.62045e-07,5.66044e-08,1.05296e-10,0.000803645,0.00101786,5.79141e-07,0.452472,411.257,754.903,1954.9,not operable,VERY_THIN
0.00803645,2.86742e-07,6.19392e-08,1.1522e-10,0.000803645,0.00111379,5.79141e-07,0.495117,411.257,640.684,1840.68,not operable,VERY_THIN
0.00803645,3.13767e-07,6.77768e-08,1.26079e-10,0.000803645,0.00121876,5.79141e-07,0.54178,411.257,536.301,1736.3,not operable,VERY_THIN
0.00803645,3.43339e-07,7.41646e-08,1.37961e-10,0.000803645,0.00133363,5.79141e-07,0.592842,411.257,440.907,1640.91,not operable,VERY_THIN
0.00803645,3.75698e-07,8.11544e-08,1.50964e-10,0.000803645,0.00145932,5.79141e-07,0.648715,411.257,353.727,1553.73,not operable,VERY_THIN
0.00803645,4.11106e-07,8.8803e-08,1.65192e-10,0.000803645,0.00159685,5.79141e-07,0.709855,411.257,274.055,1474.06,not operable,VERY_THIN
0.00803645,4.49852e-07,9.71724e-08,1.80761e-10,0.000803645,0.00174735,5.79141e-07,0.776757,411.257,201.243,1401.24,not operable,VERY_THIN
0.00803645,4.92249e-07,1.06331e-07,1.97797e-10,0.000803645,0.00191204,5.79141e-07,0.849964,411.257,134.701,1334.7,not operable,VERY_THIN
0.00803645,5.38642e-07,1.16352e-07,2.16439e-10,0.000803645,0.00209224,5.79141e-07,0.930071,411.257,73.8873,1273.89,not operable,VERY_THIN
0.00803645,5.89408e-07,1.27318e-07,2.36837e-10,0.000803645,0.00228943,5.79141e-07,1.01773,411.257,18.3092,1218.31,marginal,VERY_THIN
0.00803645,6.44958e-07,1.39317e-07,2.59159e-10,0.000803645,0.0025052,5.79141e-07,1.11365,411.257,-32.4846,1167.52,marginal,VERY_THIN
0.00803645,7.05744e-07,1.52448e-07,2.83584e-10,0.000803645,0.00274131,5.79141e-07,1.2186,411.257,-78.9064,1121.09,marginal,VERY_THIN
0.00803645,7.72258e-07,1.66815e-07,3.10311e-10,0.000803645,0.00299967,5.79141e-07,1.33345,411.257,-121.333,1078.67,marginal,VERY_THIN
0.00803645,8.45042e-07,1.82537e-07,3.39557e-10,0.000803645,0.00328238,5.79141e-07,1.45913,411.257,-160.109,1039.89,marginal,VERY_THIN
0.00803645,9.24685e-07,1.99741e-07,3.71559e-10,0.000803645,0.00359174,5.79141e-07,1.59665,411.257,-195.549,1004.45,operable,VERY_THIN
0.00803645,1.01183e-06,2.18566e-07,4.06578e-10,0.000803645,0.00393025,5.79141e-07,1.74713,411.257,-227.941,972.059,operable,VERY_THIN
0.00803645,1.1072e-06,2.39165e-07,4.44896e-10,0.000803645,0.00430067,5.79141e-07,1.91179,411.257,-257.547,942.453,operable,VERY_THIN
0.00803645,1.21155e-06,2.61706e-07,4.86827e-10,0.000803645,0.00470599,5.79141e-07,2.09197,411.257,-284.609,915.391,operable,VERY_THIN
0.00803645,1.32573e-06,2.86371e-07,5.32709e-10,0.000803645,0.00514952,5.79141e-07,2.28913,411.257,-309.345,890.655,operable,VERY_THIN
0.00803645,1.45068e-06,3.13361e-07,5.82915e-10,0.000803645,0.00563485,5.79141e-07,2.50488,411.257,-331.956,868.044,operable,VERY_THIN
0.00803645,1.5874e-06,3.42894e-07,6.37854e-10,0.000803645,0.00616592,5.79141e-07,2.74096,411.257,-352.626,847.374,operable,VERY_THIN
0.00803645,1.73701e-06,3.75211e-07,6.9797e-10,0.000803645,0.00674704,5.79141e-07,2.99929,411.257,-371.524,828.476,operable,VERY_THIN
0.00803645,1.90072e-06,4.10574e-07,7.63751e-10,0.000803645,0.00738293,5.79141e-07,3.28196,411.257,-388.801,811.199,operable,VERY_THIN
0.00803645,2.07986e-06,4.49269e-07,8.35733e-10,0.000803645,0.00807875,5.79141e-07,3.59128,411.257,-404.599,795.401,operable,
0.00803645,2.27588e-06,4.91612e-07,9.14499e-10,0.000803645,0.00884015,5.79141e-07,3.92974,411.257,-419.046,780.954,operable,
0.00803645,2.49037e-06,5.37945e-07,1.00069e-09,0.000803645,0.00967331,5.79141e-07,4.30011,411.257,-432.258,767.742,operable,
0.00803645,2.72508e-06,5.88644e-07,1.095e-09,0.000803645,0.010585,5.79141e-07,4.70539,411.257,-444.344,755.656,operable,
0.00803645,2.98191e-06,6.44123e-07,1.1982e-09,0.000803645,0.0115826,5.79141e-07,5.14886,411.257,-455.401,744.599,operable,
0.00803645,3.26295e-06,7.0483e-07,1.31113e-09,0.000803645,0.0126742,5.79141e-07,5.63412,411.257,-465.519,734.481,operable,
0.00803645,3.57048e-06,7.71258e-07,1.4347e-09,0.000803645,0.0138688,5.79141e-07,6.16512,411.257,-474.78,725.22,operable,
0.00803645,3.90698e-06,8.43947e-07,1.56991e-09,0.000803645,0.0151758,5.79141e-07,6.74617,411.257,-483.26,716.74,operable,
0.00803645,4.27521e-06,9.23487e-07,1.71788e-09,0.000803645,0.0166061,5.79141e-07,7.38198,411.257,-491.027,708.973,operable,
0.00803645,4.67814e-06,1.01052e-06,1.87978e-09,0.000803645,0.0181712,5.79141e-07,8.07771,411.257,-498.144,701.856,operable,
0.00803645,5.11904e-06,1.10576e-06,2.05694e-09,0.000803645,0.0198838,5.79141e-07,8.83902,411.257,-504.669,695.331,operable,
0.00803645,5.60149e-06,1.20998e-06,2.25081e-09,0.000803645,0.0217578,5.79141e-07,9.67207,411.257,-510.655,689.345,operable,
0.00803645,6.12942e-06,1.32401e-06,2.46294e-09,0.000803645,0.0238084,5.79141e-07,10.5836,411.257,-516.151,683.849,operable,
0.00803645,6.7071e-06,1.4488e-06,2.69506e-09,0.000803645,0.0260523,5.79141e-07,11.5811,411.257,-521.201,678.799,operable,
0.00803645,7.33923e-06,1.58534e-06,2.94907e-09,0.000803645,0.0285076,5.79141e-07,12.6726,411.257,-525.846,674.154,operable,
0.00803645,8.03093e-06,1.73476e-06,3.22701e-09,0.000803645,0.0311944,5.79141e-07,13.867,411.257,-530.124,669.876,operable,
0.00803645,8.78782e-06,1.89826e-06,3.53115e-09,0.000803645,0.0341344,5.79141e-07,15.1739,411.257,-534.07,665.93,operable,
0.00803645,9.61605e-06,2.07716e-06,3.86395e-09,0.000803645,0.0373515,5.79141e-07,16.604,411.257,-537.715,662.285,operable,
0.00803645,1.05223e-05,2.27293e-06,4.22811e-09,0.000803645,0.0408718,5.79141e-07,18.1689,411.257,-541.09,658.91,operable,
0.00803645,1.1514e-05,2.48715e-06,4.6266e-09,0.000803645,0.0447238,5.79141e-07,19.8812,411.257,-544.221,655.779,operable,
0.00803645,1.25992e-05,2.72155e-06,5.06265e-09,0.000803645,0.0489389,5.79141e-07,21.755,411.257,-547.134,652.866,operable,
0.00803645,1.37867e-05,2.97805e-06,5.53979e-09,0.000803645,0.0535513,5.79141e-07,23.8053,411.257,-549.853,650.147,operable,
0.00803645,1.5086e-05,3.25873e-06,6.0619e-09,0.000803645,0.0585984,5.79141e-07,26.0489,411.257,-552.4,647.6,operable,
0.00803645,1.65078e-05,3.56585e-06,6.63322e-09,0.000803645,0.0641211,5.79141e-07,28.504,411.257,-554.795,645.205,operable,
0.00803645,1.80636e-05,3.90192e-06,7.25838e-09,0.000803645,0.0701643,5.79141e-07,31.1904,411.257,-557.058,642.942,operable,
0.00803645,1.97661e-05,4.26967e-06,7.94246e-09,0.000803645,0.0767771,5.79141e-07,34.13,411.257,-559.208,640.792,operable,
0.00803645,2.1629e-05,4.67207e-06,8.69102e-09,0.000803645,0.0840132,5.79141e-07,37.3467,411.257,-561.261,638.739,operable,
0.00803645,2.36675e-05,5.1124e-06,9.51013e-09,0.000803645,0.0919312,5.79141e-07,40.8665,411.257,-563.234,636.766,operable,
0.00803645,2.58981e-05,5.59424e-06,1.04064e-08,0.000803645,0.100595,5.79141e-07,44.7181,411.257,-565.144,634.856,operable,
0.00803645,2.83389e-05,6.12148e-06,1.13872e-08,0.000803645,0.110076,5.79141e-07,48.9326,411.257,-567.006,632.994,operable,
0.00803645,3.10098e-05,6.69841e-06,1.24604e-08,0.000803645,0.120451,5.79141e-07,53.5444,411.257,-568.835,631.165,operable,
0.00803645,3.39323e-05,7.32972e-06,1.36348e-08,0.000803645,0.131803,5.79141e-07,58.5908,411.257,-570.645,629.355,operable,
0.00803645,3.71304e-05,8.02052e-06,1.49198e-08,0.000803645,0.144225,5.79141e-07,64.1128,411.257,-572.453,627.547,operable,
0.00803645,4.06298e-05,8.77644e-06,1.6326e-08,0.000803645,0.157818,5.79141e-07,70.1553,411.257,-574.271,625.729,operable,
0.00803645,4.44591e-05,9.60359e-06,1.78647e-08,0.000803645,0.172692,5.79141e-07,76.7673,411.257,-576.115,623.885,operable,
0.00803645,4.86492e-05,1.05087e-05,1.95484e-08,0.000803645,0.188967,5.79141e-07,84.0024,411.257,-578.001,621.999,operable,
0.00803645,5.32343e-05,1.14991e-05,2.13907e-08,0.000803645,0.206777,5.79141e-07,91.9194,411.257,-579.943,620.057,operable,
0.00803645,5.82515e-05,1.25829e-05,2.34068e-08,0.000803645,0.226265,5.79141e-07,100.583,411.257,-581.956,618.044,operable,
0.00803645,6.37415e-05,1.37688e-05,2.56128e-08,0.000803645,0.24759,5.79141e-07,110.062,411.257,-584.059,615.941,operable,
0.00803645,6.9749e-05,1.50665e-05,2.80267e-08,0.000803645,0.270925,5.79141e-07,120.435,411.257,-586.266,613.734,operable,
0.00803645,7.63227e-05,1.64864e-05,3.06682e-08,0.000803645,0.296459,5.79141e-07,131.786,411.257,-588.597,611.403,operable,
0.00803645,8.35159e-05,1.80402e-05,3.35586e-08,0.000803645,0.324399,5.79141e-07,144.206,411.257,-591.07,608.93,operable,
0.00803645,9.1387e-05,1.97405e-05,3.67214e-08,0.000803645,0.354973,5.79141e-07,157.798,411.257,-593.706,606.294,operable,
0.00803645,0.0001,2.1601e-05,4.01823e-08,0.000803645,0.388429,5.79141e-07,172.67,411.257,-596.525,603.475,not operable,FLOODING
0.00915442,2e-07,4.3202e-08,9.15442e-11,0.000915442,0.000884927,6.31677e-07,0.316617,361.033,1327.92,2527.92,not operable,VERY_THIN
0.00915442,2.18849e-07,4.72736e-08,1.00172e-10,0.000915442,0.000968329,6.31677e-07,0.346458,361.033,1164.7,2364.7,not operable,VERY_THIN
0.00915442,2.39475e-07,5.1729e-08,1.09613e-10,0.000915442,0.00105959,6.31677e-07,0.37911,361.033,1015.53,2215.53,not operable,VERY_THIN
0.00915442,2.62045e-07,5.66044e-08,1.19944e-10,0.000915442,0.00115946,6.31677e-07,0.41484,361.033,879.209,2079.21,not operable,VERY_THIN
0.00915442,2.86742e-07,6.19392e-08,1.31248e-10,0.000915442,0.00126873,6.31677e-07,0.453938,361.033,754.628,1954.63,not operable,VERY_THIN
0.00915442,3.13767e-07,6.77768e-08,1.43618e-10,0.000915442,0.00138831,6.31677e-07,0.496721,361.033,640.775,1840.78,not operable,VERY_THIN
0.00915442,3.43339e-07,7.41646e-08,1.57153e-10,0.000915442,0.00151915,6.31677e-07,0.543535,361.033,536.727,1736.73,not operable,VERY_THIN
0.00915442,3.75698e-07,8.11544e-08,1.71965e-10,0.000915442,0.00166233,6.31677e-07,0.594762,361.033,441.639,1641.64,not operable,VERY_THIN
0.00915442,4.11106e-07,8.8803e-08,1.88172e-10,0.000915442,0.001819,6.31677e-07,0.650817,361.033,354.739,1554.74,not operable,VERY_THIN
0.00915442,4.49852e-07,9.71724e-08,2.05907e-10,0.000915442,0.00199043,6.31677e-07,0.712154,361.033,275.322,1475.32,not operable,VERY_THIN
0.00915442,4.92249e-07,1.06331e-07,2.25313e-10,0.000915442,0.00217802,6.31677e-07,0.779273,361.033,202.742,1402.74,not operable,VERY_THIN
0.00915442,5.38642e-07,1.16352e-07,2.46548e-10,0.000915442,0.0023833,6.31677e-07,0.852718,361.033,136.411,1336.41,not operable,VERY_THIN
0.00915442,5.89408e-07,1.27318e-07,2.69784e-10,0.000915442,0.00260792,6.31677e-07,0.933084,361.033,75.7907,1275.79,not operable,VERY_THIN
0.00915442,6.44958e-07,1.39317e-07,2.95211e-10,0.000915442,0.00285371,6.31677e-07,1.02102,361.033,20.3884,1220.39,marginal,VERY_THIN
0.00915442,7.05744e-07,1.52448e-07,3.23034e-10,0.000915442,0.00312266,6.31677e-07,1.11725,361.033,-30.2455,1169.75,marginal,VERY_THIN
0.00915442,7.72258e-07,1.66815e-07,3.53479e-10,0.000915442,0.00341696,6.31677e-07,1.22255,361.033,-76.5218,1123.48,marginal,VERY_THIN
0.00915442,8.45042e-07,1.82537e-07,3.86793e-10,0.000915442,0.003739,6.31677e-07,1.33777,361.033,-118.816,1081.18,marginal,VERY_THIN
0.00915442,9.24685e-07,1.99741e-07,4.23248e-10,0.000915442,0.00409139,6.31677e-07,1.46386,361.033,-157.472,1042.53,marginal,VERY_THIN
0.00915442,1.01183e-06,2.18566e-07,4.63138e-10,0.000915442,0.004477,6.31677e-07,1.60182,361.033,-192.804,1007.2,operable,VERY_THIN
0.00915442,1.1072e-06,2.39165e-07,5.06787e-10,0.000915442,0.00489894,6.31677e-07,1.75279,361.033,-225.097,974.903,operable,VERY_THIN
0.00915442,1.21155e-06,2.61706e-07,5.5455e-10,0.000915442,0.00536065,6.31677e-07,1.91798,361.033,-254.615,945.385,operable,VERY_THIN
0.00915442,1.32573e-06,2.86371e-07,6.06815e-10,0.000915442,0.00586588,6.31677e-07,2.09875,361.033,-281.596,918.404,operable,VERY_THIN
0.00915442,1.45068e-06,3.13361e-07,6.64006e-10,0.000915442,0.00641873,6.31677e-07,2.29655,361.033,-306.261,893.739,operable,VERY_THIN
0.00915442,1.5874e-06,3.42894e-07,7.26587e-10,0.000915442,0.00702367,6.31677e-07,2.51299,361.033,-328.808,871.192,operable,VERY_THIN
0.00915442,1.73701e-06,3.75211e-07,7.95066e-10,0.000915442,0.00768564,6.31677e-07,2.74984,361.033,-349.422,850.578,operable,VERY_THIN
0.00915442,1.90072e-06,4.10574e-07,8.69999e-10,0.000915442,0.00840999,6.31677e-07,3.009,361.033,-368.269,831.731,operable,VERY_THIN
0.00915442,2.07986e-06,4.49269e-07,9.51994e-10,0.000915442,0.00920261,6.31677e-07,3.29259,361.033,-385.502,814.498,operable,
0.00915442,2.27588e-06,4.91612e-07,1.04172e-09,0.000915442,0.0100699,6.31677e-07,3.60291,361.033,-401.262,798.738,operable,
0.00915442,2.49037e-06,5.37945e-07,1.1399e-09,0.000915442,0.011019,6.31677e-07,3.94247,361.033,-415.676,784.324,operable,
0.00915442,2.72508e-06,5.88644e-07,1.24733e-09,0.000915442,0.0120575,6.31677e-07,4.31404,361.033,-428.861,771.139,operable,
0.00915442,2.98191e-06,6.44123e-07,1.36489e-09,0.000915442,0.0131939,6.31677e-07,4.72063,361.033,-440.925,759.075,operable,
0.00915442,3.26295e-06,7.0483e-07,1.49352e-09,0.000915442,0.0144374,6.31677e-07,5.16554,361.033,-451.965,748.035,operable,
0.00915442,3.57048e-06,7.71258e-07,1.63428e-09,0.000915442,0.0157981,6.31677e-07,5.65237,361.033,-462.071,737.929,operable,
0.00915442,3.90698e-06,8.43947e-07,1.78831e-09,0.000915442,0.017287,6.31677e-07,6.18509,361.033,-471.324,728.676,operable,
0.00915442,4.27521e-06,9.23487e-07,1.95685e-09,0.000915442,0.0189162,6.31677e-07,6.76802,361.033,-479.801,720.199,operable,
0.00915442,4.67814e-06,1.01052e-06,2.14128e-09,0.000915442,0.020699,6.31677e-07,7.40589,361.033,-487.569,712.431,operable,
0.00915442,5.11904e-06,1.10576e-06,2.34309e-09,0.000915442,0.0226499,6.31677e-07,8.10388,361.033,-494.692,705.308,operable,
0.00915442,5.60149e-06,1.20998e-06,2.56392e-09,0.000915442,0.0247846,6.31677e-07,8.86765,361.033,-501.228,698.772,operable,
0.00915442,6.12942e-06,1.32401e-06,2.80556e-09,0.000915442,0.0271204,6.31677e-07,9.7034,361.033,-507.23,692.77,operable,
0.00915442,6.7071e-06,1.4488e-06,3.06998e-09,0.000915442,0.0296765,6.31677e-07,10.6179,361.033,-512.746,687.254,operable,
0.00915442,7.33923e-06,1.58534e-06,3.35932e-09,0.000915442,0.0324734,6.31677e-07,11.6186,361.033,-517.822,682.178,operable,
0.00915442,8.03093e-06,1.73476e-06,3.67593e-09,0.000915442,0.0355339,6.31677e-07,12.7137,361.033,-522.497,677.503,operable,
0.00915442,8.78782e-06,1.89826e-06,4.02237e-09,0.000915442,0.0388829,6.31677e-07,13.9119,361.033,-526.812,673.188,operable,
0.00915442,9.61605e-06,2.07716e-06,4.40147e-09,0.000915442,0.0425475,6.31677e-07,15.223,361.033,-530.799,669.201,operable,
0.00915442,1.05223e-05,2.27293e-06,4.8163e-09,0.000915442,0.0465575,6.31677e-07,16.6578,361.033,-534.493,665.507,operable,
0.00915442,1.1514e-05,2.48715e-06,5.27022e-09,0.000915442,0.0509455,6.31677e-07,18.2277,361.033,-537.922,662.078,operable,
0.00915442,1.25992e-05,2.72155e-06,5.76692e-09,0.000915442,0.0557469,6.31677e-07,19.9456,361.033,-541.115,658.885,operable,
0.00915442,1.37867e-05,2.97805e-06,6.31044e-09,0.000915442,0.0610009,6.31677e-07,21.8255,361.033,-544.097,655.903,operable,
0.00915442,1.5086e-05,3.25873e-06,6.90518e-09,0.000915442,0.0667501,6.31677e-07,23.8825,361.033,-546.893,653.107,operable,
0.00915442,1.65078e-05,3.56585e-06,7.55598e-09,0.000915442,0.0730411,6.31677e-07,26.1333,361.033,-549.525,650.475,operable,
0.00915442,1.80636e-05,3.90192e-06,8.26811e-09,0.000915442,0.0799251,6.31677e-07,28.5963,361.033,-552.015,647.985,operable,
0.00915442,1.97661e-05,4.26967e-06,9.04736e-09,0.000915442,0.0874578,6.31677e-07,31.2914,361.033,-554.384,645.616,operable,
0.00915442,2.1629e-05,4.67207e-06,9.90005e-09,0.000915442,0.0957005,6.31677e-07,34.2406,361.033,-556.649,643.351,operable,
0.00915442,2.36675e-05,5.1124e-06,1.08331e-08,0.000915442,0.10472,6.31677e-07,37.4677,361.033,-558.83,641.17,operable,
0.00915442,2.58981e-05,5.59424e-06,1.18541e-08,0.000915442,0.11459,6.31677e-07,40.9989,361.033,-560.944,639.056,operable,
0.00915442,2.83389e-05,6.12148e-06,1.29713e-08,0.000915442,0.125389,6.31677e-07,44.8629,361.033,-563.009,636.991,operable,
0.00915442,3.10098e-05,6.69841e-06,1.41938e-08,0.000915442,0.137207,6.31677e-07,49.0911,361.033,-565.041,634.959,operable,
0.00915442,3.39323e-05,7.32972e-06,1.55315e-08,0.000915442,0.150138,6.31677e-07,53.7178,361.033,-567.057,632.943,operable,
0.00915442,3.71304e-05,8.02052e-06,1.69954e-08,0.000915442,0.164288,6.31677e-07,58.7806,361.033,-569.073,630.927,operable,
0.00915442,4.06298e-05,8.77644e-06,1.85971e-08,0.000915442,0.179772,6.31677e-07,64.3205,361.033,-571.106,628.894,operable,
0.00915442,4.44591e-05,9.60359e-06,2.03499e-08,0.000915442,0.196715,6.31677e-07,70.3826,361.033,-573.171,626.829,operable,
0.00915442,4.86492e-05,1.05087e-05,2.22678e-08,0.000915442,0.215255,6.31677e-07,77.0159,361.033,-575.286,624.714,operable,
0.00915442,5.32343e-05,1.14991e-05,2.43665e-08,0.000915442,0.235542,6.31677e-07,84.2745,361.033,-577.468,622.532,operable,
0.00915442,5.82515e-05,1.25829e-05,2.66629e-08,0.000915442,0.257742,6.31677e-07,92.2171,361.033,-579.735,620.265,operable,
0.00915442,6.37415e-05,1.37688e-05,2.91758e-08,0.000915442,0.282033,6.31677e-07,100.908,361.033,-582.105,617.895,operable,
0.00915442,6.9749e-05,1.50665e-05,3.19256e-08,0.000915442,0.308614,6.31677e-07,110.419,361.033,-584.597,615.403,operable,
0.00915442,7.63227e-05,1.64864e-05,3.49345e-08,0.000915442,0.3377,6.31677e-07,120.825,361.033,-587.231,612.769,operable,
0.00915442,8.35159e-05,1.80402e-05,3.8227e-08,0.000915442,0.369527,6.31677e-07,132.213,361.033,-590.029,609.971,operable,
0.00915442,9.1387e-05,1.97405e-05,4.18298e-08,0.000915442,0.404354,6.31677e-07,144.674,361.033,-593.014,606.986,operable,
0.00915442,0.0001,2.1601e-05,4.57721e-08,0.000915442,0.442464,6.31677e-07,158.309,361.033,-596.21,603.79,not operable,FLOODING
0.0104279,2e-07,4.3202e-08,1.04279e-10,0.00104279,0.00100803,6.8898e-07,0.290284,316.942,1504.4,2704.4,not operable,VERY_THIN
0.0104279,2.18849e-07,4.72736e-08,1.14107e-10,0.00104279,0.00110304,6.8898e-07,0.317643,316.942,1326.37,2526.37,not operable,VERY_THIN
0.0104279,2.39475e-07,5.1729e-08,1.24861e-10,0.00104279,0.00120699,6.8898e-07,0.34758,316.942,1163.67,2363.67,not operable,VERY_THIN
0.0104279,2.62045e-07,5.66044e-08,1.36629e-10,0.00104279,0.00132075,6.8898e-07,0.380338,316.942,1014.98,2214.98,not operable,VERY_THIN
0.0104279,2.86742e-07,6.19392e-08,1.49506e-10,0.00104279,0.00144523,6.8898e-07,0.416184,316.942,879.102,2079.1,not operable,VERY_THIN
0.0104279,3.13767e-07,6.77768e-08,1.63597e-10,0.00104279,0.00158144,6.8898e-07,0.455409,316.942,754.921,1954.92,not operable,VERY_THIN
0.0104279,3.43339e-07,7.41646e-08,1.79015e-10,0.00104279,0.00173048,6.8898e-07,0.49833,316.942,641.434,1841.43,not operable,VERY_THIN
0.0104279,3.75698e-07,8.11544e-08,1.95887e-10,0.00104279,0.00189358,6.8898e-07,0.545296,316.942,537.72,1737.72,not operable,VERY_THIN
0.0104279,4.11106e-07,8.8803e-08,2.14349e-10,0.00104279,0.00207204,6.8898e-07,0.596688,316.942,442.936,1642.94,not operable,VERY_THIN
0.0104279,4.49852e-07,9.71724e-08,2.34551e-10,0.00104279,0.00226732,6.8898e-07,0.652925,316.942,356.314,1556.31,not operable,VERY_THIN
0.0104279,4.92249e-07,1.06331e-07,2.56657e-10,0.00104279,0.00248101,6.8898e-07,0.714461,316.942,277.149,1477.15,not operable,VERY_THIN
0.0104279,5.38642e-07,1.16352e-07,2.80846e-10,0.00104279,0.00271484,6.8898e-07,0.781797,316.942,204.801,1404.8,not operable,VERY_THIN
0.0104279,5.89408e-07,1.27318e-07,3.07315e-10,0.00104279,0.00297071,6.8898e-07,0.85548,316.942,138.68,1338.68,not operable,VERY_THIN
0.0104279,6.44958e-07,1.39317e-07,3.36278e-10,0.00104279,0.00325069,6.8898e-07,0.936106,316.942,78.2512,1278.25,not operable,VERY_THIN
0.0104279,7.05744e-07,1.52448e-07,3.67972e-10,0.00104279,0.00355706,6.8898e-07,1.02433,316.942,23.0232,1223.02,marginal,VERY_THIN
0.0104279,7.72258e-07,1.66815e-07,4.02652e-10,0.00104279,0.0038923,6.8898e-07,1.12087,316.942,-27.4521,1172.55,marginal,VERY_THIN
0.0104279,8.45042e-07,1.82537e-07,4.40601e-10,0.00104279,0.00425914,6.8898e-07,1.22651,316.942,-73.5845,1126.42,marginal,VERY_THIN
0.0104279,9.24685e-07,1.99741e-07,4.82127e-10,0.00104279,0.00466056,6.8898e-07,1.34211,316.942,-115.748,1084.25,marginal,VERY_THIN
0.0104279,1.01183e-06,2.18566e-07,5.27566e-10,0.00104279,0.0050998,6.8898e-07,1.4686,316.942,-154.286,1045.71,marginal,VERY_THIN
0.0104279,1.1072e-06,2.39165e-07,5.77287e-10,0.00104279,0.00558044,6.8898e-07,1.60701,316.942,-189.511,1010.49,operable,VERY_THIN
0.0104279,1.21155e-06,2.61706e-07,6.31695e-10,0.00104279,0.00610639,6.8898e-07,1.75847,316.942,-221.708,978.292,operable,VERY_THIN
0.0104279,1.32573e-06,2.86371e-07,6.91231e-10,0.00104279,0.0066819,6.8898e-07,1.9242,316.942,-251.139,948.861,operable,VERY_THIN
0.0104279,1.45068e-06,3.13361e-07,7.56377e-10,0.00104279,0.00731165,6.8898e-07,2.10555,316.942,-278.042,921.958,operable,VERY_THIN
0.0104279,1.5874e-06,3.42894e-07,8.27664e-10,0.00104279,0.00800075,6.8898e-07,2.30399,316.942,-302.637,897.363,operable,VERY_THIN
0.0104279,1.73701e-06,3.75211e-07,9.05669e-10,0.00104279,0.0087548,6.8898e-07,2.52113,316.942,-325.123,874.877,operable,VERY_THIN
0.0104279,1.90072e-06,4.10574e-07,9.91026e-10,0.00104279,0.00957992,6.8898e-07,2.75874,316.942,-345.683,854.317,operable,VERY_THIN
0.0104279,2.07986e-06,4.49269e-07,1.08443e-09,0.00104279,0.0104828,6.8898e-07,3.01875,316.942,-364.482,835.518,operable,
0.0104279,2.27588e-06,4.91612e-07,1.18663e-09,0.00104279,0.0114708,6.8898e-07,3.30326,316.942,-381.675,818.325,operable,
0.0104279,2.49037e-06,5.37945e-07,1.29847e-09,0.00104279,0.0125519,6.8898e-07,3.61458,316.942,-397.4,802.6,operable,
0.0104279,2.72508e-06,5.88644e-07,1.42085e-09,0.00104279,0.0137348,6.8898e-07,3.95524,316.942,-411.785,788.215,operable,
0.0104279,2.98191e-06,6.44123e-07,1.55476e-09,0.00104279,0.0150293,6.8898e-07,4.32802,316.942,-424.947,775.053,operable,
0.0104279,3.26295e-06,7.0483e-07,1.70129e-09,0.00104279,0.0164458,6.8898e-07,4.73592,316.942,-436.993,763.007,operable,
0.0104279,3.57048e-06,7.71258e-07,1.86163e-09,0.00104279,0.0179958,6.8898e-07,5.18227,316.942,-448.02,751.98,operable,
0.0104279,3.90698e-06,8.43947e-07,2.03708e-09,0.00104279,0.0196918,6.8898e-07,5.67068,316.942,-458.119,741.881,operable,
0.0104279,4.27521e-06,9.23487e-07,2.22907e-09,0.00104279,0.0215477,6.8898e-07,6.20513,316.942,-467.37,732.63,operable,
0.0104279,4.67814e-06,1.01052e-06,2.43916e-09,0.00104279,0.0235785,6.8898e-07,6.78995,316.942,-475.85,724.15,operable,
0.0104279,5.11904e-06,1.10576e-06,2.66904e-09,0.00104279,0.0258008,6.8898e-07,7.42988,316.942,-483.626,716.374,operable,
0.0104279,5.60149e-06,1.20998e-06,2.92059e-09,0.00104279,0.0282324,6.8898e-07,8.13013,316.942,-490.763,709.237,operable,
0.0104279,6.12942e-06,1.32401e-06,3.19585e-09,0.00104279,0.0308932,6.8898e-07,8.89637,316.942,-497.317,702.683,operable,
0.0104279,6.7071e-06,1.4488e-06,3.49705e-09,0.00104279,0.0338048,6.8898e-07,9.73483,316.942,-503.343,696.657,operable,
0.0104279,7.33923e-06,1.58534e-06,3.82664e-09,0.00104279,0.0369909,6.8898e-07,10.6523,316.942,-508.889,691.111,operable,
0.0104279,8.03093e-06,1.73476e-06,4.18729e-09,0.00104279,0.0404772,6.8898e-07,11.6563,316.942,-514,686,operable,
0.0104279,8.78782e-06,1.89826e-06,4.58193e-09,0.00104279,0.044292,6.8898e-07,12.7548,316.942,-518.718,681.282,operable,
0.0104279,9.61605e-06,2.07716e-06,5.01377e-09,0.00104279,0.0484664,6.8898e-07,13.9569,316.942,-523.08,676.92,operable,
0.0104279,1.05223e-05,2.27293e-06,5.4863e-09,0.00104279,0.0530343,6.8898e-07,15.2724,316.942,-527.123,672.877,operable,
0.0104279,1.1514e-05,2.48715e-06,6.00337e-09,0.00104279,0.0580326,6.8898e-07,16.7117,316.942,-530.879,669.121,operable,
0.0104279,1.25992e-05,2.72155e-06,6.56917e-09,0.00104279,0.063502,6.8898e-07,18.2868,316.942,-534.379,665.621,operable,
0.0104279,1.37867e-05,2.97805e-06,7.1883e-09,0.00104279,0.0694869,6.8898e-07,20.0102,316.942,-537.65,662.35,operable,
0.0104279,1.5086e-05,3.25873e-06,7.86578e-09,0.00104279,0.0760359,6.8898e-07,21.8962,316.942,-540.721,659.279,operable,
0.0104279,1.65078e-05,3.56585e-06,8.60711e-09,0.00104279,0.083202,6.8898e-07,23.9598,316.942,-543.615,656.385,operable,
0.0104279,1.80636e-05,3.90192e-06,9.41831e-09,0.00104279,0.0910436,6.8898e-07,26.218,316.942,-546.356,653.644,operable,
0.0104279,1.97661e-05,4.26967e-06,1.0306e-08,0.00104279,0.0996242,6.8898e-07,28.6889,316.942,-548.966,651.034,operable,
0.0104279,2.1629e-05,4.67207e-06,1.12773e-08,0.00104279,0.109014,6.8898e-07,31.3928,316.942,-551.466,648.534,operable,
0.0104279,2.36675e-05,5.1124e-06,1.23401e-08,0.00104279,0.119288,6.8898e-07,34.3515,316.942,-553.878,646.122,operable,
0.0104279,2.58981e-05,5.59424e-06,1.35031e-08,0.00104279,0.13053,6.8898e-07,37.589,316.942,-556.22,643.78,operable,
0.0104279,2.83389e-05,6.12148e-06,1.47758e-08,0.00104279,0.142832,6.8898e-07,41.1317,316.942,-558.511,641.489,operable,
0.0104279,3.10098e-05,6.69841e-06,1.61684e-08,0.00104279,0.156294,6.8898e-07,45.0082,316.942,-560.77,639.23,operable,
0.0104279,3.39323e-05,7.32972e-06,1.76922e-08,0.00104279,0.171024,6.8898e-07,49.2501,316.942,-563.015,636.985,operable,
0.0104279,3.71304e-05,8.02052e-06,1.93596e-08,0.00104279,0.187143,6.8898e-07,53.8918,316.942,-565.265,634.735,operable,
0.0104279,4.06298e-05,8.77644e-06,2.11842e-08,0.00104279,0.204781,6.8898e-07,58.971,316.942,-567.538,632.462,operable,
0.0104279,4.44591e-05,9.60359e-06,2.31808e-08,0.00104279,0.224081,6.8898e-07,64.5289,316.942,-569.852,630.148,operable,
0.0104279,4.86492e-05,1.05087e-05,2.53655e-08,0.00104279,0.2452,6.8898e-07,70.6105,316.942,-572.225,627.775,operable,
0.0104279,5.32343e-05,1.14991e-05,2.77561e-08,0.00104279,0.268309,6.8898e-07,77.2654,316.942,-574.678,625.322,operable,
0.0104279,5.82515e-05,1.25829e-05,3.03721e-08,0.00104279,0.293597,6.8898e-07,84.5475,316.942,-577.231,622.769,operable,
0.0104279,6.37415e-05,1.37688e-05,3.32346e-08,0.00104279,0.321267,6.8898e-07,92.5158,316.942,-579.903,620.097,operable,
0.0104279,6.9749e-05,1.50665e-05,3.63668e-08,0.00104279,0.351546,6.8898e-07,101.235,316.942,-582.717,617.283,operable,
0.0104279,7.63227e-05,1.64864e-05,3.97943e-08,0.00104279,0.384678,6.8898e-07,110.776,316.942,-585.695,614.305,operable,
0.0104279,8.35159e-05,1.80402e-05,4.35448e-08,0.00104279,0.420933,6.8898e-07,121.217,316.942,-588.862,611.138,operable,
0.0104279,9.1387e-05,1.97405e-05,4.76488e-08,0.00104279,0.460605,6.8898e-07,132.641,316.942,-592.243,607.757,operable,
0.0104279,0.0001,2.1601e-05,5.21396e-08,0.00104279,0.504016,6.8898e-07,145.142,316.942,-595.866,604.134,not operable,FLOODING
0.0118786,2e-07,4.3202e-08,1.18786e-10,0.00118786,0.00114826,7.5148e-07,0.266141,278.236,1697.12,2897.12,not operable,VERY_THIN
0.0118786,2.18849e-07,4.72736e-08,1.29981e-10,0.00118786,0.00125648,7.5148e-07,0.291225,278.236,1502.93,2702.93,not operable,VERY_THIN
0.0118786,2.39475e-07,5.1729e-08,1.42231e-10,0.00118786,0.0013749,7.5148e-07,0.318672,278.236,1325.48,2525.48,not operable,VERY_THIN
0.0118786,2.62045e-07,5.66044e-08,1.55636e-10,0.00118786,0.00150448,7.5148e-07,0.348706,278.236,1163.3,2363.3,not operable,VERY_THIN
0.0118786,2.86742e-07,6.19392e-08,1.70304e-10,0.00118786,0.00164628,7.5148e-07,0.38157,278.236,1015.09,2215.09,not operable,VERY_THIN
0.0118786,3.13767e-07,6.77768e-08,1.86355e-10,0.00118786,0.00180143,7.5148e-07,0.417532,278.236,879.643,2079.64,not operable,VERY_THIN
0.0118786,3.43339e-07,7.41646e-08,2.03919e-10,0.00118786,0.00197121,7.5148e-07,0.456884,278.236,755.861,1955.86,not operable,VERY_THIN
0.0118786,3.75698e-07,8.11544e-08,2.23137e-10,0.00118786,0.002157,7.5148e-07,0.499944,278.236,642.737,1842.74,not operable,VERY_THIN
0.0118786,4.11106e-07,8.8803e-08,2.44168e-10,0.00118786,0.00236029,7.5148e-07,0.547062,278.236,539.355,1739.35,not operable,VERY_THIN
0.0118786,4.49852e-07,9.71724e-08,2.6718e-10,0.00118786,0.00258274,7.5148e-07,0.598621,278.236,444.874,1644.87,not operable,VERY_THIN
0.0118786,4.92249e-07,1.06331e-07,2.92361e-10,0.00118786,0.00282615,7.5148e-07,0.65504,278.236,358.527,1558.53,not operable,VERY_THIN
0.0118786,5.38642e-07,1.16352e-07,3.19915e-10,0.00118786,0.00309251,7.5148e-07,0.716776,278.236,279.615,1479.61,not operable,VERY_THIN
0.0118786,5.89408e-07,1.27318e-07,3.50066e-10,0.00118786,0.00338397,7.5148e-07,0.78433,278.236,207.495,1407.5,not operable,VERY_THIN
0.0118786,6.44958e-07,1.39317e-07,3.83059e-10,0.00118786,0.0037029,7.5148e-07,0.858251,278.236,141.583,1341.58,not operable,VERY_THIN
0.0118786,7.05744e-07,1.52448e-07,4.19161e-10,0.00118786,0.00405189,7.5148e-07,0.939139,278.236,81.3444,1281.34,not operable,VERY_THIN
0.0118786,7.72258e-07,1.66815e-07,4.58666e-10,0.00118786,0.00443377,7.5148e-07,1.02765,278.236,26.289,1226.29,marginal,VERY_THIN
0.0118786,8.45042e-07,1.82537e-07,5.01894e-10,0.00118786,0.00485164,7.5148e-07,1.1245,278.236,-24.0296,1175.97,marginal,VERY_THIN
0.0118786,9.24685e-07,1.99741e-07,5.49196e-10,0.00118786,0.0053089,7.5148e-07,1.23048,278.236,-70.0199,1129.98,marginal,VERY_THIN
0.0118786,1.01183e-06,2.18566e-07,6.00957e-10,0.00118786,0.00580925,7.5148e-07,1.34645,278.236,-112.055,1087.94,marginal,VERY_THIN
0.0118786,1.1072e-06,2.39165e-07,6.57595e-10,0.00118786,0.00635675,7.5148e-07,1.47335,278.236,-150.477,1049.52,marginal,VERY_THIN
0.0118786,1.21155e-06,2.61706e-07,7.19572e-10,0.00118786,0.00695586,7.5148e-07,1.61221,278.236,-185.596,1014.4,operable,VERY_THIN
0.0118786,1.32573e-06,2.86371e-07,7.87389e-10,0.00118786,0.00761143,7.5148e-07,1.76416,278.236,-217.699,982.301,operable,VERY_THIN
0.0118786,1.45068e-06,3.13361e-07,8.61599e-10,0.00118786,0.00832879,7.5148e-07,1.93043,278.236,-247.046,952.954,operable,VERY_THIN
0.0118786,1.5874e-06,3.42894e-07,9.42802e-10,0.00118786,0.00911375,7.5148e-07,2.11237,278.236,-273.874,926.126,operable,VERY_THIN
0.0118786,1.73701e-06,3.75211e-07,1.03166e-09,0.00118786,0.0099727,7.5148e-07,2.31145,278.236,-298.403,901.597,operable,VERY_THIN
0.0118786,1.90072e-06,4.10574e-07,1.12889e-09,0.00118786,0.0109126,7.5148e-07,2.5293,278.236,-320.83,879.17,operable,VERY_THIN
0.0118786,2.07986e-06,4.49269e-07,1.23528e-09,0.00118786,0.0119411,7.5148e-07,2.76768,278.236,-341.338,858.662,operable,
0.0118786,2.27588e-06,4.91612e-07,1.35171e-09,0.00118786,0.0130665,7.5148e-07,3.02853,278.236,-360.094,839.906,operable,
0.0118786,2.49037e-06,5.37945e-07,1.4791e-09,0.00118786,0.014298,7.5148e-07,3.31396,278.236,-377.25,822.75,operable,
0.0118786,2.72508e-06,5.88644e-07,1.6185e-09,0.00118786,0.0156455,7.5148e-07,3.62629,278.236,-392.944,807.056,operable,
0.0118786,2.98191e-06,6.44123e-07,1.77104e-09,0.00118786,0.0171201,7.5148e-07,3.96806,278.236,-407.305,792.695,operable,
0.0118786,3.26295e-06,7.0483e-07,1.93796e-09,0.00118786,0.0187336,7.5148e-07,4.34203,278.236,-420.448,779.552,operable,
0.0118786,3.57048e-06,7.71258e-07,2.12061e-09,0.00118786,0.0204992,7.5148e-07,4.75126,278.236,-432.482,767.518,operable,
0.0118786,3.90698e-06,8.43947e-07,2.32047e-09,0.00118786,0.0224312,7.5148e-07,5.19905,278.236,-443.502,756.498,operable,
0.0118786,4.27521e-06,9.23487e-07,2.53917e-09,0.00118786,0.0245453,7.5148e-07,5.68905,278.236,-453.6,746.4,operable,
0.0118786,4.67814e-06,1.01052e-06,2.77848e-09,0.00118786,0.0268586,7.5148e-07,6.22523,278.236,-462.856,737.144,operable,
0.0118786,5.11904e-06,1.10576e-06,3.04034e-09,0.00118786,0.02939,7.5148e-07,6.81194,278.236,-471.346,728.654,operable,
0.0118786,5.60149e-06,1.20998e-06,3.32688e-09,0.00118786,0.0321599,7.5148e-07,7.45395,278.236,-479.138,720.862,operable,
0.0118786,6.12942e-06,1.32401e-06,3.64043e-09,0.00118786,0.0351909,7.5148e-07,8.15646,278.236,-486.297,713.703,operable,
0.0118786,6.7071e-06,1.4488e-06,3.98354e-09,0.00118786,0.0385075,7.5148e-07,8.92519,278.236,-492.88,707.12,operable,
0.0118786,7.33923e-06,1.58534e-06,4.35897e-09,0.00118786,0.0421367,7.5148e-07,9.76636,278.236,-498.94,701.06,operable,
0.0118786,8.03093e-06,1.73476e-06,4.76979e-09,0.00118786,0.046108,7.5148e-07,10.6868,278.236,-504.527,695.473,operable,
0.0118786,8.78782e-06,1.89826e-06,5.21934e-09,0.00118786,0.0504536,7.5148e-07,11.694,278.236,-509.687,690.313,operable,
0.0118786,9.61605e-06,2.07716e-06,5.71124e-09,0.00118786,0.0552087,7.5148e-07,12.7962,278.236,-514.46,685.54,operable,
0.0118786,1.05223e-05,2.27293e-06,6.24951e-09,0.00118786,0.060412,7.5148e-07,14.0022,278.236,-518.886,681.114,operable,
0.0118786,1.1514e-05,2.48715e-06,6.83851e-09,0.00118786,0.0661056,7.5148e-07,15.3218,278.236,-523.001,676.999,operable,
0.0118786,1.25992e-05,2.72155e-06,7.48303e-09,0.00118786,0.0723359,7.5148e-07,16.7659,278.236,-526.838,673.162,operable,
0.0118786,1.37867e-05,2.97805e-06,8.18828e-09,0.00118786,0.0791534,7.5148e-07,18.346,278.236,-530.428,669.572,operable,
0.0118786,1.5086e-05,3.25873e-06,8.96001e-09,0.00118786,0.0866134,7.5148e-07,20.0751,278.236,-533.801,666.199,operable,
0.0118786,1.65078e-05,3.56585e-06,9.80446e-09,0.00118786,0.0947765,7.5148e-07,21.9671,278.236,-536.983,663.017,operable,
0.0118786,1.80636e-05,3.90192e-06,1.07285e-08,0.00118786,0.103709,7.5148e-07,24.0374,278.236,-540.001,659.999,operable,
0.0118786,1.97661e-05,4.26967e-06,1.17396e-08,0.00118786,0.113483,7.5148e-07,26.3029,278.236,-542.879,657.121,operable,
0.0118786,2.1629e-05,4.67207e-06,1.28461e-08,0.00118786,0.124179,7.5148e-07,28.7819,278.236,-545.64,654.36,operable,
0.0118786,2.36675e-05,5.1124e-06,1.40568e-08,0.00118786,0.135882,7.5148e-07,31.4945,278.236,-548.307,651.693,operable,
0.0118786,2.58981e-05,5.59424e-06,1.53816e-08,0.00118786,0.148689,7.5148e-07,34.4628,278.236,-550.902,649.098,operable,
0.0118786,2.83389e-05,6.12148e-06,1.68313e-08,0.00118786,0.162702,7.5148e-07,37.7108,278.236,-553.445,646.555,operable,
0.0118786,3.10098e-05,6.69841e-06,1.84176e-08,0.00118786,0.178037,7.5148e-07,41.2649,278.236,-555.958,644.042,operable,
0.0118786,3.39323e-05,7.32972e-06,2.01534e-08,0.00118786,0.194816,7.5148e-07,45.154,278.236,-558.46,641.54,operable,
0.0118786,3.71304e-05,8.02052e-06,2.20528e-08,0.00118786,0.213177,7.5148e-07,49.4097,278.236,-560.972,639.028,operable,
0.0118786,4.06298e-05,8.77644e-06,2.41312e-08,0.00118786,0.233268,7.5148e-07,54.0664,278.236,-563.514,636.486,operable,
0.0118786,4.44591e-05,9.60359e-06,2.64055e-08,0.00118786,0.255253,7.5148e-07,59.162,278.236,-566.107,633.893,operable,
0.0118786,4.86492e-05,1.05087e-05,2.88941e-08,0.00118786,0.27931,7.5148e-07,64.7379,278.236,-568.773,631.227,operable,
0.0118786,5.32343e-05,1.14991e-05,3.16173e-08,0.00118786,0.305634,7.5148e-07,70.8393,278.236,-571.532,628.468,operable,
0.0118786,5.82515e-05,1.25829e-05,3.45972e-08,0.00118786,0.33444,7.5148e-07,77.5157,278.236,-574.407,625.593,operable,
0.0118786,6.37415e-05,1.37688e-05,3.78579e-08,0.00118786,0.36596,7.5148e-07,84.8213,278.236,-577.421,622.579,operable,
0.0118786,6.9749e-05,1.50665e-05,4.14259e-08,0.00118786,0.40045,7.5148e-07,92.8155,278.236,-580.599,619.401,operable,
0.0118786,7.63227e-05,1.64864e-05,4.53302e-08,0.00118786,0.438192,7.5148e-07,101.563,278.236,-583.967,616.033,operable,
0.0118786,8.35159e-05,1.80402e-05,4.96024e-08,0.00118786,0.47949,7.5148e-07,111.135,278.236,-587.552,612.448,operable,
0.0118786,9.1387e-05,1.97405e-05,5.42773e-08,0.00118786,0.524681,7.5148e-07,121.609,278.236,-591.383,608.617,operable,
0.0118786,0.0001,2.1601e-05,5.93928e-08,0.00118786,0.574131,7.5148e-07,133.071,278.236,-595.491,604.509,not operable,FLOODING
0.013531,2e-07,4.3202e-08,1.3531e-10,0.0013531,0.001308,8.1965e-07,0.244007,244.257,1907.56,3107.56,not operable,VERY_THIN
0.013531,2.18849e-07,4.72736e-08,1.48063e-10,0.0013531,0.00143127,8.1965e-07,0.267004,244.257,1695.77,2895.77,not operable,VERY_THIN
0.013531,2.39475e-07,5.1729e-08,1.62017e-10,0.0013531,0.00156617,8.1965e-07,0.292168,244.257,1502.21,2702.21,not operable,VERY_THIN
0.013531,2.62045e-07,5.66044e-08,1.77287e-10,0.0013531,0.00171377,8.1965e-07,0.319704,244.257,1325.32,2525.32,not operable,VERY_THIN
0.013531,2.86742e-07,6.19392e-08,1.93996e-10,0.0013531,0.00187529,8.1965e-07,0.349835,244.257,1163.66,2363.66,not operable,VERY_THIN
0.013531,3.13767e-07,6.77768e-08,2.12279e-10,0.0013531,0.00205203,8.1965e-07,0.382806,244.257,1015.93,2215.93,not operable,VERY_THIN
0.013531,3.43339e-07,7.41646e-08,2.32286e-10,0.0013531,0.00224543,8.1965e-07,0.418885,244.257,880.919,2080.92,not operable,VERY_THIN
0.013531,3.75698e-07,8.11544e-08,2.54179e-10,0.0013531,0.00245706,8.1965e-07,0.458364,244.257,757.533,1957.53,not operable,VERY_THIN
0.013531,4.11106e-07,8.8803e-08,2.78134e-10,0.0013531,0.00268863,8.1965e-07,0.501563,244.257,644.772,1844.77,not operable,VERY_THIN
0.013531,4.49852e-07,9.71724e-08,3.04348e-10,0.0013531,0.00294203,8.1965e-07,0.548834,244.257,541.719,1741.72,not operable,VERY_THIN
0.013531,4.92249e-07,1.06331e-07,3.33032e-10,0.0013531,0.00321931,8.1965e-07,0.60056,244.257,447.539,1647.54,not operable,VERY_THIN
0.013531,5.38642e-07,1.16352e-07,3.64419e-10,0.0013531,0.00352272,8.1965e-07,0.657162,244.257,361.467,1561.47,not operable,VERY_THIN
0.013531,5.89408e-07,1.27318e-07,3.98765e-10,0.0013531,0.00385472,8.1965e-07,0.719097,244.257,282.804,1482.8,not operable,VERY_THIN
0.013531,6.44958e-07,1.39317e-07,4.36347e-10,0.0013531,0.00421802,8.1965e-07,0.78687,244.257,210.912,1410.91,not operable,VERY_THIN
0.013531,7.05744e-07,1.52448e-07,4.77472e-10,0.0013531,0.00461556,8.1965e-07,0.861031,244.257,145.207,1345.21,not operable,VERY_THIN
0.013531,7.72258e-07,1.66815e-07,5.22472e-10,0.0013531,0.00505056,8.1965e-07,0.942181,244.257,85.156,1285.16,not operable,VERY_THIN
0.013531,8.45042e-07,1.82537e-07,5.71714e-10,0.0013531,0.00552657,8.1965e-07,1.03098,244.257,30.2713,1230.27,marginal,VERY_THIN
0.013531,9.24685e-07,1.99741e-07,6.25596e-10,0.0013531,0.00604743,8.1965e-07,1.12815,244.257,-19.8926,1180.11,marginal,VERY_THIN
0.013531,1.01183e-06,2.18566e-07,6.84557e-10,0.0013531,0.00661738,8.1965e-07,1.23447,244.257,-65.7429,1134.26,marginal,VERY_THIN
0.013531,1.1072e-06,2.39165e-07,7.49075e-10,0.0013531,0.00724105,8.1965e-07,1.35082,244.257,-107.652,1092.35,marginal,VERY_THIN
0.013531,1.21155e-06,2.61706e-07,8.19673e-10,0.0013531,0.0079235,8.1965e-07,1.47813,244.257,-145.959,1054.04,marginal,VERY_THIN
0.013531,1.32573e-06,2.86371e-07,8.96925e-10,0.0013531,0.00867027,8.1965e-07,1.61744,244.257,-180.977,1019.02,operable,VERY_THIN
0.013531,1.45068e-06,3.13361e-07,9.81458e-10,0.0013531,0.00948742,8.1965e-07,1.76988,244.257,-212.988,987.012,operable,VERY_THIN
0.013531,1.5874e-06,3.42894e-07,1.07396e-09,0.0013531,0.0103816,8.1965e-07,1.93668,244.257,-242.253,957.747,operable,VERY_THIN
0.013531,1.73701e-06,3.75211e-07,1.17518e-09,0.0013531,0.01136,8.1965e-07,2.11921,244.257,-269.01,930.99,operable,VERY_THIN
0.013531,1.90072e-06,4.10574e-07,1.28593e-09,0.0013531,0.0124307,8.1965e-07,2.31894,244.257,-293.475,906.525,operable,VERY_THIN
0.013531,2.07986e-06,4.49269e-07,1.40713e-09,0.0013531,0.0136022,8.1965e-07,2.53749,244.257,-315.848,884.152,operable,
0.013531,2.27588e-06,4.91612e-07,1.53975e-09,0.0013531,0.0148842,8.1965e-07,2.77664,244.257,-336.309,863.691,operable,
0.013531,2.49037e-06,5.37945e-07,1.68486e-09,0.0013531,0.016287,8.1965e-07,3.03834,244.257,-355.025,844.975,operable,
0.013531,2.72508e-06,5.88644e-07,1.84366e-09,0.0013531,0.017822,8.1965e-07,3.32469,244.257,-372.148,827.852,operable,
0.013531,2.98191e-06,6.44123e-07,2.01742e-09,0.0013531,0.0195017,8.1965e-07,3.63803,244.257,-387.817,812.183,operable,
0.013531,3.26295e-06,7.0483e-07,2.20755e-09,0.0013531,0.0213397,8.1965e-07,3.98091,244.257,-402.158,797.842,operable,
0.013531,3.57048e-06,7.71258e-07,2.41561e-09,0.0013531,0.0233509,8.1965e-07,4.3561,244.257,-415.29,784.71,operable,
0.013531,3.90698e-06,8.43947e-07,2.64327e-09,0.0013531,0.0255516,8.1965e-07,4.76665,244.257,-427.317,772.683,operable,
0.013531,4.27521e-06,9.23487e-07,2.8924e-09,0.0013531,0.0279598,8.1965e-07,5.21589,244.257,-438.338,761.662,operable,
0.013531,4.67814e-06,1.01052e-06,3.165e-09,0.0013531,0.030595,8.1965e-07,5.70748,244.257,-448.442,751.558,operable,
0.013531,5.11904e-06,1.10576e-06,3.46329e-09,0.0013531,0.0334785,8.1965e-07,6.24539,244.257,-457.711,742.289,operable,
0.013531,5.60149e-06,1.20998e-06,3.78969e-09,0.0013531,0.0366337,8.1965e-07,6.83401,244.257,-466.221,733.779,operable,
0.013531,6.12942e-06,1.32401e-06,4.14686e-09,0.0013531,0.0400863,8.1965e-07,7.47809,244.257,-474.04,725.96,operable,
0.013531,6.7071e-06,1.4488e-06,4.53769e-09,0.0013531,0.0438644,8.1965e-07,8.18288,244.257,-481.232,718.768,operable,
0.013531,7.33923e-06,1.58534e-06,4.96536e-09,0.0013531,0.0479985,8.1965e-07,8.9541,244.257,-487.855,712.145,operable,
0.013531,8.03093e-06,1.73476e-06,5.43333e-09,0.0013531,0.0525222,8.1965e-07,9.798,244.257,-493.963,706.037,operable,
0.013531,8.78782e-06,1.89826e-06,5.94541e-09,0.0013531,0.0574723,8.1965e-07,10.7214,244.257,-499.606,700.394,operable,
0.013531,9.61605e-06,2.07716e-06,6.50575e-09,0.0013531,0.0628889,8.1965e-07,11.7319,244.257,-504.83,695.17,operable,
0.013531,1.05223e-05,2.27293e-06,7.1189e-09,0.0013531,0.068816,8.1965e-07,12.8376,244.257,-509.676,690.324,operable,
0.013531,1.1514e-05,2.48715e-06,7.78984e-09,0.0013531,0.0753017,8.1965e-07,14.0475,244.257,-514.185,685.815,operable,
0.013531,1.25992e-05,2.72155e-06,8.52401e-09,0.0013531,0.0823987,8.1965e-07,15.3715,244.257,-518.392,681.608,operable,
0.013531,1.37867e-05,2.97805e-06,9.32737e-09,0.0013531,0.0901646,8.1965e-07,16.8202,244.257,-522.333,677.667,operable,
0.013531,1.5086e-05,3.25873e-06,1.02065e-08,0.0013531,0.0986624,8.1965e-07,18.4054,244.257,-526.038,673.962,operable,
0.013531,1.65078e-05,3.56585e-06,1.11684e-08,0.0013531,0.107961,8.1965e-07,20.1401,244.257,-529.538,670.462,operable,
0.013531,1.80636e-05,3.90192e-06,1.2221e-08,0.0013531,0.118136,8.1965e-07,22.0382,244.257,-532.862,667.138,operable,
0.013531,1.97661e-05,4.26967e-06,1.33728e-08,0.0013531,0.12927,8.1965e-07,24.1153,244.257,-536.036,663.964,operable,
0.013531,2.1629e-05,4.67207e-06,1.46331e-08,0.0013531,0.141453,8.1965e-07,26.3881,244.257,-539.087,660.913,operable,
0.013531,2.36675e-05,5.1124e-06,1.60122e-08,0.0013531,0.154785,8.1965e-07,28.8751,244.257,-542.038,657.962,operable,
0.013531,2.58981e-05,5.59424e-06,1.75214e-08,0.0013531,0.169373,8.1965e-07,31.5965,244.257,-544.914,655.086,operable,
0.013531,2.83389e-05,6.12148e-06,1.91727e-08,0.0013531,0.185336,8.1965e-07,34.5744,244.257,-547.739,652.261,operable,
0.013531,3.10098e-05,6.69841e-06,2.09797e-08,0.0013531,0.202804,8.1965e-07,37.8329,244.257,-550.535,649.465,operable,
0.013531,3.39323e-05,7.32972e-06,2.2957e-08,0.0013531,0.221917,8.1965e-07,41.3986,244.257,-553.324,646.676,operable,
0.013531,3.71304e-05,8.02052e-06,2.51206e-08,0.0013531,0.242832,8.1965e-07,45.3003,244.257,-556.13,643.87,operable,
0.013531,4.06298e-05,8.77644e-06,2.74881e-08,0.0013531,0.265719,8.1965e-07,49.5697,244.257,-558.976,641.024,operable,
0.013531,4.44591e-05,9.60359e-06,3.00788e-08,0.0013531,0.290762,8.1965e-07,54.2415,244.257,-561.883,638.117,operable,
0.013531,4.86492e-05,1.05087e-05,3.29137e-08,0.0013531,0.318166,8.1965e-07,59.3537,244.257,-564.877,635.123,operable,
0.013531,5.32343e-05,1.14991e-05,3.60157e-08,0.0013531,0.348152,8.1965e-07,64.9476,244.257,-567.981,632.019,operable,
0.013531,5.82515e-05,1.25829e-05,3.94101e-08,0.0013531,0.380964,8.1965e-07,71.0687,244.257,-571.221,628.779,operable,
0.013531,6.37415e-05,1.37688e-05,4.31244e-08,0.0013531,0.416869,8.1965e-07,77.7668,244.257,-574.623,625.377,operable,
0.013531,6.9749e-05,1.50665e-05,4.71887e-08,0.0013531,0.456158,8.1965e-07,85.0961,244.257,-578.213,621.787,operable,
0.013531,7.63227e-05,1.64864e-05,5.16362e-08,0.0013531,0.49915,8.1965e-07,93.1162,244.257,-582.023,617.977,operable,
0.013531,8.35159e-05,1.80402e-05,5.65027e-08,0.0013531,0.546193,8.1965e-07,101.892,244.257,-586.082,613.918,operable,
0.013531,9.1387e-05,1.97405e-05,6.1828e-08,0.0013531,0.59767,8.1965e-07,111.495,244.257,-590.423,609.577,operable,
0.013531,0.0001,2.1601e-05,6.76551e-08,0.0013531,0.653999,8.1965e-07,122.003,244.257,-595.082,604.918,not operable,FLOODING
0.0154133,2e-07,4.3202e-08,1.54133e-10,0.00154133,0.00148996,8.94004e-07,0.223713,214.428,2137.39,3337.39,not operable,VERY_THIN
0.0154133,2.18849e-07,4.72736e-08,1.6866e-10,0.00154133,0.00163038,8.94004e-07,0.244797,214.428,1906.38,3106.38,not operable,VERY_THIN
0.0154133,2.39475e-07,5.1729e-08,1.84556e-10,0.00154133,0.00178404,8.94004e-07,0.267868,214.428,1695.26,2895.26,not operable,VERY_THIN
0.0154133,2.62045e-07,5.66044e-08,2.0195e-10,0.00154133,0.00195218,8.94004e-07,0.293114,214.428,1502.33,2702.33,not operable,VERY_THIN
0.0154133,2.86742e-07,6.19392e-08,2.20983e-10,0.00154133,0.00213617,8.94004e-07,0.32074,214.428,1326.01,2526.01,not operable,VERY_THIN
0.0154133,3.13767e-07,6.77768e-08,2.4181e-10,0.00154133,0.0023375,8.94004e-07,0.350968,214.428,1164.87,2364.87,not operable,VERY_THIN
0.0154133,3.43339e-07,7.41646e-08,2.646e-10,0.00154133,0.0025578,8.94004e-07,0.384046,214.428,1017.61,2217.61,not operable,VERY_THIN
0.0154133,3.75698e-07,8.11544e-08,2.89538e-10,0.00154133,0.00279887,8.94004e-07,0.420242,214.428,883.029,2083.03,not operable,VERY_THIN
0.0154133,4.11106e-07,8.8803e-08,3.16826e-10,0.00154133,0.00306265,8.94004e-07,0.459848,214.428,760.038,1960.04,not operable,VERY_THIN
0.0154133,4.49852e-07,9.71724e-08,3.46686e-10,0.00154133,0.0033513,8.94004e-07,0.503188,214.428,647.636,1847.64,not operable,VERY_THIN
0.0154133,4.92249e-07,1.06331e-07,3.7936e-10,0.00154133,0.00366715,8.94004e-07,0.550612,214.428,544.912,1744.91,not operable,VERY_THIN
0.0154133,5.38642e-07,1.16352e-07,4.15114e-10,0.00154133,0.00401277,8.94004e-07,0.602506,214.428,451.03,1651.03,not operable,VERY_THIN
0.0154133,5.89408e-07,1.27318e-07,4.54238e-10,0.00154133,0.00439096,8.94004e-07,0.65929,214.428,365.231,1565.23,not operable,VERY_THIN
0.0154133,6.44958e-07,1.39317e-07,4.97048e-10,0.00154133,0.0048048,8.94004e-07,0.721427,214.428,286.816,1486.82,not operable,VERY_THIN
0.0154133,7.05744e-07,1.52448e-07,5.43894e-10,0.00154133,0.00525764,8.94004e-07,0.789419,214.428,215.149,1415.15,not operable,VERY_THIN
0.0154133,7.72258e-07,1.66815e-07,5.95154e-10,0.00154133,0.00575316,8.94004e-07,0.86382,214.428,149.649,1349.65,not operable,VERY_THIN
0.0154133,8.45042e-07,1.82537e-07,6.51246e-10,0.00154133,0.00629538,8.94004e-07,0.945233,214.428,89.7836,1289.78,not operable,VERY_THIN
0.0154133,9.24685e-07,1.99741e-07,7.12624e-10,0.00154133,0.0068887,8.94004e-07,1.03432,214.428,35.0672,1235.07,marginal,VERY_THIN
0.0154133,1.01183e-06,2.18566e-07,7.79787e-10,0.00154133,0.00753794,8.94004e-07,1.1318,214.428,-14.9444,1185.06,marginal,VERY_THIN
0.0154133,1.1072e-06,2.39165e-07,8.5328e-10,0.00154133,0.00824837,8.94004e-07,1.23847,214.428,-60.6572,1139.34,marginal,VERY_THIN
0.0154133,1.21155e-06,2.61706e-07,9.33699e-10,0.00154133,0.00902576,8.94004e-07,1.35519,214.428,-102.442,1097.56,marginal,VERY_THIN
0.0154133,1.32573e-06,2.86371e-07,1.0217e-09,0.00154133,0.00987642,8.94004e-07,1.48291,214.428,-140.639,1059.36,marginal,VERY_THIN
0.0154133,1.45068e-06,3.13361e-07,1.11799e-09,0.00154133,0.0108072,8.94004e-07,1.62268,214.428,-175.557,1024.44,operable,VERY_THIN
0.0154133,1.5874e-06,3.42894e-07,1.22336e-09,0.00154133,0.0118258,8.94004e-07,1.77561,214.428,-207.48,992.52,operable,VERY_THIN
0.0154133,1.73701e-06,3.75211e-07,1.33866e-09,0.00154133,0.0129403,8.94004e-07,1.94295,214.428,-236.668,963.332,operable,VERY_THIN
0.0154133,1.90072e-06,4.10574e-07,1.46482e-09,0.00154133,0.0141599,8.94004e-07,2.12607,214.428,-263.356,936.644,operable,VERY_THIN
0.0154133,2.07986e-06,4.49269e-07,1.60288e-09,0.00154133,0.0154945,8.94004e-07,2.32645,214.428,-287.762,912.238,operable,
0.0154133,2.27588e-06,4.91612e-07,1.75394e-09,0.00154133,0.0169548,8.94004e-07,2.54571,214.428,-310.084,889.916,operable,
0.0154133,2.49037e-06,5.37945e-07,1.91925e-09,0.00154133,0.0185527,8.94004e-07,2.78564,214.428,-330.503,869.497,operable,
0.0154133,2.72508e-06,5.88644e-07,2.10013e-09,0.00154133,0.0203013,8.94004e-07,3.04818,214.428,-349.185,850.815,operable,
0.0154133,2.98191e-06,6.44123e-07,2.29806e-09,0.00154133,0.0222146,8.94004e-07,3.33546,214.428,-366.281,833.719,operable,
0.0154133,3.26295e-06,7.0483e-07,2.51465e-09,0.00154133,0.0243083,8.94004e-07,3.64982,214.428,-381.931,818.069,operable,
0.0154133,3.57048e-06,7.71258e-07,2.75165e-09,0.00154133,0.0265993,8.94004e-07,3.9938,214.428,-396.26,803.74,operable,
0.0154133,3.90698e-06,8.43947e-07,3.01099e-09,0.00154133,0.0291062,8.94004e-07,4.37021,214.428,-409.387,790.613,operable,
0.0154133,4.27521e-06,9.23487e-07,3.29476e-09,0.00154133,0.0318494,8.94004e-07,4.78209,214.428,-421.416,778.584,operable,
0.0154133,4.67814e-06,1.01052e-06,3.60529e-09,0.00154133,0.0348511,8.94004e-07,5.23279,214.428,-432.446,767.554,operable,
0.0154133,5.11904e-06,1.10576e-06,3.94507e-09,0.00154133,0.0381357,8.94004e-07,5.72597,214.428,-442.567,757.433,operable,
0.0154133,5.60149e-06,1.20998e-06,4.31689e-09,0.00154133,0.0417299,8.94004e-07,6.26562,214.428,-451.859,748.141,operable,
0.0154133,6.12942e-06,1.32401e-06,4.72374e-09,0.00154133,0.0456628,8.94004e-07,6.85614,214.428,-460.4,739.6,operable,
0.0154133,6.7071e-06,1.4488e-06,5.16894e-09,0.00154133,0.0499664,8.94004e-07,7.50232,214.428,-468.258,731.742,operable,
0.0154133,7.33923e-06,1.58534e-06,5.6561e-09,0.00154133,0.0546757,8.94004e-07,8.20939,214.428,-475.497,724.503,operable,
0.0154133,8.03093e-06,1.73476e-06,6.18917e-09,0.00154133,0.0598287,8.94004e-07,8.9831,214.428,-482.176,717.824,operable,
0.0154133,8.78782e-06,1.89826e-06,6.77249e-09,0.00154133,0.0654674,8.94004e-07,9.82974,214.428,-488.349,711.651,operable,
0.0154133,9.61605e-06,2.07716e-06,7.41078e-09,0.00154133,0.0716375,8.94004e-07,10.7562,214.428,-494.066,705.934,operable,
0.0154133,1.05223e-05,2.27293e-06,8.10922e-09,0.00154133,0.0783892,8.94004e-07,11.7699,214.428,-499.373,700.627,operable,
0.0154133,1.1514e-05,2.48715e-06,8.8735e-09,0.00154133,0.0857771,8.94004e-07,12.8792,214.428,-504.314,695.686,operable,
0.0154133,1.25992e-05,2.72155e-06,9.7098e-09,0.00154133,0.0938614,8.94004e-07,14.093,214.428,-508.929,691.071,operable,
0.0154133,1.37867e-05,2.97805e-06,1.06249e-08,0.00154133,0.102708,8.94004e-07,15.4212,214.428,-513.255,686.745,operable,
0.0154133,1.5086e-05,3.25873e-06,1.16263e-08,0.00154133,0.112388,8.94004e-07,16.8747,214.428,-517.327,682.673,operable,
0.0154133,1.65078e-05,3.56585e-06,1.2722e-08,0.00154133,0.12298,8.94004e-07,18.465,214.428,-521.178,678.822,operable,
0.0154133,1.80636e-05,3.90192e-06,1.39211e-08,0.00154133,0.13457,8.94004e-07,20.2053,214.428,-524.84,675.16,operable,
0.0154133,1.97661e-05,4.26967e-06,1.52331e-08,0.00154133,0.147253,8.94004e-07,22.1096,214.428,-528.342,671.658,operable,
0.0154133,2.1629e-05,4.67207e-06,1.66688e-08,0.00154133,0.161131,8.94004e-07,24.1934,214.428,-531.713,668.287,operable,
0.0154133,2.36675e-05,5.1124e-06,1.82397e-08,0.00154133,0.176318,8.94004e-07,26.4736,214.428,-534.98,665.02,operable,
0.0154133,2.58981e-05,5.59424e-06,1.99588e-08,0.00154133,0.192935,8.94004e-07,28.9686,214.428,-538.17,661.83,operable,
0.0154133,2.83389e-05,6.12148e-06,2.18399e-08,0.00154133,0.211119,8.94004e-07,31.6988,214.428,-541.309,658.691,operable,
0.0154133,3.10098e-05,6.69841e-06,2.38982e-08,0.00154133,0.231016,8.94004e-07,34.6864,214.428,-544.421,655.579,operable,
0.0154133,3.39323e-05,7.32972e-06,2.61506e-08,0.00154133,0.252789,8.94004e-07,37.9555,214.428,-547.532,652.468,operable,
0.0154133,3.71304e-05,8.02052e-06,2.86152e-08,0.00154133,0.276613,8.94004e-07,41.5327,214.428,-550.668,649.332,operable,
0.0154133,4.06298e-05,8.77644e-06,3.13121e-08,0.00154133,0.302683,8.94004e-07,45.447,214.428,-553.854,646.146,operable,
0.0154133,4.44591e-05,9.60359e-06,3.42632e-08,0.00154133,0.331211,8.94004e-07,49.7303,214.428,-557.116,642.884,operable,
0.0154133,4.86492e-05,1.05087e-05,3.74924e-08,0.00154133,0.362426,8.94004e-07,54.4172,214.428,-560.481,639.519,operable,
0.0154133,5.32343e-05,1.14991e-05,4.10259e-08,0.00154133,0.396584,8.94004e-07,59.5459,214.428,-563.974,636.026,operable,
0.0154133,5.82515e-05,1.25829e-05,4.48925e-08,0.00154133,0.433961,8.94004e-07,65.158,214.428,-567.626,632.374,operable,
0.0154133,6.37415e-05,1.37688e-05,4.91235e-08,0.00154133,0.474861,8.94004e-07,71.2989,214.428,-571.466,628.534,operable,
0.0154133,6.9749e-05,1.50665e-05,5.37533e-08,0.00154133,0.519615,8.94004e-07,78.0187,214.428,-575.524,624.476,operable,
0.0154133,7.63227e-05,1.64864e-05,5.88194e-08,0.00154133,0.568587,8.94004e-07,85.3717,214.428,-579.834,620.166,operable,
0.0154133,8.35159e-05,1.80402e-05,6.4363e-08,0.00154133,0.622175,8.94004e-07,93.4178,214.428,-584.431,615.569,operable,
0.0154133,9.1387e-05,1.97405e-05,7.0429e-08,0.00154133,0.680814,8.94004e-07,102.222,214.428,-589.351,610.649,operable,
0.0154133,0.0001,2.1601e-05,7.70667e-08,0.00154133,0.744978,8.94004e-07,111.856,214.428,-594.636,605.364,not operable,FLOODING
0.0175575,2e-07,4.3202e-08,1.75575e-10,0.00175575,0.00169723,9.75103e-07,0.205107,188.241,2388.39,3588.39,not operable,VERY_THIN
0.0175575,2.18849e-07,4.72736e-08,1.92123e-10,0.00175575,0.00185719,9.75103e-07,0.224437,188.241,2136.42,3336.42,not operable,VERY_THIN
0.0175575,2.39475e-07,5.1729e-08,2.1023e-10,0.00175575,0.00203222,9.75103e-07,0.24559,188.241,1906.15,3106.15,not operable,VERY_THIN
0.0175575,2.62045e-07,5.66044e-08,2.30044e-10,0.00175575,0.00222375,9.75103e-07,0.268736,188.241,1695.71,2895.71,not operable,VERY_THIN
0.0175575,2.86742e-07,6.19392e-08,2.51725e-10,0.00175575,0.00243334,9.75103e-07,0.294064,188.241,1503.4,2703.4,not operable,VERY_THIN
0.0175575,3.13767e-07,6.77768e-08,2.75449e-10,0.00175575,0.00266267,9.75103e-07,0.321779,188.241,1327.65,2527.65,not operable,VERY_THIN
0.0175575,3.43339e-07,7.41646e-08,3.01409e-10,0.00175575,0.00291362,9.75103e-07,0.352105,188.241,1167.03,2367.03,not operable,VERY_THIN
0.0175575,3.75698e-07,8.11544e-08,3.29816e-10,0.00175575,0.00318822,9.75103e-07,0.38529,188.241,1020.24,2220.24,not operable,VERY_THIN
0.0175575,4.11106e-07,8.8803e-08,3.60901e-10,0.00175575,0.00348871,9.75103e-07,0.421603,188.241,886.087,2086.09,not operable,VERY_THIN
0.0175575,4.49852e-07,9.71724e-08,3.94914e-10,0.00175575,0.00381751,9.75103e-07,0.461338,188.241,763.488,1963.49,not operable,VERY_THIN
0.0175575,4.92249e-07,1.06331e-07,4.32134e-10,0.00175575,0.0041773,9.75103e-07,0.504818,188.241,651.444,1851.44,not operable,VERY_THIN
0.0175575,5.38642e-07,1.16352e-07,4.72862e-10,0.00175575,0.004571,9.75103e-07,0.552395,188.241,549.045,1749.04,not operable,VERY_THIN
0.0175575,5.89408e-07,1.27318e-07,5.17428e-10,0.00175575,0.0050018,9.75103e-07,0.604457,188.241,455.461,1655.46,not operable,VERY_THIN
0.0175575,6.44958e-07,1.39317e-07,5.66194e-10,0.00175575,0.00547321,9.75103e-07,0.661426,188.241,369.931,1569.93,not operable,VERY_THIN
0.0175575,7.05744e-07,1.52448e-07,6.19556e-10,0.00175575,0.00598904,9.75103e-07,0.723763,188.241,291.761,1491.76,not operable,VERY_THIN
0.0175575,7.72258e-07,1.66815e-07,6.77948e-10,0.00175575,0.00655349,9.75103e-07,0.791976,188.241,220.317,1420.32,not operable,VERY_THIN
0.0175575,8.45042e-07,1.82537e-07,7.41842e-10,0.00175575,0.00717114,9.75103e-07,0.866618,188.241,155.02,1355.02,not operable,VERY_THIN
0.0175575,9.24685e-07,1.99741e-07,8.11759e-10,0.00175575,0.007847,9.75103e-07,0.948294,188.241,95.3376,1295.34,not operable,VERY_THIN
0.0175575,1.01183e-06,2.18566e-07,8.88265e-10,0.00175575,0.00858656,9.75103e-07,1.03767,188.241,40.7869,1240.79,marginal,VERY_THIN
0.0175575,1.1072e-06,2.39165e-07,9.71982e-10,0.00175575,0.00939582,9.75103e-07,1.13547,188.241,-9.07536,1190.92,marginal,VERY_THIN
0.0175575,1.21155e-06,2.61706e-07,1.06359e-09,0.00175575,0.0102814,9.75103e-07,1.24248,188.241,-54.6538,1145.35,marginal,VERY_THIN
0.0175575,1.32573e-06,2.86371e-07,1.16383e-09,0.00175575,0.0112503,9.75103e-07,1.35958,188.241,-96.3185,1103.68,marginal,VERY_THIN
0.0175575,1.45068e-06,3.13361e-07,1.27352e-09,0.00175575,0.0123107,9.75103e-07,1.48772,188.241,-134.408,1065.59,marginal,VERY_THIN
0.0175575,1.5874e-06,3.42894e-07,1.39354e-09,0.00175575,0.0134709,9.75103e-07,1.62793,188.241,-169.23,1030.77,operable,VERY_THIN
0.0175575,1.73701e-06,3.75211e-07,1.52488e-09,0.00175575,0.0147405,9.75103e-07,1.78136,188.241,-201.07,998.93,operable,VERY_THIN
0.0175575,1.90072e-06,4.10574e-07,1.6686e-09,0.00175575,0.0161298,9.75103e-07,1.94925,188.241,-230.183,969.817,operable,VERY_THIN
0.0175575,2.07986e-06,4.49269e-07,1.82586e-09,0.00175575,0.0176499,9.75103e-07,2.13296,188.241,-256.808,943.192,operable,
0.0175575,2.27588e-06,4.91612e-07,1.99794e-09,0.00175575,0.0193134,9.75103e-07,2.33399,188.241,-281.16,918.84,operable,
0.0175575,2.49037e-06,5.37945e-07,2.18624e-09,0.00175575,0.0211336,9.75103e-07,2.55396,188.241,-303.438,896.562,operable,
0.0175575,2.72508e-06,5.88644e-07,2.39229e-09,0.00175575,0.0231254,9.75103e-07,2.79466,188.241,-323.82,876.18,operable,
0.0175575,2.98191e-06,6.44123e-07,2.61775e-09,0.00175575,0.0253049,9.75103e-07,3.05805,188.241,-342.474,857.526,operable,
0.0175575,3.26295e-06,7.0483e-07,2.86447e-09,0.00175575,0.0276899,9.75103e-07,3.34626,188.241,-359.551,840.449,operable,
0.0175575,3.57048e-06,7.71258e-07,3.13444e-09,0.00175575,0.0302996,9.75103e-07,3.66164,188.241,-375.189,824.811,operable,
0.0175575,3.90698e-06,8.43947e-07,3.42985e-09,0.00175575,0.0331552,9.75103e-07,4.00674,188.241,-389.515,810.485,operable,
0.0175575,4.27521e-06,9.23487e-07,3.75311e-09,0.00175575,0.03628,9.75103e-07,4.38437,188.241,-402.645,797.355,operable,
0.0175575,4.67814e-06,1.01052e-06,4.10683e-09,0.00175575,0.0396993,9.75103e-07,4.79758,188.241,-414.687,785.313,operable,
0.0175575,5.11904e-06,1.10576e-06,4.49388e-09,0.00175575,0.0434409,9.75103e-07,5.24974,188.241,-425.737,774.263,operable,
0.0175575,5.60149e-06,1.20998e-06,4.91742e-09,0.00175575,0.0475351,9.75103e-07,5.74451,188.241,-435.886,764.114,operable,
0.0175575,6.12942e-06,1.32401e-06,5.38087e-09,0.00175575,0.0520151,9.75103e-07,6.28592,188.241,-445.216,754.784,operable,
0.0175575,6.7071e-06,1.4488e-06,5.88801e-09,0.00175575,0.0569174,9.75103e-07,6.87835,188.241,-453.802,746.198,operable,
0.0175575,7.33923e-06,1.58534e-06,6.44294e-09,0.00175575,0.0622817,9.75103e-07,7.52662,188.241,-461.715,738.285,operable,
0.0175575,8.03093e-06,1.73476e-06,7.05016e-09,0.00175575,0.0681516,9.75103e-07,8.23598,188.241,-469.018,730.982,operable,
0.0175575,8.78782e-06,1.89826e-06,7.71462e-09,0.00175575,0.0745747,9.75103e-07,9.0122,188.241,-475.771,724.229,operable,
0.0175575,9.61605e-06,2.07716e-06,8.44171e-09,0.00175575,0.0816032,9.75103e-07,9.86158,188.241,-482.029,717.971,operable,
0.0175575,1.05223e-05,2.27293e-06,9.23732e-09,0.00175575,0.0892941,9.75103e-07,10.791,188.241,-487.842,712.158,operable,
0.0175575,1.1514e-05,2.48715e-06,1.01079e-08,0.00175575,0.0977098,9.75103e-07,11.808,188.241,-493.258,706.742,operable,
0.0175575,1.25992e-05,2.72155e-06,1.10606e-08,0.00175575,0.106919,9.75103e-07,12.9209,188.241,-498.32,701.68,operable,
0.0175575,1.37867e-05,2.97805e-06,1.2103e-08,0.00175575,0.116995,9.75103e-07,14.1387,188.241,-503.07,696.93,operable,
0.0175575,1.5086e-05,3.25873e-06,1.32437e-08,0.00175575,0.128022,9.75103e-07,15.4712,188.241,-507.547,692.453,operable,
0.0175575,1.65078e-05,3.56585e-06,1.44918e-08,0.00175575,0.140088,9.75103e-07,16.9293,188.241,-511.786,688.214,operable,
0.0175575,1.80636e-05,3.90192e-06,1.58577e-08,0.00175575,0.153291,9.75103e-07,18.5249,188.241,-515.821,684.179,operable,
0.0175575,1.97661e-05,4.26967e-06,1.73522e-08,0.00175575,0.167738,9.75103e-07,20.2708,188.241,-519.687,680.313,operable,
0.0175575,2.1629e-05,4.67207e-06,1.89876e-08,0.00175575,0.183547,9.75103e-07,22.1812,188.241,-523.414,676.586,operable,
0.0175575,2.36675e-05,5.1124e-06,2.07771e-08,0.00175575,0.200845,9.75103e-07,24.2718,188.241,-527.032,672.968,operable,
0.0175575,2.58981e-05,5.59424e-06,2.27353e-08,0.00175575,0.219775,9.75103e-07,26.5593,188.241,-530.571,669.429,operable,
0.0175575,2.83389e-05,6.12148e-06,2.48781e-08,0.00175575,0.240488,9.75103e-07,29.0625,188.241,-534.06,665.94,operable,
0.0175575,3.10098e-05,6.69841e-06,2.72227e-08,0.00175575,0.263153,9.75103e-07,31.8015,188.241,-537.526,662.474,operable,
0.0175575,3.39323e-05,7.32972e-06,2.97884e-08,0.00175575,0.287955,9.75103e-07,34.7987,188.241,-540.999,659.001,operable,
0.0175575,3.71304e-05,8.02052e-06,3.25959e-08,0.00175575,0.315094,9.75103e-07,38.0784,188.241,-544.505,655.495,operable,
0.0175575,4.06298e-05,8.77644e-06,3.5668e-08,0.00175575,0.34479,9.75103e-07,41.6672,188.241,-548.074,651.926,operable,
0.0175575,4.44591e-05,9.60359e-06,3.90296e-08,0.00175575,0.377286,9.75103e-07,45.5942,188.241,-551.735,648.265,operable,
0.0175575,4.86492e-05,1.05087e-05,4.2708e-08,0.00175575,0.412844,9.75103e-07,49.8914,188.241,-555.517,644.483,operable,
0.0175575,5.32343e-05,1.14991e-05,4.67331e-08,0.00175575,0.451754,9.75103e-07,54.5935,188.241,-559.45,640.55,operable,
0.0175575,5.82515e-05,1.25829e-05,5.11376e-08,0.00175575,0.49433,9.75103e-07,59.7388,188.241,-563.568,636.432,operable,
0.0175575,6.37415e-05,1.37688e-05,5.59572e-08,0.00175575,0.54092,9.75103e-07,65.369,188.241,-567.903,632.097,operable,
0.0175575,6.9749e-05,1.50665e-05,6.1231e-08,0.00175575,0.5919,9.75103e-07,71.5299,188.241,-572.491,627.509,operable,
0.0175575,7.63227e-05,1.64864e-05,6.70019e-08,0.00175575,0.647685,9.75103e-07,78.2714,188.241,-577.369,622.631,operable,
0.0175575,8.35159e-05,1.80402e-05,7.33166e-08,0.00175575,0.708727,9.75103e-07,85.6483,188.241,-582.575,617.425,operable,
0.0175575,9.1387e-05,1.97405e-05,8.02265e-08,0.00175575,0.775523,9.75103e-07,93.7204,188.241,-588.154,611.846,operable,
0.0175575,0.0001,2.1601e-05,8.77877e-08,0.00175575,0.848614,9.75103e-07,102.553,188.241,-594.149,605.851,not operable,FLOODING
0.02,2e-07,4.3202e-08,2e-10,0.002,0.00193333,1.06356e-06,0.188048,165.252,2662.53,3862.53,not operable,VERY_THIN
0.02,2.18849e-07,4.72736e-08,2.18849e-10,0.002,0.00211554,1.06356e-06,0.205771,165.252,2387.71,3587.71,not operable,VERY_THIN
0.02,2.39475e-07,5.1729e-08,2.39475e-10,0.002,0.00231493,1.06356e-06,0.225164,165.252,2136.55,3336.55,not operable,VERY_THIN
0.02,2.62045e-07,5.66044e-08,2.62045e-10,0.002,0.00253311,1.06356e-06,0.246385,165.252,1907.02,3107.02,not operable,VERY_THIN
0.02,2.86742e-07,6.19392e-08,2.86742e-10,0.002,0.00277184,1.06356e-06,0.269607,165.252,1697.26,2897.26,not operable,VERY_THIN
0.02,3.13767e-07,6.77768e-08,3.13767e-10,0.002,0.00303308,1.06356e-06,0.295016,165.252,1505.56,2705.56,not operable,VERY_THIN
0.02,3.43339e-07,7.41646e-08,3.43339e-10,0.002,0.00331894,1.06356e-06,0.322821,165.252,1330.37,2530.37,not operable,VERY_THIN
0.02,3.75698e-07,8.11544e-08,3.75698e-10,0.002,0.00363174,1.06356e-06,0.353246,165.252,1170.26,2370.26,not operable,VERY_THIN
0.02,4.11106e-07,8.8803e-08,4.11106e-10,0.002,0.00397403,1.06356e-06,0.386538,165.252,1023.94,2223.94,not operable,VERY_THIN
0.02,4.49852e-07,9.71724e-08,4.49852e-10,0.002,0.00434857,1.06356e-06,0.422969,165.252,890.221,2090.22,not operable,VERY_THIN
0.02,4.92249e-07,1.06331e-07,4.92249e-10,0.002,0.00475841,1.06356e-06,0.462832,165.252,768.012,1968.01,not operable,VERY_THIN
0.02,5.38642e-07,1.16352e-07,5.38642e-10,0.002,0.00520688,1.06356e-06,0.506453,165.252,656.322,1856.32,not operable,VERY_THIN
0.02,5.89408e-07,1.27318e-07,5.89408e-10,0.002,0.00569761,1.06356e-06,0.554185,165.252,554.247,1754.25,not operable,VERY_THIN
0.02,6.44958e-07,1.39317e-07,6.44958e-10,0.002,0.0062346,1.06356e-06,0.606415,165.252,460.957,1660.96,not operable,VERY_THIN
0.02,7.05744e-07,1.52448e-07,7.05744e-10,0.002,0.00682219,1.06356e-06,0.663568,165.252,375.694,1575.69,not operable,VERY_THIN
0.02,7.72258e-07,1.66815e-07,7.72258e-10,0.002,0.00746516,1.06356e-06,0.726108,165.252,297.767,1497.77,not operable,VERY_THIN
0.02,8.45042e-07,1.82537e-07,8.45042e-10,0.002,0.00816874,1.06356e-06,0.794542,165.252,226.544,1426.54,not operable,VERY_THIN
0.02,9.24685e-07,1.99741e-07,9.24685e-10,0.002,0.00893862,1.06356e-06,0.869425,165.252,161.445,1361.45,not operable,VERY_THIN
0.02,1.01183e-06,2.18566e-07,1.01183e-09,0.002,0.00978106,1.06356e-06,0.951366,165.252,101.944,1301.94,not operable,VERY_THIN
0.02,1.1072e-06,2.39165e-07,1.1072e-09,0.002,0.0107029,1.06356e-06,1.04103,165.252,47.5552,1247.56,marginal,VERY_THIN
0.02,1.21155e-06,2.61706e-07,1.21155e-09,0.002,0.0117116,1.06356e-06,1.13914,165.252,-2.16109,1197.84,marginal,VERY_THIN
0.02,1.32573e-06,2.86371e-07,1.32573e-09,0.002,0.0128154,1.06356e-06,1.24651,165.252,-47.6089,1152.39,marginal,VERY_THIN
0.02,1.45068e-06,3.13361e-07,1.45068e-09,0.002,0.0140232,1.06356e-06,1.36399,165.252,-89.157,1110.84,marginal,VERY_THIN
0.02,1.5874e-06,3.42894e-07,1.5874e-09,0.002,0.0153449,1.06356e-06,1.49254,165.252,-127.143,1072.86,marginal,VERY_THIN
0.02,1.73701e-06,3.75211e-07,1.73701e-09,0.002,0.0167911,1.06356e-06,1.63321,165.252,-161.875,1038.13,operable,VERY_THIN
0.02,1.90072e-06,4.10574e-07,1.90072e-09,0.002,0.0183736,1.06356e-06,1.78713,165.252,-193.635,1006.37,operable,VERY_THIN
0.02,2.07986e-06,4.49269e-07,2.07986e-09,0.002,0.0201053,1.06356e-06,1.95556,165.252,-222.68,977.32,operable,
0.02,2.27588e-06,4.91612e-07,2.27588e-09,0.002,0.0220001,1.06356e-06,2.13987,165.252,-249.248,950.752,operable,
0.02,2.49037e-06,5.37945e-07,2.49037e-09,0.002,0.0240736,1.06356e-06,2.34155,165.252,-273.552,926.448,operable,
0.02,2.72508e-06,5.88644e-07,2.72508e-09,0.002,0.0263425,1.06356e-06,2.56223,165.252,-295.791,904.209,operable,
0.02,2.98191e-06,6.44123e-07,2.98191e-09,0.002,0.0288252,1.06356e-06,2.80371,165.252,-316.145,883.855,operable,
0.02,3.26295e-06,7.0483e-07,3.26295e-09,0.002,0.0315419,1.06356e-06,3.06796,165.252,-334.779,865.221,operable,
0.02,3.57048e-06,7.71258e-07,3.57048e-09,0.002,0.0345146,1.06356e-06,3.3571,165.252,-351.845,848.155,operable,
0.02,3.90698e-06,8.43947e-07,3.90698e-09,0.002,0.0377675,1.06356e-06,3.6735,165.252,-367.481,832.519,operable,
0.02,4.27521e-06,9.23487e-07,4.27521e-09,0.002,0.041327,1.06356e-06,4.01972,165.252,-381.814,818.186,operable,
0.02,4.67814e-06,1.01052e-06,4.67814e-09,0.002,0.045222,1.06356e-06,4.39857,165.252,-394.96,805.04,operable,
0.02,5.11904e-06,1.10576e-06,5.11904e-09,0.002,0.049484,1.06356e-06,4.81312,165.252,-407.026,792.974,operable,
0.02,5.60149e-06,1.20998e-06,5.60149e-09,0.002,0.0541478,1.06356e-06,5.26675,165.252,-418.111,781.889,operable,
0.02,6.12942e-06,1.32401e-06,6.12942e-09,0.002,0.059251,1.06356e-06,5.76312,165.252,-428.303,771.697,operable,
0.02,6.7071e-06,1.4488e-06,6.7071e-09,0.002,0.0648353,1.06356e-06,6.30628,165.252,-437.686,762.314,operable,
0.02,7.33923e-06,1.58534e-06,7.33923e-09,0.002,0.0709459,1.06356e-06,6.90063,165.252,-446.336,753.664,operable,
0.02,8.03093e-06,1.73476e-06,8.03093e-09,0.002,0.0776323,1.06356e-06,7.551,165.252,-454.323,745.677,operable,
0.02,8.78782e-06,1.89826e-06,8.78782e-09,0.002,0.084949,1.06356e-06,8.26266,165.252,-461.711,738.289,operable,
0.02,9.61605e-06,2.07716e-06,9.61605e-09,0.002,0.0929552,1.06356e-06,9.04139,165.252,-468.562,731.438,operable,
0.02,1.05223e-05,2.27293e-06,1.05223e-08,0.002,0.101716,1.06356e-06,9.89352,165.252,-474.93,725.07,operable,
0.02,1.1514e-05,2.48715e-06,1.1514e-08,0.002,0.111302,1.06356e-06,10.826,165.252,-480.868,719.132,operable,
0.02,1.25992e-05,2.72155e-06,1.25992e-08,0.002,0.121792,1.06356e-06,11.8463,165.252,-486.423,713.577,operable,
0.02,1.37867e-05,2.97805e-06,1.37867e-08,0.002,0.133271,1.06356e-06,12.9628,165.252,-491.64,708.36,operable,
0.02,1.5086e-05,3.25873e-06,1.5086e-08,0.002,0.145831,1.06356e-06,14.1845,165.252,-496.562,703.438,operable,
0.02,1.65078e-05,3.56585e-06,1.65078e-08,0.002,0.159576,1.06356e-06,15.5213,165.252,-501.229,698.771,operable,
0.02,1.80636e-05,3.90192e-06,1.80636e-08,0.002,0.174615,1.06356e-06,16.9842,165.252,-505.679,694.321,operable,
0.02,1.97661e-05,4.26967e-06,1.97661e-08,0.002,0.191072,1.06356e-06,18.5849,165.252,-509.947,690.053,operable,
0.02,2.1629e-05,4.67207e-06,2.1629e-08,0.002,0.20908,1.06356e-06,20.3364,165.252,-514.069,685.931,operable,
0.02,2.36675e-05,5.1124e-06,2.36675e-08,0.002,0.228786,1.06356e-06,22.2531,165.252,-518.078,681.922,operable,
0.02,2.58981e-05,5.59424e-06,2.58981e-08,0.002,0.250348,1.06356e-06,24.3504,165.252,-522.006,677.994,operable,
0.02,2.83389e-05,6.12148e-06,2.83389e-08,0.002,0.273943,1.06356e-06,26.6454,165.252,-525.886,674.114,operable,
0.02,3.10098e-05,6.69841e-06,3.10098e-08,0.002,0.299761,1.06356e-06,29.1566,165.252,-529.748,670.252,operable,
0.02,3.39323e-05,7.32972e-06,3.39323e-08,0.002,0.328013,1.06356e-06,31.9045,165.252,-533.625,666.375,operable,
0.02,3.71304e-05,8.02052e-06,3.71304e-08,0.002,0.358927,1.06356e-06,34.9115,165.252,-537.548,662.452,operable,
0.02,4.06298e-05,8.77644e-06,4.06298e-08,0.002,0.392755,1.06356e-06,38.2018,165.252,-541.547,658.453,operable,
0.02,4.44591e-05,9.60359e-06,4.44591e-08,0.002,0.429771,1.06356e-06,41.8022,165.252,-545.657,654.343,operable,
0.02,4.86492e-05,1.05087e-05,4.86492e-08,0.002,0.470276,1.06356e-06,45.7419,165.252,-549.91,650.09,operable,
0.02,5.32343e-05,1.14991e-05,5.32343e-08,0.002,0.514598,1.06356e-06,50.053,165.252,-554.341,645.659,operable,
0.02,5.82515e-05,1.25829e-05,5.82515e-08,0.002,0.563098,1.06356e-06,54.7703,165.252,-558.986,641.014,operable,
0.02,6.37415e-05,1.37688e-05,6.37415e-08,0.002,0.616168,1.06356e-06,59.9323,165.252,-563.883,636.117,operable,
0.02,6.9749e-05,1.50665e-05,6.9749e-08,0.002,0.67424,1.06356e-06,65.5808,165.252,-569.07,630.93,operable,
0.02,7.63227e-05,1.64864e-05,7.63227e-08,0.002,0.737786,1.06356e-06,71.7616,165.252,-574.591,625.409,operable,
0.02,8.35159e-05,1.80402e-05,8.35159e-08,0.002,0.80732,1.06356e-06,78.5249,165.252,-580.491,619.509,operable,
0.02,9.1387e-05,1.97405e-05,9.1387e-08,0.002,0.883408,1.06356e-06,85.9257,165.252,-586.816,613.184,operable,
0.02,0.0001,2.1601e-05,1e-07,0.002,0.966667,1.06356e-06,94.024,165.252,-593.619,606.381,not operable,FLOODING
0.0227822,2e-07,4.3202e-08,2.27822e-10,0.00227822,0.00220228,1.16004e-06,0.172408,145.071,2961.97,4161.97,not operable,VERY_THIN
0.0227822,2.18849e-07,4.72736e-08,2.49294e-10,0.00227822,0.00240984,1.16004e-06,0.188657,145.071,2662.21,3862.21,not operable,VERY_THIN
0.0227822,2.39475e-07,5.1729e-08,2.72789e-10,0.00227822,0.00263696,1.16004e-06,0.206437,145.071,2388.27,3588.27,not operable,VERY_THIN
0.0227822,2.62045e-07,5.66044e-08,2.98499e-10,0.00227822,0.00288549,1.16004e-06,0.225894,145.071,2137.92,3337.92,not operable,VERY_THIN
0.0227822,2.86742e-07,6.19392e-08,3.26632e-10,0.00227822,0.00315744,1.16004e-06,0.247184,145.071,1909.13,3109.13,not operable,VERY_THIN
0.0227822,3.13767e-07,6.77768e-08,3.57416e-10,0.00227822,0.00345502,1.16004e-06,0.27048,145.071,1700.04,2900.04,not operable,VERY_THIN
0.0227822,3.43339e-07,7.41646e-08,3.91102e-10,0.00227822,0.00378065,1.16004e-06,0.295972,145.071,1508.95,2708.95,not operable,VERY_THIN
0.0227822,3.75698e-07,8.11544e-08,4.27962e-10,0.00227822,0.00413696,1.16004e-06,0.323867,145.071,1334.32,2534.32,not operable,VERY_THIN
0.0227822,4.11106e-07,8.8803e-08,4.68296e-10,0.00227822,0.00452686,1.16004e-06,0.35439,145.071,1174.73,2374.73,not operable,VERY_THIN
0.0227822,4.49852e-07,9.71724e-08,5.12432e-10,0.00227822,0.00495351,1.16004e-06,0.38779,145.071,1028.87,2228.87,not operable,VERY_THIN
0.0227822,4.92249e-07,1.06331e-07,5.60727e-10,0.00227822,0.00542036,1.16004e-06,0.424339,145.071,895.577,2095.58,not operable,VERY_THIN
0.0227822,5.38642e-07,1.16352e-07,6.13574e-10,0.00227822,0.00593122,1.16004e-06,0.464331,145.071,773.755,1973.75,not operable,VERY_THIN
0.0227822,5.89408e-07,1.27318e-07,6.71402e-10,0.00227822,0.00649022,1.16004e-06,0.508093,145.071,662.418,1862.42,not operable,VERY_THIN
0.0227822,6.44958e-07,1.39317e-07,7.3468e-10,0.00227822,0.0071019,1.16004e-06,0.55598,145.071,560.663,1760.66,not operable,VERY_THIN
0.0227822,7.05744e-07,1.52448e-07,8.03921e-10,0.00227822,0.00777124,1.16004e-06,0.60838,145.071,467.664,1667.66,not operable,VERY_THIN
0.0227822,7.72258e-07,1.66815e-07,8.79689e-10,0.00227822,0.00850366,1.16004e-06,0.665718,145.071,382.666,1582.67,not operable,VERY_THIN
0.0227822,8.45042e-07,1.82537e-07,9.62597e-10,0.00227822,0.00930511,1.16004e-06,0.72846,145.071,304.979,1504.98,not operable,VERY_THIN
0.0227822,9.24685e-07,1.99741e-07,1.05332e-09,0.00227822,0.0101821,1.16004e-06,0.797115,145.071,233.972,1433.97,not operable,VERY_THIN
0.0227822,1.01183e-06,2.18566e-07,1.15259e-09,0.00227822,0.0111417,1.16004e-06,0.872241,145.071,169.069,1369.07,not operable,VERY_THIN
0.0227822,1.1072e-06,2.39165e-07,1.26122e-09,0.00227822,0.0121918,1.16004e-06,0.954448,145.071,109.744,1309.74,not operable,VERY_THIN
0.0227822,1.21155e-06,2.61706e-07,1.38009e-09,0.00227822,0.0133408,1.16004e-06,1.0444,145.071,55.5139,1255.51,marginal,VERY_THIN
0.0227822,1.32573e-06,2.86371e-07,1.51016e-09,0.00227822,0.0145982,1.16004e-06,1.14283,145.071,5.93938,1205.94,marginal,VERY_THIN
0.0227822,1.45068e-06,3.13361e-07,1.65249e-09,0.00227822,0.015974,1.16004e-06,1.25054,145.071,-39.3822,1160.62,marginal,VERY_THIN
0.0227822,1.5874e-06,3.42894e-07,1.80823e-09,0.00227822,0.0174795,1.16004e-06,1.3684,145.071,-80.8187,1119.18,marginal,VERY_THIN
0.0227822,1.73701e-06,3.75211e-07,1.97865e-09,0.00227822,0.0191269,1.16004e-06,1.49737,145.071,-118.706,1081.29,marginal,VERY_THIN
0.0227822,1.90072e-06,4.10574e-07,2.16513e-09,0.00227822,0.0209296,1.16004e-06,1.6385,145.071,-153.353,1046.65,operable,VERY_THIN
0.0227822,2.07986e-06,4.49269e-07,2.36919e-09,0.00227822,0.0229022,1.16004e-06,1.79292,145.071,-185.04,1014.96,operable,
0.0227822,2.27588e-06,4.91612e-07,2.59248e-09,0.00227822,0.0250606,1.16004e-06,1.9619,145.071,-214.024,985.976,operable,
0.0227822,2.49037e-06,5.37945e-07,2.83681e-09,0.00227822,0.0274225,1.16004e-06,2.1468,145.071,-240.541,959.459,operable,
0.0227822,2.72508e-06,5.88644e-07,3.10418e-09,0.00227822,0.030007,1.16004e-06,2.34913,145.071,-264.805,935.195,operable,
0.0227822,2.98191e-06,6.44123e-07,3.39674e-09,0.00227822,0.0328351,1.16004e-06,2.57053,145.071,-287.015,912.985,operable,
0.0227822,3.26295e-06,7.0483e-07,3.71687e-09,0.00227822,0.0359297,1.16004e-06,2.8128,145.071,-307.349,892.651,operable,
0.0227822,3.57048e-06,7.71258e-07,4.06717e-09,0.00227822,0.039316,1.16004e-06,3.07789,145.071,-325.974,874.026,operable,
0.0227822,3.90698e-06,8.43947e-07,4.45049e-09,0.00227822,0.0430214,1.16004e-06,3.36798,145.071,-343.04,856.96,operable,
0.0227822,4.27521e-06,9.23487e-07,4.86994e-09,0.00227822,0.0470761,1.16004e-06,3.6854,145.071,-358.686,841.314,operable,
0.0227822,4.67814e-06,1.01052e-06,5.32892e-09,0.00227822,0.0515129,1.16004e-06,4.03274,145.071,-373.039,826.961,operable,
0.0227822,5.11904e-06,1.10576e-06,5.83116e-09,0.00227822,0.0563679,1.16004e-06,4.41282,145.071,-386.215,813.785,operable,
0.0227822,5.60149e-06,1.20998e-06,6.38073e-09,0.00227822,0.0616804,1.16004e-06,4.82871,145.071,-398.321,801.679,operable,
0.0227822,6.12942e-06,1.32401e-06,6.9821e-09,0.00227822,0.0674936,1.16004e-06,5.28381,145.071,-409.456,790.544,operable,
0.0227822,6.7071e-06,1.4488e-06,7.64014e-09,0.00227822,0.0738547,1.16004e-06,5.78179,145.071,-419.711,780.289,operable,
0.0227822,7.33923e-06,1.58534e-06,8.3602e-09,0.00227822,0.0808153,1.16004e-06,6.32671,145.071,-429.167,770.833,operable,
0.0227822,8.03093e-06,1.73476e-06,9.14813e-09,0.00227822,0.0884319,1.16004e-06,6.92298,145.071,-437.903,762.097,operable,
0.0227822,8.78782e-06,1.89826e-06,1.00103e-08,0.00227822,0.0967664,1.16004e-06,7.57546,145.071,-445.988,754.012,operable,
0.0227822,9.61605e-06,2.07716e-06,1.09538e-08,0.00227822,0.105886,1.16004e-06,8.28942,145.071,-453.489,746.511,operable,
0.0227822,1.05223e-05,2.27293e-06,1.19861e-08,0.00227822,0.115866,1.16004e-06,9.07068,145.071,-460.467,739.533,operable,
0.0227822,1.1514e-05,2.48715e-06,1.31158e-08,0.00227822,0.126786,1.16004e-06,9.92557,145.071,-466.977,733.023,operable,
0.0227822,1.25992e-05,2.72155e-06,1.43519e-08,0.00227822,0.138735,1.16004e-06,10.861,145.071,-473.074,726.926,operable,
0.0227822,1.37867e-05,2.97805e-06,1.57045e-08,0.00227822,0.151811,1.16004e-06,11.8846,145.071,-478.806,721.194,operable,
0.0227822,1.5086e-05,3.25873e-06,1.71847e-08,0.00227822,0.166118,1.16004e-06,13.0047,145.071,-484.22,715.78,operable,
0.0227822,1.65078e-05,3.56585e-06,1.88043e-08,0.00227822,0.181775,1.16004e-06,14.2304,145.071,-489.36,710.64,operable,
0.0227822,1.80636e-05,3.90192e-06,2.05765e-08,0.00227822,0.198906,1.16004e-06,15.5716,145.071,-494.267,705.733,operable,
0.0227822,1.97661e-05,4.26967e-06,2.25158e-08,0.00227822,0.217653,1.16004e-06,17.0392,145.071,-498.982,701.018,operable,
0.0227822,2.1629e-05,4.67207e-06,2.46379e-08,0.00227822,0.238166,1.16004e-06,18.6451,145.071,-503.543,696.457,operable,
0.0227822,2.36675e-05,5.1124e-06,2.69599e-08,0.00227822,0.260612,1.16004e-06,20.4023,145.071,-507.987,692.013,operable,
0.0227822,2.58981e-05,5.59424e-06,2.95008e-08,0.00227822,0.285174,1.16004e-06,22.3252,145.071,-512.349,687.651,operable,
0.0227822,2.83389e-05,6.12148e-06,3.22812e-08,0.00227822,0.312051,1.16004e-06,24.4293,145.071,-516.666,683.334,operable,
0.0227822,3.10098e-05,6.69841e-06,3.53236e-08,0.00227822,0.341461,1.16004e-06,26.7317,145.071,-520.972,679.028,operable,
0.0227822,3.39323e-05,7.32972e-06,3.86528e-08,0.00227822,0.373643,1.16004e-06,29.251,145.071,-525.302,674.698,operable,
0.0227822,3.71304e-05,8.02052e-06,4.22957e-08,0.00227822,0.408858,1.16004e-06,32.0079,145.071,-529.691,670.309,operable,
0.0227822,4.06298e-05,8.77644e-06,4.62819e-08,0.00227822,0.447392,1.16004e-06,35.0245,145.071,-534.176,665.824,operable,
0.0227822,4.44591e-05,9.60359e-06,5.06439e-08,0.00227822,0.489557,1.16004e-06,38.3255,145.071,-538.792,661.208,operable,
0.0227822,4.86492e-05,1.05087e-05,5.54169e-08,0.00227822,0.535697,1.16004e-06,41.9376,145.071,-543.577,656.423,operable,
0.0227822,5.32343e-05,1.14991e-05,6.06398e-08,0.00227822,0.586185,1.16004e-06,45.8901,145.071,-548.57,651.43,operable,
0.0227822,5.82515e-05,1.25829e-05,6.6355e-08,0.00227822,0.641431,1.16004e-06,50.2151,145.071,-553.811,646.189,operable,
0.0227822,6.37415e-05,1.37688e-05,7.26088e-08,0.00227822,0.701885,1.16004e-06,54.9478,145.071,-559.343,640.657,operable,
0.0227822,6.9749e-05,1.50665e-05,7.94519e-08,0.00227822,0.768035,1.16004e-06,60.1264,145.071,-565.21,634.79,operable,
0.0227822,7.63227e-05,1.64864e-05,8.69401e-08,0.00227822,0.840421,1.16004e-06,65.7932,145.071,-571.461,628.539,operable,
0.0227822,8.35159e-05,1.80402e-05,9.51339e-08,0.00227822,0.919628,1.16004e-06,71.994,145.071,-578.146,621.854,operable,
0.0227822,9.1387e-05,1.97405e-05,1.041e-07,0.00227822,1.0063,1.16004e-06,78.7793,145.071,-585.32,614.68,operable,RE_HIGH
0.0227822,0.0001,2.1601e-05,1.13911e-07,0.00227822,1.10114,1.16004e-06,86.204,145.071,-593.04,606.96,not operable,RE_HIGH;FLOODING
0.0259515,2e-07,4.3202e-08,2.59515e-10,0.00259515,0.00250865,1.26527e-06,0.158069,127.355,3289.05,4489.05,not operable,VERY_THIN
0.0259515,2.18849e-07,4.72736e-08,2.83974e-10,0.00259515,0.00274508,1.26527e-06,0.172967,127.355,2962.1,4162.1,not operable,VERY_THIN
0.0259515,2.39475e-07,5.1729e-08,3.10738e-10,0.00259515,0.0030038,1.26527e-06,0.189268,127.355,2663.31,3863.31,not operable,VERY_THIN
0.0259515,2.62045e-07,5.66044e-08,3.40024e-10,0.00259515,0.0032869,1.26527e-06,0.207106,127.355,2390.25,3590.25,not operable,VERY_THIN
0.0259515,2.86742e-07,6.19392e-08,3.7207e-10,0.00259515,0.00359668,1.26527e-06,0.226625,127.355,2140.7,3340.7,not operable,VERY_THIN
0.0259515,3.13767e-07,6.77768e-08,4.07137e-10,0.00259515,0.00393566,1.26527e-06,0.247984,127.355,1912.64,3112.64,not operable,VERY_THIN
0.0259515,3.43339e-07,7.41646e-08,4.45509e-10,0.00259515,0.00430658,1.26527e-06,0.271356,127.355,1704.22,2904.22,not operable,VERY_THIN
0.0259515,3.75698e-07,8.11544e-08,4.87497e-10,0.00259515,0.00471247,1.26527e-06,0.296931,127.355,1513.75,2713.75,not operable,VERY_THIN
0.0259515,4.11106e-07,8.8803e-08,5.33442e-10,0.00259515,0.0051566,1.26527e-06,0.324916,127.355,1339.67,2539.67,not operable,VERY_THIN
0.0259515,4.49852e-07,9.71724e-08,5.83717e-10,0.00259515,0.0056426,1.26527e-06,0.355538,127.355,1180.59,2380.59,not operable,VERY_THIN
0.0259515,4.92249e-07,1.06331e-07,6.38731e-10,0.00259515,0.0061744,1.26527e-06,0.389047,127.355,1035.2,2235.2,not operable,VERY_THIN
0.0259515,5.38642e-07,1.16352e-07,6.9893e-10,0.00259515,0.00675632,1.26527e-06,0.425713,127.355,902.322,2102.32,not operable,VERY_THIN
0.0259515,5.89408e-07,1.27318e-07,7.64802e-10,0.00259515,0.00739309,1.26527e-06,0.465836,127.355,780.883,1980.88,not operable,VERY_THIN
0.0259515,6.44958e-07,1.39317e-07,8.36883e-10,0.00259515,0.00808987,1.26527e-06,0.509739,127.355,669.895,1869.9,not operable,VERY_THIN
0.0259515,7.05744e-07,1.52448e-07,9.15757e-10,0.00259515,0.00885232,1.26527e-06,0.557781,127.355,568.457,1768.46,not operable,VERY_THIN
0.0259515,7.72258e-07,1.66815e-07,1.00206e-09,0.00259515,0.00968662,1.26527e-06,0.61035,127.355,475.746,1675.75,not operable,VERY_THIN
0.0259515,8.45042e-07,1.82537e-07,1.09651e-09,0.00259515,0.0105996,1.26527e-06,0.667874,127.355,391.009,1591.01,not operable,VERY_THIN
0.0259515,9.24685e-07,1.99741e-07,1.19985e-09,0.00259515,0.0115985,1.26527e-06,0.730819,127.355,313.558,1513.56,not operable,VERY_THIN
0.0259515,1.01183e-06,2.18566e-07,1.31293e-09,0.00259515,0.0126917,1.26527e-06,0.799697,127.355,242.764,1442.76,not operable,VERY_THIN
0.0259515,1.1072e-06,2.39165e-07,1.43667e-09,0.00259515,0.0138878,1.26527e-06,0.875067,127.355,178.053,1378.05,not operable,VERY_THIN
0.0259515,1.21155e-06,2.61706e-07,1.57207e-09,0.00259515,0.0151967,1.26527e-06,0.957539,127.355,118.9,1318.9,not operable,VERY_THIN
0.0259515,1.32573e-06,2.86371e-07,1.72024e-09,0.00259515,0.016629,1.26527e-06,1.04778,127.355,64.8235,1264.82,marginal,VERY_THIN
0.0259515,1.45068e-06,3.13361e-07,1.88237e-09,0.00259515,0.0181962,1.26527e-06,1.14654,127.355,15.3857,1215.39,marginal,VERY_THIN
0.0259515,1.5874e-06,3.42894e-07,2.05977e-09,0.00259515,0.0199112,1.26527e-06,1.25459,127.355,-29.8151,1170.18,marginal,VERY_THIN
0.0259515,1.73701e-06,3.75211e-07,2.2539e-09,0.00259515,0.0217877,1.26527e-06,1.37284,127.355,-71.1458,1128.85,marginal,VERY_THIN
0.0259515,1.90072e-06,4.10574e-07,2.46633e-09,0.00259515,0.0238412,1.26527e-06,1.50222,127.355,-108.942,1091.06,operable,VERY_THIN
0.0259515,2.07986e-06,4.49269e-07,2.69877e-09,0.00259515,0.0260881,1.26527e-06,1.6438,127.355,-143.51,1056.49,operable,
0.0259515,2.27588e-06,4.91612e-07,2.95312e-09,0.00259515,0.0285469,1.26527e-06,1.79873,127.355,-175.131,1024.87,operable,
0.0259515,2.49037e-06,5.37945e-07,3.23145e-09,0.00259515,0.0312373,1.26527e-06,1.96825,127.355,-204.062,995.938,operable,
0.0259515,2.72508e-06,5.88644e-07,3.536e-09,0.00259515,0.0341814,1.26527e-06,2.15375,127.355,-230.537,969.463,operable,
0.0259515,2.98191e-06,6.44123e-07,3.86926e-09,0.00259515,0.0374029,1.26527e-06,2.35674,127.355,-254.771,945.229,operable,
0.0259515,3.26295e-06,7.0483e-07,4.23393e-09,0.00259515,0.040928,1.26527e-06,2.57886,127.355,-276.962,923.038,operable,
0.0259515,3.57048e-06,7.71258e-07,4.63297e-09,0.00259515,0.0447854,1.26527e-06,2.82191,127.355,-297.288,902.712,operable,
0.0259515,3.90698e-06,8.43947e-07,5.06961e-09,0.00259515,0.0490063,1.26527e-06,3.08786,127.355,-315.916,884.084,operable,
0.0259515,4.27521e-06,9.23487e-07,5.54741e-09,0.00259515,0.053625,1.26527e-06,3.37889,127.355,-332.995,867.005,operable,
0.0259515,4.67814e-06,1.01052e-06,6.07024e-09,0.00259515,0.058679,1.26527e-06,3.69734,127.355,-348.666,851.334,operable,
0.0259515,5.11904e-06,1.10576e-06,6.64234e-09,0.00259515,0.0642093,1.26527e-06,4.0458,127.355,-363.055,836.945,operable,
0.0259515,5.60149e-06,1.20998e-06,7.26837e-09,0.00259515,0.0702609,1.26527e-06,4.42711,127.355,-376.279,823.721,operable,
0.0259515,6.12942e-06,1.32401e-06,7.95339e-09,0.00259515,0.0768828,1.26527e-06,4.84435,127.355,-388.445,811.555,operable,
0.0259515,6.7071e-06,1.4488e-06,8.70298e-09,0.00259515,0.0841288,1.26527e-06,5.30092,127.355,-399.653,800.347,operable,
0.0259515,7.33923e-06,1.58534e-06,9.52321e-09,0.00259515,0.0920577,1.26527e-06,5.80052,127.355,-409.992,790.008,operable,
0.0259515,8.03093e-06,1.73476e-06,1.04207e-08,0.00259515,0.100734,1.26527e-06,6.3472,127.355,-419.548,780.452,operable,
0.0259515,8.78782e-06,1.89826e-06,1.14029e-08,0.00259515,0.110228,1.26527e-06,6.94541,127.355,-428.397,771.603,operable,
0.0259515,9.61605e-06,2.07716e-06,1.24776e-08,0.00259515,0.120616,1.26527e-06,7.6,127.355,-436.611,763.389,operable,
0.0259515,1.05223e-05,2.27293e-06,1.36535e-08,0.00259515,0.131984,1.26527e-06,8.31627,127.355,-444.257,755.743,operable,
0.0259515,1.1514e-05,2.48715e-06,1.49404e-08,0.00259515,0.144423,1.26527e-06,9.10006,127.355,-451.398,748.602,operable,
0.0259515,1.25992e-05,2.72155e-06,1.63484e-08,0.00259515,0.158035,1.26527e-06,9.95772,127.355,-458.091,741.909,operable,
0.0259515,1.37867e-05,2.97805e-06,1.78892e-08,0.00259515,0.172929,1.26527e-06,10.8962,127.355,-464.39,735.61,operable,
0.0259515,1.5086e-05,3.25873e-06,1.95753e-08,0.00259515,0.189227,1.26527e-06,11.9231,127.355,-470.346,729.654,operable,
0.0259515,1.65078e-05,3.56585e-06,2.14202e-08,0.00259515,0.207062,1.26527e-06,13.0469,127.355,-476.009,723.991,operable,
0.0259515,1.80636e-05,3.90192e-06,2.3439e-08,0.00259515,0.226577,1.26527e-06,14.2765,127.355,-481.423,718.577,operable,
0.0259515,1.97661e-05,4.26967e-06,2.5648e-08,0.00259515,0.247931,1.26527e-06,15.622,127.355,-486.634,713.366,operable,
0.0259515,2.1629e-05,4.67207e-06,2.80653e-08,0.00259515,0.271298,1.26527e-06,17.0944,127.355,-491.682,708.318,operable,
0.0259515,2.36675e-05,5.1124e-06,3.07104e-08,0.00259515,0.296867,1.26527e-06,18.7055,127.355,-496.61,703.39,operable,
0.0259515,2.58981e-05,5.59424e-06,3.36047e-08,0.00259515,0.324846,1.26527e-06,20.4684,127.355,-501.456,698.544,operable,
0.0259515,2.83389e-05,6.12148e-06,3.67719e-08,0.00259515,0.355462,1.26527e-06,22.3975,127.355,-506.262,693.738,operable,
0.0259515,3.10098e-05,6.69841e-06,4.02375e-08,0.00259515,0.388963,1.26527e-06,24.5084,127.355,-511.064,688.936,operable,
0.0259515,3.39323e-05,7.32972e-06,4.40298e-08,0.00259515,0.425622,1.26527e-06,26.8182,127.355,-515.903,684.097,operable,
0.0259515,3.71304e-05,8.02052e-06,4.81795e-08,0.00259515,0.465735,1.26527e-06,29.3458,127.355,-520.818,679.182,operable,
0.0259515,4.06298e-05,8.77644e-06,5.27203e-08,0.00259515,0.50963,1.26527e-06,32.1116,127.355,-525.848,674.152,operable,
0.0259515,4.44591e-05,9.60359e-06,5.76891e-08,0.00259515,0.557661,1.26527e-06,35.138,127.355,-531.035,668.965,operable,
0.0259515,4.86492e-05,1.05087e-05,6.31261e-08,0.00259515,0.610219,1.26527e-06,38.4497,127.355,-536.42,663.58,operable,
0.0259515,5.32343e-05,1.14991e-05,6.90756e-08,0.00259515,0.667731,1.26527e-06,42.0734,127.355,-542.048,657.952,operable,
0.0259515,5.82515e-05,1.25829e-05,7.55858e-08,0.00259515,0.730662,1.26527e-06,46.0387,127.355,-547.964,652.036,operable,
0.0259515,6.37415e-05,1.37688e-05,8.27095e-08,0.00259515,0.799525,1.26527e-06,50.3778,127.355,-554.215,645.785,operable,
0.0259515,6.9749e-05,1.50665e-05,9.05047e-08,0.00259515,0.874879,1.26527e-06,55.1257,127.355,-560.854,639.146,operable,
0.0259515,7.63227e-05,1.64864e-05,9.90345e-08,0.00259515,0.957334,1.26527e-06,60.3212,127.355,-567.933,632.067,operable,
0.0259515,8.35159e-05,1.80402e-05,1.08368e-07,0.00259515,1.04756,1.26527e-06,66.0063,127.355,-575.51,624.49,operable,RE_HIGH
0.0259515,9.1387e-05,1.97405e-05,1.18582e-07,0.00259515,1.14629,1.26527e-06,72.2272,127.355,-583.646,616.354,operable,RE_HIGH
0.0259515,0.0001,2.1601e-05,1.29758e-07,0.00259515,1.25432,1.26527e-06,79.0345,127.355,-592.408,607.592,not operable,RE_HIGH;FLOODING
0.0295617,2e-07,4.3202e-08,2.95617e-10,0.00295617,0.00285763,1.38005e-06,0.144922,111.802,3646.36,4846.36,not operable,VERY_THIN
0.0295617,2.18849e-07,4.72736e-08,3.23478e-10,0.00295617,0.00312696,1.38005e-06,0.158581,111.802,3289.75,4489.75,not operable,VERY_THIN
0.0295617,2.39475e-07,5.1729e-08,3.53965e-10,0.00295617,0.00342166,1.38005e-06,0.173527,111.802,2963.85,4163.85,not operable,VERY_THIN
0.0295617,2.62045e-07,5.66044e-08,3.87325e-10,0.00295617,0.00374415,1.38005e-06,0.189881,111.802,2666.01,3866.01,not operable,VERY_THIN
0.0295617,2.86742e-07,6.19392e-08,4.2383e-10,0.00295617,0.00409702,1.38005e-06,0.207777,111.802,2393.83,3593.83,not operable,VERY_THIN
0.0295617,3.13767e-07,6.77768e-08,4.63775e-10,0.00295617,0.00448316,1.38005e-06,0.227359,111.802,2145.08,3345.08,not operable,VERY_THIN
0.0295617,3.43339e-07,7.41646e-08,5.07484e-10,0.00295617,0.00490568,1.38005e-06,0.248787,111.802,1917.75,3117.75,not operable,VERY_THIN
0.0295617,3.75698e-07,8.11544e-08,5.55313e-10,0.00295617,0.00536803,1.38005e-06,0.272235,111.802,1710,2910,not operable,VERY_THIN
0.0295617,4.11106e-07,8.8803e-08,6.0765e-10,0.00295617,0.00587395,1.38005e-06,0.297892,111.802,1520.13,2720.13,not operable,VERY_THIN
0.0295617,4.49852e-07,9.71724e-08,6.6492e-10,0.00295617,0.00642756,1.38005e-06,0.325968,111.802,1346.61,2546.61,not operable,VERY_THIN
0.0295617,4.92249e-07,1.06331e-07,7.27587e-10,0.00295617,0.00703334,1.38005e-06,0.35669,111.802,1188.03,2388.03,not operable,VERY_THIN
0.0295617,5.38642e-07,1.16352e-07,7.9616e-10,0.00295617,0.00769621,1.38005e-06,0.390307,111.802,1043.1,2243.1,not operable,VERY_THIN
0.0295617,5.89408e-07,1.27318e-07,8.71196e-10,0.00295617,0.00842156,1.38005e-06,0.427092,111.802,910.644,2110.64,not operable,VERY_THIN
0.0295617,6.44958e-07,1.39317e-07,9.53303e-10,0.00295617,0.00921527,1.38005e-06,0.467344,111.802,789.585,1989.59,not operable,VERY_THIN
0.0295617,7.05744e-07,1.52448e-07,1.04315e-09,0.00295617,0.0100838,1.38005e-06,0.51139,111.802,678.943,1878.94,not operable,VERY_THIN
0.0295617,7.72258e-07,1.66815e-07,1.14146e-09,0.00295617,0.0110342,1.38005e-06,0.559588,111.802,577.818,1777.82,not operable,VERY_THIN
0.0295617,8.45042e-07,1.82537e-07,1.24904e-09,0.00295617,0.0120741,1.38005e-06,0.612327,111.802,485.391,1685.39,not operable,VERY_THIN
0.0295617,9.24685e-07,1.99741e-07,1.36676e-09,0.00295617,0.013212,1.38005e-06,0.670038,111.802,400.91,1600.91,not operable,VERY_THIN
0.0295617,1.01183e-06,2.18566e-07,1.49558e-09,0.00295617,0.0144572,1.38005e-06,0.733187,111.802,323.691,1523.69,not operable,VERY_THIN
0.0295617,1.1072e-06,2.39165e-07,1.63653e-09,0.00295617,0.0158198,1.38005e-06,0.802288,111.802,253.105,1453.11,not operable,VERY_THIN
0.0295617,1.21155e-06,2.61706e-07,1.79077e-09,0.00295617,0.0173108,1.38005e-06,0.877901,111.802,188.581,1388.58,not operable,VERY_THIN
0.0295617,1.32573e-06,2.86371e-07,1.95954e-09,0.00295617,0.0189423,1.38005e-06,0.960641,111.802,129.594,1329.59,not operable,VERY_THIN
0.0295617,1.45068e-06,3.13361e-07,2.14423e-09,0.00295617,0.0207275,1.38005e-06,1.05118,111.802,75.666,1275.67,marginal,VERY_THIN
0.0295617,1.5874e-06,3.42894e-07,2.34631e-09,0.00295617,0.022681,1.38005e-06,1.15025,111.802,26.3587,1226.36,marginal,VERY_THIN
0.0295617,1.73701e-06,3.75211e-07,2.56745e-09,0.00295617,0.0248187,1.38005e-06,1.25866,111.802,-18.7281,1181.27,marginal,VERY_THIN
0.0295617,1.90072e-06,4.10574e-07,2.80942e-09,0.00295617,0.0271578,1.38005e-06,1.37728,111.802,-59.9603,1140.04,marginal,VERY_THIN
0.0295617,2.07986e-06,4.49269e-07,3.0742e-09,0.00295617,0.0297173,1.38005e-06,1.50709,111.802,-97.6726,1102.33,operable,
0.0295617,2.27588e-06,4.91612e-07,3.36394e-09,0.00295617,0.0325181,1.38005e-06,1.64913,111.802,-132.171,1067.83,operable,
0.0295617,2.49037e-06,5.37945e-07,3.68098e-09,0.00295617,0.0355828,1.38005e-06,1.80455,111.802,-163.736,1036.26,operable,
0.0295617,2.72508e-06,5.88644e-07,4.02791e-09,0.00295617,0.0389364,1.38005e-06,1.97463,111.802,-192.623,1007.38,operable,
0.0295617,2.98191e-06,6.44123e-07,4.40752e-09,0.00295617,0.0426061,1.38005e-06,2.16073,111.802,-219.067,980.933,operable,
0.0295617,3.26295e-06,7.0483e-07,4.82292e-09,0.00295617,0.0466216,1.38005e-06,2.36437,111.802,-243.283,956.717,operable,
0.0295617,3.57048e-06,7.71258e-07,5.27747e-09,0.00295617,0.0510155,1.38005e-06,2.58721,111.802,-265.468,934.532,operable,
0.0295617,3.90698e-06,8.43947e-07,5.77486e-09,0.00295617,0.0558236,1.38005e-06,2.83105,111.802,-285.8,914.2,operable,
0.0295617,4.27521e-06,9.23487e-07,6.31912e-09,0.00295617,0.0610849,1.38005e-06,3.09787,111.802,-304.446,895.554,operable,
0.0295617,4.67814e-06,1.01052e-06,6.91468e-09,0.00295617,0.0668419,1.38005e-06,3.38983,111.802,-321.557,878.443,operable,
0.0295617,5.11904e-06,1.10576e-06,7.56637e-09,0.00295617,0.0731416,1.38005e-06,3.70932,111.802,-337.271,862.729,operable,
0.0295617,5.60149e-06,1.20998e-06,8.27949e-09,0.00295617,0.080035,1.38005e-06,4.05891,111.802,-351.716,848.284,operable,
0.0295617,6.12942e-06,1.32401e-06,9.0598e-09,0.00295617,0.0875781,1.38005e-06,4.44145,111.802,-365.01,834.99,operable,
0.0295617,6.7071e-06,1.4488e-06,9.91367e-09,0.00295617,0.0958321,1.38005e-06,4.86004,111.802,-377.26,822.74,operable,
0.0295617,7.33923e-06,1.58534e-06,1.0848e-08,0.00295617,0.104864,1.38005e-06,5.31809,111.802,-388.566,811.434,operable,
0.0295617,8.03093e-06,1.73476e-06,1.18704e-08,0.00295617,0.114747,1.38005e-06,5.81931,111.802,-399.019,800.981,operable,
0.0295617,8.78782e-06,1.89826e-06,1.29892e-08,0.00295617,0.125562,1.38005e-06,6.36776,111.802,-408.705,791.295,operable,
0.0295617,9.61605e-06,2.07716e-06,1.42133e-08,0.00295617,0.137396,1.38005e-06,6.96791,111.802,-417.702,782.298,operable,
0.0295617,1.05223e-05,2.27293e-06,1.55529e-08,0.00295617,0.150345,1.38005e-06,7.62461,111.802,-426.083,773.917,operable,
0.0295617,1.1514e-05,2.48715e-06,1.70187e-08,0.00295617,0.164514,1.38005e-06,8.34321,111.802,-433.917,766.083,operable,
0.0295617,1.25992e-05,2.72155e-06,1.86227e-08,0.00295617,0.18002,1.38005e-06,9.12954,111.802,-441.265,758.735,operable,
0.0295617,1.37867e-05,2.97805e-06,2.03779e-08,0.00295617,0.196986,1.38005e-06,9.98997,111.802,-448.19,751.81,operable,
0.0295617,1.5086e-05,3.25873e-06,2.22984e-08,0.00295617,0.215551,1.38005e-06,10.9315,111.802,-454.745,745.255,operable,
0.0295617,1.65078e-05,3.56585e-06,2.44e-08,0.00295617,0.235866,1.38005e-06,11.9618,111.802,-460.986,739.014,operable,
0.0295617,1.80636e-05,3.90192e-06,2.66996e-08,0.00295617,0.258096,1.38005e-06,13.0891,111.802,-466.962,733.038,operable,
0.0295617,1.97661e-05,4.26967e-06,2.9216e-08,0.00295617,0.282421,1.38005e-06,14.3227,111.802,-472.722,727.278,operable,
0.0295617,2.1629e-05,4.67207e-06,3.19695e-08,0.00295617,0.309039,1.38005e-06,15.6726,111.802,-478.313,721.687,operable,
0.0295617,2.36675e-05,5.1124e-06,3.49825e-08,0.00295617,0.338165,1.38005e-06,17.1497,111.802,-483.779,716.221,operable,
0.0295617,2.58981e-05,5.59424e-06,3.82796e-08,0.00295617,0.370036,1.38005e-06,18.7661,111.802,-489.166,710.834,operable,
0.0295617,2.83389e-05,6.12148e-06,4.18873e-08,0.00295617,0.404911,1.38005e-06,20.5347,111.802,-494.518,705.482,operable,
0.0295617,3.10098e-05,6.69841e-06,4.58351e-08,0.00295617,0.443072,1.38005e-06,22.47,111.802,-499.877,700.123,operable,
0.0295617,3.39323e-05,7.32972e-06,5.01549e-08,0.00295617,0.484831,1.38005e-06,24.5878,111.802,-505.287,694.713,operable,
0.0295617,3.71304e-05,8.02052e-06,5.48819e-08,0.00295617,0.530525,1.38005e-06,26.9051,111.802,-510.792,689.208,operable,
0.0295617,4.06298e-05,8.77644e-06,6.00544e-08,0.00295617,0.580525,1.38005e-06,29.4409,111.802,-516.437,683.563,operable,
0.0295617,4.44591e-05,9.60359e-06,6.57143e-08,0.00295617,0.635238,1.38005e-06,32.2156,111.802,-522.268,677.732,operable,
0.0295617,4.86492e-05,1.05087e-05,7.19077e-08,0.00295617,0.695108,1.38005e-06,35.2518,111.802,-528.331,671.669,operable,
0.0295617,5.32343e-05,1.14991e-05,7.86848e-08,0.00295617,0.76062,1.38005e-06,38.5742,111.802,-534.676,665.324,operable,
0.0295617,5.82515e-05,1.25829e-05,8.61007e-08,0.00295617,0.832306,1.38005e-06,42.2097,111.802,-541.356,658.644,operable,
0.0295617,6.37415e-05,1.37688e-05,9.42154e-08,0.00295617,0.910749,1.38005e-06,46.1879,111.802,-548.423,651.577,operable,
0.0295617,6.9749e-05,1.50665e-05,1.03095e-07,0.00295617,0.996585,1.38005e-06,50.541,111.802,-555.935,644.065,operable,
0.0295617,7.63227e-05,1.64864e-05,1.12811e-07,0.00295617,1.09051,1.38005e-06,55.3043,111.802,-563.953,636.047,operable,RE_HIGH
0.0295617,8.35159e-05,1.80402e-05,1.23444e-07,0.00295617,1.19329,1.38005e-06,60.5166,111.802,-572.543,627.457,operable,RE_HIGH
0.0295617,9.1387e-05,1.97405e-05,1.35078e-07,0.00295617,1.30575,1.38005e-06,66.2201,111.802,-581.773,618.227,operable,RE_HIGH
0.0295617,0.0001,2.1601e-05,1.47809e-07,0.00295617,1.42882,1.38005e-06,72.4612,111.802,-591.72,608.28,not operable,RE_HIGH;FLOODING
0.0336741,2e-07,4.3202e-08,3.36741e-10,0.00336741,0.00325516,1.50524e-06,0.132869,98.1481,4036.7,5236.7,not operable,VERY_THIN
0.0336741,2.18849e-07,4.72736e-08,3.68478e-10,0.00336741,0.00356195,1.50524e-06,0.145392,98.1481,3647.74,4847.74,not operable,VERY_THIN
0.0336741,2.39475e-07,5.1729e-08,4.03206e-10,0.00336741,0.00389766,1.50524e-06,0.159095,98.1481,3292.28,4492.28,not operable,VERY_THIN
0.0336741,2.62045e-07,5.66044e-08,4.41207e-10,0.00336741,0.004265,1.50524e-06,0.174089,98.1481,2967.42,4167.42,not operable,VERY_THIN
0.0336741,2.86742e-07,6.19392e-08,4.8279e-10,0.00336741,0.00466697,1.50524e-06,0.190496,98.1481,2670.55,3870.55,not operable,VERY_THIN
0.0336741,3.13767e-07,6.77768e-08,5.28291e-10,0.00336741,0.00510682,1.50524e-06,0.20845,98.1481,2399.23,3599.23,not operable,VERY_THIN
0.0336741,3.43339e-07,7.41646e-08,5.78082e-10,0.00336741,0.00558812,1.50524e-06,0.228096,98.1481,2151.28,3351.28,not operable,VERY_THIN
0.0336741,3.75698e-07,8.11544e-08,6.32564e-10,0.00336741,0.00611479,1.50524e-06,0.249593,98.1481,1924.68,3124.68,not operable,VERY_THIN
0.0336741,4.11106e-07,8.8803e-08,6.92182e-10,0.00336741,0.00669109,1.50524e-06,0.273117,98.1481,1717.59,2917.59,not operable,VERY_THIN
0.0336741,4.49852e-07,9.71724e-08,7.57418e-10,0.00336741,0.00732171,1.50524e-06,0.298857,98.1481,1528.33,2728.33,not operable,VERY_THIN
0.0336741,4.92249e-07,1.06331e-07,8.28803e-10,0.00336741,0.00801176,1.50524e-06,0.327024,98.1481,1355.36,2555.36,not operable,VERY_THIN
0.0336741,5.38642e-07,1.16352e-07,9.06915e-10,0.00336741,0.00876685,1.50524e-06,0.357845,98.1481,1197.28,2397.28,not operable,VERY_THIN
0.0336741,5.89408e-07,1.27318e-07,9.9239e-10,0.00336741,0.0095931,1.50524e-06,0.391571,98.1481,1052.8,2252.8,not operable,VERY_THIN
0.0336741,6.44958e-07,1.39317e-07,1.08592e-09,0.00336741,0.0104972,1.50524e-06,0.428476,98.1481,920.758,2120.76,not operable,VERY_THIN
0.0336741,7.05744e-07,1.52448e-07,1.18826e-09,0.00336741,0.0114866,1.50524e-06,0.468858,98.1481,800.076,2000.08,not operable,VERY_THIN
0.0336741,7.72258e-07,1.66815e-07,1.30026e-09,0.00336741,0.0125691,1.50524e-06,0.513047,98.1481,689.774,1889.77,not operable,VERY_THIN
0.0336741,8.45042e-07,1.82537e-07,1.4228e-09,0.00336741,0.0137537,1.50524e-06,0.5614,98.1481,588.959,1788.96,not operable,VERY_THIN
0.0336741,9.24685e-07,1.99741e-07,1.5569e-09,0.00336741,0.01505,1.50524e-06,0.614311,98.1481,496.81,1696.81,not operable,VERY_THIN
0.0336741,1.01183e-06,2.18566e-07,1.70363e-09,0.00336741,0.0164684,1.50524e-06,0.672208,98.1481,412.581,1612.58,not operable,VERY_THIN
0.0336741,1.1072e-06,2.39165e-07,1.86419e-09,0.00336741,0.0180205,1.50524e-06,0.735562,98.1481,335.588,1535.59,not operable,VERY_THIN
0.0336741,1.21155e-06,2.61706e-07,2.03989e-09,0.00336741,0.0197189,1.50524e-06,0.804886,98.1481,265.205,1465.2,not operable,VERY_THIN
0.0336741,1.32573e-06,2.86371e-07,2.23214e-09,0.00336741,0.0215774,1.50524e-06,0.880745,98.1481,200.861,1400.86,not operable,VERY_THIN
0.0336741,1.45068e-06,3.13361e-07,2.44252e-09,0.00336741,0.023611,1.50524e-06,0.963753,98.1481,142.034,1342.03,not operable,VERY_THIN
0.0336741,1.5874e-06,3.42894e-07,2.67272e-09,0.00336741,0.0258363,1.50524e-06,1.05458,98.1481,88.2472,1288.25,marginal,VERY_THIN
0.0336741,1.73701e-06,3.75211e-07,2.92461e-09,0.00336741,0.0282712,1.50524e-06,1.15398,98.1481,39.0627,1239.06,marginal,VERY_THIN
0.0336741,1.90072e-06,4.10574e-07,3.20025e-09,0.00336741,0.0309357,1.50524e-06,1.26273,98.1481,-5.91825,1194.08,marginal,VERY_THIN
0.0336741,2.07986e-06,4.49269e-07,3.50186e-09,0.00336741,0.0338514,1.50524e-06,1.38174,98.1481,-47.0608,1152.94,marginal,
0.0336741,2.27588e-06,4.91612e-07,3.83191e-09,0.00336741,0.0370418,1.50524e-06,1.51197,98.1481,-84.6989,1115.3,operable,
0.0336741,2.49037e-06,5.37945e-07,4.19305e-09,0.00336741,0.0405328,1.50524e-06,1.65447,98.1481,-119.138,1080.86,operable,
0.0336741,2.72508e-06,5.88644e-07,4.58824e-09,0.00336741,0.044353,1.50524e-06,1.8104,98.1481,-150.658,1049.34,operable,
0.0336741,2.98191e-06,6.44123e-07,5.02067e-09,0.00336741,0.0485331,1.50524e-06,1.98102,98.1481,-179.514,1020.49,operable,
0.0336741,3.26295e-06,7.0483e-07,5.49385e-09,0.00336741,0.0531072,1.50524e-06,2.16773,98.1481,-205.942,994.058,operable,
0.0336741,3.57048e-06,7.71258e-07,6.01163e-09,0.00336741,0.0581124,1.50524e-06,2.37203,98.1481,-230.154,969.846,operable,
0.0336741,3.90698e-06,8.43947e-07,6.57821e-09,0.00336741,0.0635894,1.50524e-06,2.59559,98.1481,-252.348,947.652,operable,
0.0336741,4.27521e-06,9.23487e-07,7.19819e-09,0.00336741,0.0695825,1.50524e-06,2.84022,98.1481,-272.705,927.295,operable,
0.0336741,4.67814e-06,1.01052e-06,7.8766e-09,0.00336741,0.0761405,1.50524e-06,3.1079,98.1481,-291.388,908.612,operable,
0.0336741,5.11904e-06,1.10576e-06,8.61895e-09,0.00336741,0.0833165,1.50524e-06,3.40081,98.1481,-308.55,891.45,operable,
0.0336741,5.60149e-06,1.20998e-06,9.43126e-09,0.00336741,0.0911689,1.50524e-06,3.72133,98.1481,-324.331,875.669,operable,
0.0336741,6.12942e-06,1.32401e-06,1.03201e-08,0.00336741,0.0997613,1.50524e-06,4.07206,98.1481,-338.858,861.142,operable,
0.0336741,6.7071e-06,1.4488e-06,1.12928e-08,0.00336741,0.109164,1.50524e-06,4.45584,98.1481,-352.249,847.751,operable,
0.0336741,7.33923e-06,1.58534e-06,1.23571e-08,0.00336741,0.119452,1.50524e-06,4.87579,98.1481,-364.613,835.387,operable,
0.0336741,8.03093e-06,1.73476e-06,1.35217e-08,0.00336741,0.13071,1.50524e-06,5.33532,98.1481,-376.051,823.949,operable,
0.0336741,8.78782e-06,1.89826e-06,1.47961e-08,0.00336741,0.143029,1.50524e-06,5.83816,98.1481,-386.654,813.346,operable,
0.0336741,9.61605e-06,2.07716e-06,1.61906e-08,0.00336741,0.156509,1.50524e-06,6.38839,98.1481,-396.51,803.49,operable,
0.0336741,1.05223e-05,2.27293e-06,1.77165e-08,0.00336741,0.17126,1.50524e-06,6.99048,98.1481,-405.698,794.302,operable,
0.0336741,1.1514e-05,2.48715e-06,1.93863e-08,0.00336741,0.1874,1.50524e-06,7.64931,98.1481,-414.293,785.707,operable,
0.0336741,1.25992e-05,2.72155e-06,2.12134e-08,0.00336741,0.205062,1.50524e-06,8.37024,98.1481,-422.364,777.636,operable,
0.0336741,1.37867e-05,2.97805e-06,2.32127e-08,0.00336741,0.224389,1.50524e-06,9.15911,98.1481,-429.978,770.022,operable,
0.0336741,1.5086e-05,3.25873e-06,2.54004e-08,0.00336741,0.245537,1.50524e-06,10.0223,98.1481,-437.195,762.805,operable,
0.0336741,1.65078e-05,3.56585e-06,2.77943e-08,0.00336741,0.268678,1.50524e-06,10.9669,98.1481,-444.075,755.925,operable,
0.0336741,1.80636e-05,3.90192e-06,3.04139e-08,0.00336741,0.294001,1.50524e-06,12.0005,98.1481,-450.673,749.327,operable,
0.0336741,1.97661e-05,4.26967e-06,3.32803e-08,0.00336741,0.321709,1.50524e-06,13.1315,98.1481,-457.043,742.957,operable,
0.0336741,2.1629e-05,4.67207e-06,3.64169e-08,0.00336741,0.35203,1.50524e-06,14.3691,98.1481,-463.237,736.763,operable,
0.0336741,2.36675e-05,5.1124e-06,3.9849e-08,0.00336741,0.385207,1.50524e-06,15.7234,98.1481,-469.305,730.695,operable,
0.0336741,2.58981e-05,5.59424e-06,4.36047e-08,0.00336741,0.421512,1.50524e-06,17.2053,98.1481,-475.296,724.704,operable,
0.0336741,2.83389e-05,6.12148e-06,4.77143e-08,0.00336741,0.461239,1.50524e-06,18.8268,98.1481,-481.258,718.742,operable,
0.0336741,3.10098e-05,6.69841e-06,5.22113e-08,0.00336741,0.504709,1.50524e-06,20.6012,98.1481,-487.241,712.759,operable,
0.0336741,3.39323e-05,7.32972e-06,5.71321e-08,0.00336741,0.552277,1.50524e-06,22.5428,98.1481,-493.292,706.708,operable,
0.0336741,3.71304e-05,8.02052e-06,6.25166e-08,0.00336741,0.604327,1.50524e-06,24.6674,98.1481,-499.462,700.538,operable,
0.0336741,4.06298e-05,8.77644e-06,6.84086e-08,0.00336741,0.661284,1.50524e-06,26.9923,98.1481,-505.799,694.201,operable,
0.0336741,4.44591e-05,9.60359e-06,7.4856e-08,0.00336741,0.723608,1.50524e-06,29.5362,98.1481,-512.355,687.645,operable,
0.0336741,4.86492e-05,1.05087e-05,8.1911e-08,0.00336741,0.791806,1.50524e-06,32.3199,98.1481,-519.185,680.815,operable,
0.0336741,5.32343e-05,1.14991e-05,8.96309e-08,0.00336741,0.866432,1.50524e-06,35.366,98.1481,-526.342,673.658,operable,
0.0336741,5.82515e-05,1.25829e-05,9.80783e-08,0.00336741,0.94809,1.50524e-06,38.6992,98.1481,-533.885,666.115,operable,
0.0336741,6.37415e-05,1.37688e-05,1.07322e-07,0.00336741,1.03745,1.50524e-06,42.3464,98.1481,-541.876,658.124,operable,RE_HIGH
0.0336741,6.9749e-05,1.50665e-05,1.17437e-07,0.00336741,1.13522,1.50524e-06,46.3375,98.1481,-550.379,649.621,operable,RE_HIGH
0.0336741,7.63227e-05,1.64864e-05,1.28505e-07,0.00336741,1.24221,1.50524e-06,50.7047,98.1481,-559.463,640.537,operable,RE_HIGH
0.0336741,8.35159e-05,1.80402e-05,1.40616e-07,0.00336741,1.35929,1.50524e-06,55.4835,98.1481,-569.203,630.797,operable,RE_HIGH
0.0336741,9.1387e-05,1.97405e-05,1.53869e-07,0.00336741,1.4874,1.50524e-06,60.7126,98.1481,-579.676,620.324,operable,RE_HIGH
0.0336741,0.0001,2.1601e-05,1.68371e-07,0.00336741,1.62758,1.50524e-06,66.4346,98.1481,-590.969,609.031,not operable,RE_HIGH;FLOODING
0.0383586,2e-07,4.3202e-08,3.83586e-10,0.00383586,0.003708,1.64179e-06,0.121819,86.1619,4463.17,5663.17,not operable,VERY_THIN
0.0383586,2.18849e-07,4.72736e-08,4.19738e-10,0.00383586,0.00405747,1.64179e-06,0.1333,86.1619,4038.93,5238.93,not operable,VERY_THIN
0.0383586,2.39475e-07,5.1729e-08,4.59297e-10,0.00383586,0.00443987,1.64179e-06,0.145863,86.1619,3651.22,4851.22,not operable,VERY_THIN
0.0383586,2.62045e-07,5.66044e-08,5.02585e-10,0.00383586,0.00485832,1.64179e-06,0.15961,86.1619,3296.89,4496.89,not operable,VERY_THIN
0.0383586,2.86742e-07,6.19392e-08,5.49952e-10,0.00383586,0.0053162,1.64179e-06,0.174653,86.1619,2973.08,4173.08,not operable,VERY_THIN
0.0383586,3.13767e-07,6.77768e-08,6.01783e-10,0.00383586,0.00581724,1.64179e-06,0.191113,86.1619,2677.16,3877.16,not operable,VERY_THIN
0.0383586,3.43339e-07,7.41646e-08,6.585e-10,0.00383586,0.0063655,1.64179e-06,0.209125,86.1619,2406.71,3606.71,not operable,VERY_THIN
0.0383586,3.75698e-07,8.11544e-08,7.20562e-10,0.00383586,0.00696543,1.64179e-06,0.228835,86.1619,2159.55,3359.55,not operable,VERY_THIN
0.0383586,4.11106e-07,8.8803e-08,7.88473e-10,0.00383586,0.0076219,1.64179e-06,0.250402,86.1619,1933.67,3133.67,not operable,VERY_THIN
0.0383586,4.49852e-07,9.71724e-08,8.62784e-10,0.00383586,0.00834025,1.64179e-06,0.274002,86.1619,1727.24,2927.24,not operable,VERY_THIN
0.0383586,4.92249e-07,1.06331e-07,9.44099e-10,0.00383586,0.00912629,1.64179e-06,0.299825,86.1619,1538.58,2738.58,not operable,VERY_THIN
0.0383586,5.38642e-07,1.16352e-07,1.03308e-09,0.00383586,0.00998642,1.64179e-06,0.328083,86.1619,1366.15,2566.15,not operable,VERY_THIN
0.0383586,5.89408e-07,1.27318e-07,1.13044e-09,0.00383586,0.0109276,1.64179e-06,0.359004,86.1619,1208.57,2408.57,not operable,VERY_THIN
0.0383586,6.44958e-07,1.39317e-07,1.23698e-09,0.00383586,0.0119575,1.64179e-06,0.392839,86.1619,1064.54,2264.54,not operable,VERY_THIN
0.0383586,7.05744e-07,1.52448e-07,1.35357e-09,0.00383586,0.0130845,1.64179e-06,0.429863,86.1619,932.908,2132.91,not operable,VERY_THIN
0.0383586,7.72258e-07,1.66815e-07,1.48114e-09,0.00383586,0.0143177,1.64179e-06,0.470377,86.1619,812.597,2012.6,not operable,VERY_THIN
0.0383586,8.45042e-07,1.82537e-07,1.62073e-09,0.00383586,0.0156671,1.64179e-06,0.514709,86.1619,702.632,1902.63,not operable,VERY_THIN
0.0383586,9.24685e-07,1.99741e-07,1.77348e-09,0.00383586,0.0171436,1.64179e-06,0.563219,86.1619,602.12,1802.12,not operable,VERY_THIN
0.0383586,1.01183e-06,2.18566e-07,1.94063e-09,0.00383586,0.0187594,1.64179e-06,0.616301,86.1619,510.245,1710.24,not operable,VERY_THIN
0.0383586,1.1072e-06,2.39165e-07,2.12352e-09,0.00383586,0.0205274,1.64179e-06,0.674385,86.1619,426.261,1626.26,not operable,VERY_THIN
0.0383586,1.21155e-06,2.61706e-07,2.32366e-09,0.00383586,0.0224621,1.64179e-06,0.737944,86.1619,349.487,1549.49,not operable,VERY_THIN
0.0383586,1.32573e-06,2.86371e-07,2.54266e-09,0.00383586,0.024579,1.64179e-06,0.807494,86.1619,279.3,1479.3,not operable,VERY_THIN
0.0383586,1.45068e-06,3.13361e-07,2.7823e-09,0.00383586,0.0268956,1.64179e-06,0.883598,86.1619,215.13,1415.13,not operable,VERY_THIN
0.0383586,1.5874e-06,3.42894e-07,3.04452e-09,0.00383586,0.0294304,1.64179e-06,0.966875,86.1619,156.455,1356.46,not operable,VERY_THIN
0.0383586,1.73701e-06,3.75211e-07,3.33146e-09,0.00383586,0.0322041,1.64179e-06,1.058,86.1619,102.8,1302.8,marginal,VERY_THIN
0.0383586,1.90072e-06,4.10574e-07,3.64544e-09,0.00383586,0.0352393,1.64179e-06,1.15771,86.1619,53.7291,1253.73,marginal,VERY_THIN
0.0383586,2.07986e-06,4.49269e-07,3.98902e-09,0.00383586,0.0385605,1.64179e-06,1.26683,86.1619,8.84381,1208.84,marginal,
0.0383586,2.27588e-06,4.91612e-07,4.36497e-09,0.00383586,0.0421947,1.64179e-06,1.38622,86.1619,-32.2201,1167.78,marginal,
0.0383586,2.49037e-06,5.37945e-07,4.77636e-09,0.00383586,0.0461715,1.64179e-06,1.51687,86.1619,-69.7961,1130.2,operable,
0.0383586,2.72508e-06,5.88644e-07,5.22652e-09,0.00383586,0.050523,1.64179e-06,1.65983,86.1619,-104.189,1095.81,operable,
0.0383586,2.98191e-06,6.44123e-07,5.7191e-09,0.00383586,0.0552847,1.64179e-06,1.81626,86.1619,-135.678,1064.32,operable,
0.0383586,3.26295e-06,7.0483e-07,6.25811e-09,0.00383586,0.0604951,1.64179e-06,1.98744,86.1619,-164.519,1035.48,operable,
0.0383586,3.57048e-06,7.71258e-07,6.84792e-09,0.00383586,0.0661966,1.64179e-06,2.17475,86.1619,-190.946,1009.05,operable,
0.0383586,3.90698e-06,8.43947e-07,7.49332e-09,0.00383586,0.0724354,1.64179e-06,2.37972,86.1619,-215.173,984.827,operable,
0.0383586,4.27521e-06,9.23487e-07,8.19955e-09,0.00383586,0.0792623,1.64179e-06,2.604,86.1619,-237.398,962.602,operable,
0.0383586,4.67814e-06,1.01052e-06,8.97233e-09,0.00383586,0.0867325,1.64179e-06,2.84942,86.1619,-257.8,942.2,operable,
0.0383586,5.11904e-06,1.10576e-06,9.81795e-09,0.00383586,0.0949069,1.64179e-06,3.11797,86.1619,-276.545,923.455,operable,
0.0383586,5.60149e-06,1.20998e-06,1.07433e-08,0.00383586,0.103852,1.64179e-06,3.41183,86.1619,-293.785,906.215,operable,
0.0383586,6.12942e-06,1.32401e-06,1.17558e-08,0.00383586,0.113639,1.64179e-06,3.73338,86.1619,-309.661,890.339,operable,
0.0383586,6.7071e-06,1.4488e-06,1.28637e-08,0.00383586,0.12435,1.64179e-06,4.08525,86.1619,-324.301,875.699,operable,
0.0383586,7.33923e-06,1.58534e-06,1.40761e-08,0.00383586,0.136069,1.64179e-06,4.47027,86.1619,-337.824,862.176,operable,
0.0383586,8.03093e-06,1.73476e-06,1.54028e-08,0.00383586,0.148893,1.64179e-06,4.89158,86.1619,-350.339,849.661,operable,
0.0383586,8.78782e-06,1.89826e-06,1.68544e-08,0.00383586,0.162926,1.64179e-06,5.3526,86.1619,-361.949,838.051,operable,
0.0383586,9.61605e-06,2.07716e-06,1.84429e-08,0.00383586,0.178281,1.64179e-06,5.85707,86.1619,-372.748,827.252,operable,
0.0383586,1.05223e-05,2.27293e-06,2.01811e-08,0.00383586,0.195084,1.64179e-06,6.40908,86.1619,-382.822,817.178,operable,
0.0383586,1.1514e-05,2.48715e-06,2.20831e-08,0.00383586,0.21347,1.64179e-06,7.01312,86.1619,-392.255,807.745,operable,
0.0383586,1.25992e-05,2.72155e-06,2.41644e-08,0.00383586,0.233589,1.64179e-06,7.67409,86.1619,-401.122,798.878,operable,
0.0383586,1.37867e-05,2.97805e-06,2.64418e-08,0.00383586,0.255604,1.64179e-06,8.39735,86.1619,-409.496,790.504,operable,
0.0383586,1.5086e-05,3.25873e-06,2.89339e-08,0.00383586,0.279694,1.64179e-06,9.18878,86.1619,-417.444,782.556,operable,
0.0383586,1.65078e-05,3.56585e-06,3.16608e-08,0.00383586,0.306055,1.64179e-06,10.0548,86.1619,-425.032,774.968,operable,
0.0383586,1.80636e-05,3.90192e-06,3.46448e-08,0.00383586,0.3349,1.64179e-06,11.0024,86.1619,-432.32,767.68,operable,
0.0383586,1.97661e-05,4.26967e-06,3.791e-08,0.00383586,0.366463,1.64179e-06,12.0394,86.1619,-439.368,760.632,operable,
0.0383586,2.1629e-05,4.67207e-06,4.14829e-08,0.00383586,0.401001,1.64179e-06,13.1741,86.1619,-446.233,753.767,operable,
0.0383586,2.36675e-05,5.1124e-06,4.53925e-08,0.00383586,0.438795,1.64179e-06,14.4157,86.1619,-452.97,747.03,operable,
0.0383586,2.58981e-05,5.59424e-06,4.96707e-08,0.00383586,0.48015,1.64179e-06,15.7743,86.1619,-459.635,740.365,operable,
0.0383586,2.83389e-05,6.12148e-06,5.4352e-08,0.00383586,0.525403,1.64179e-06,17.261,86.1619,-466.282,733.718,operable,
0.0383586,3.10098e-05,6.69841e-06,5.94745e-08,0.00383586,0.57492,1.64179e-06,18.8878,86.1619,-472.964,727.036,operable,
0.0383586,3.39323e-05,7.32972e-06,6.50798e-08,0.00383586,0.629105,1.64179e-06,20.6679,86.1619,-479.736,720.264,operable,
0.0383586,3.71304e-05,8.02052e-06,7.12135e-08,0.00383586,0.688397,1.64179e-06,22.6158,86.1619,-486.653,713.347,operable,
0.0383586,4.06298e-05,8.77644e-06,7.79251e-08,0.00383586,0.753276,1.64179e-06,24.7473,86.1619,-493.77,706.23,operable,
0.0383586,4.44591e-05,9.60359e-06,8.52694e-08,0.00383586,0.824271,1.64179e-06,27.0797,86.1619,-501.146,698.854,operable,
0.0383586,4.86492e-05,1.05087e-05,9.33058e-08,0.00383586,0.901956,1.64179e-06,29.6319,86.1619,-508.841,691.159,operable,
0.0383586,5.32343e-05,1.14991e-05,1.021e-07,0.00383586,0.986963,1.64179e-06,32.4246,86.1619,-516.916,683.084,operable,
0.0383586,5.82515e-05,1.25829e-05,1.11722e-07,0.00383586,1.07998,1.64179e-06,35.4806,86.1619,-525.438,674.562,operable,RE_HIGH
0.0383586,6.37415e-05,1.37688e-05,1.22252e-07,0.00383586,1.18177,1.64179e-06,38.8245,86.1619,-534.476,665.524,operable,RE_HIGH
0.0383586,6.9749e-05,1.50665e-05,1.33774e-07,0.00383586,1.29315,1.64179e-06,42.4836,86.1619,-544.103,655.897,operable,RE_HIGH
0.0383586,7.63227e-05,1.64864e-05,1.46381e-07,0.00383586,1.41502,1.64179e-06,46.4876,86.1619,-554.397,645.603,operable,RE_HIGH
0.0383586,8.35159e-05,1.80402e-05,1.60178e-07,0.00383586,1.54838,1.64179e-06,50.8689,86.1619,-565.442,634.558,operable,RE_HIGH
0.0383586,9.1387e-05,1.97405e-05,1.75274e-07,0.00383586,1.69431,1.64179e-06,55.6632,86.1619,-577.327,622.673,operable,RE_HIGH
0.0383586,0.0001,2.1601e-05,1.91793e-07,0.00383586,1.854,1.64179e-06,60.9093,86.1619,-590.149,609.851,not operable,RE_HIGH;FLOODING
0.0436947,2e-07,4.3202e-08,4.36947e-10,0.00436947,0.00422382,1.79072e-06,0.111687,75.6395,4929.14,6129.14,not operable,VERY_THIN
0.0436947,2.18849e-07,4.72736e-08,4.78129e-10,0.00436947,0.00462191,1.79072e-06,0.122213,75.6395,4466.41,5666.41,not operable,VERY_THIN
0.0436947,2.39475e-07,5.1729e-08,5.23191e-10,0.00436947,0.00505751,1.79072e-06,0.133731,75.6395,4043.53,5243.53,not operable,VERY_THIN
0.0436947,2.62045e-07,5.66044e-08,5.725e-10,0.00436947,0.00553417,1.79072e-06,0.146335,75.6395,3657.06,4857.06,not operable,VERY_THIN
0.0436947,2.86742e-07,6.19392e-08,6.26457e-10,0.00436947,0.00605575,1.79072e-06,0.160127,75.6395,3303.88,4503.88,not operable,VERY_THIN
0.0436947,3.13767e-07,6.77768e-08,6.85499e-10,0.00436947,0.00662649,1.79072e-06,0.175219,75.6395,2981.1,4181.1,not operable,VERY_THIN
0.0436947,3.43339e-07,7.41646e-08,7.50105e-10,0.00436947,0.00725102,1.79072e-06,0.191732,75.6395,2686.12,3886.12,not operable,VERY_THIN
0.0436947,3.75698e-07,8.11544e-08,8.20801e-10,0.00436947,0.00793441,1.79072e-06,0.209803,75.6395,2416.54,3616.54,not operable,VERY_THIN
0.0436947,4.11106e-07,8.8803e-08,8.98159e-10,0.00436947,0.0086822,1.79072e-06,0.229576,75.6395,2170.17,3370.17,not operable,VERY_THIN
0.0436947,4.49852e-07,9.71724e-08,9.82808e-10,0.00436947,0.00950048,1.79072e-06,0.251213,75.6395,1945.01,3145.01,not operable,VERY_THIN
0.0436947,4.92249e-07,1.06331e-07,1.07544e-09,0.00436947,0.0103959,1.79072e-06,0.274889,75.6395,1739.23,2939.23,not operable,VERY_THIN
0.0436947,5.38642e-07,1.16352e-07,1.17679e-09,0.00436947,0.0113757,1.79072e-06,0.300797,75.6395,1551.16,2751.16,not operable,VERY_THIN
0.0436947,5.89408e-07,1.27318e-07,1.2877e-09,0.00436947,0.0124478,1.79072e-06,0.329146,75.6395,1379.27,2579.27,not operable,VERY_THIN
0.0436947,6.44958e-07,1.39317e-07,1.40906e-09,0.00436947,0.013621,1.79072e-06,0.360167,75.6395,1222.18,2422.18,not operable,VERY_THIN
0.0436947,7.05744e-07,1.52448e-07,1.54186e-09,0.00436947,0.0149047,1.79072e-06,0.394112,75.6395,1078.6,2278.6,not operable,VERY_THIN
0.0436947,7.72258e-07,1.66815e-07,1.68718e-09,0.00436947,0.0163094,1.79072e-06,0.431256,75.6395,947.372,2147.37,not operable,VERY_THIN
0.0436947,8.45042e-07,1.82537e-07,1.84619e-09,0.00436947,0.0178465,1.79072e-06,0.471901,75.6395,827.426,2027.43,not operable,VERY_THIN
0.0436947,9.24685e-07,1.99741e-07,2.02019e-09,0.00436947,0.0195285,1.79072e-06,0.516376,75.6395,717.79,1917.79,not operable,VERY_THIN
0.0436947,1.01183e-06,2.18566e-07,2.21059e-09,0.00436947,0.021369,1.79072e-06,0.565043,75.6395,617.575,1817.58,not operable,VERY_THIN
0.0436947,1.1072e-06,2.39165e-07,2.41893e-09,0.00436947,0.023383,1.79072e-06,0.618297,75.6395,525.967,1725.97,not operable,VERY_THIN
0.0436947,1.21155e-06,2.61706e-07,2.64691e-09,0.00436947,0.0255868,1.79072e-06,0.67657,75.6395,442.222,1642.22,not operable,VERY_THIN
0.0436947,1.32573e-06,2.86371e-07,2.89637e-09,0.00436947,0.0279983,1.79072e-06,0.740335,75.6395,365.66,1565.66,not operable,VERY_THIN
0.0436947,1.45068e-06,3.13361e-07,3.16935e-09,0.00436947,0.0306371,1.79072e-06,0.810109,75.6395,295.66,1495.66,not operable,VERY_THIN
0.0436947,1.5874e-06,3.42894e-07,3.46805e-09,0.00436947,0.0335245,1.79072e-06,0.88646,75.6395,231.654,1431.65,not operable,VERY_THIN
0.0436947,1.73701e-06,3.75211e-07,3.79491e-09,0.00436947,0.0366841,1.79072e-06,0.970006,75.6395,173.121,1373.12,not operable,VERY_THIN
0.0436947,1.90072e-06,4.10574e-07,4.15257e-09,0.00436947,0.0401415,1.79072e-06,1.06143,75.6395,119.588,1319.59,marginal,VERY_THIN
0.0436947,2.07986e-06,4.49269e-07,4.54394e-09,0.00436947,0.0439247,1.79072e-06,1.16146,75.6395,70.619,1270.62,marginal,
0.0436947,2.27588e-06,4.91612e-07,4.97219e-09,0.00436947,0.0480645,1.79072e-06,1.27093,75.6395,25.8168,1225.82,marginal,
0.0436947,2.49037e-06,5.37945e-07,5.44081e-09,0.00436947,0.0525945,1.79072e-06,1.39071,75.6395,-15.1821,1184.82,marginal,
0.0436947,2.72508e-06,5.88644e-07,5.95359e-09,0.00436947,0.0575514,1.79072e-06,1.52178,75.6395,-52.7107,1147.29,operable,
0.0436947,2.98191e-06,6.44123e-07,6.5147e-09,0.00436947,0.0629754,1.79072e-06,1.6652,75.6395,-87.0735,1112.93,operable,
0.0436947,3.26295e-06,7.0483e-07,7.12869e-09,0.00436947,0.0689107,1.79072e-06,1.82215,75.6395,-118.55,1081.45,operable,
0.0436947,3.57048e-06,7.71258e-07,7.80055e-09,0.00436947,0.0754053,1.79072e-06,1.99388,75.6395,-147.394,1052.61,operable,
0.0436947,3.90698e-06,8.43947e-07,8.53573e-09,0.00436947,0.0825121,1.79072e-06,2.1818,75.6395,-173.842,1026.16,operable,
0.0436947,4.27521e-06,9.23487e-07,9.3402e-09,0.00436947,0.0902886,1.79072e-06,2.38742,75.6395,-198.107,1001.89,operable,
0.0436947,4.67814e-06,1.01052e-06,1.02205e-08,0.00436947,0.0987981,1.79072e-06,2.61243,75.6395,-220.387,979.613,operable,
0.0436947,5.11904e-06,1.10576e-06,1.11837e-08,0.00436947,0.10811,1.79072e-06,2.85865,75.6395,-240.862,959.138,operable,
0.0436947,5.60149e-06,1.20998e-06,1.22378e-08,0.00436947,0.118299,1.79072e-06,3.12807,75.6395,-259.698,940.302,operable,
0.0436947,6.12942e-06,1.32401e-06,1.33912e-08,0.00436947,0.129448,1.79072e-06,3.42288,75.6395,-277.05,922.95,operable,
0.0436947,6.7071e-06,1.4488e-06,1.46532e-08,0.00436947,0.141648,1.79072e-06,3.74548,75.6395,-293.056,906.944,operable,
0.0436947,7.33923e-06,1.58534e-06,1.60343e-08,0.00436947,0.154998,1.79072e-06,4.09848,75.6395,-307.848,892.152,operable,
0.0436947,8.03093e-06,1.73476e-06,1.75455e-08,0.00436947,0.169606,1.79072e-06,4.48475,75.6395,-321.545,878.455,operable,
0.0436947,8.78782e-06,1.89826e-06,1.91991e-08,0.00436947,0.185591,1.79072e-06,4.90743,75.6395,-334.259,865.741,operable,
0.0436947,9.61605e-06,2.07716e-06,2.10085e-08,0.00436947,0.203083,1.79072e-06,5.36994,75.6395,-346.092,853.908,operable,
0.0436947,1.05223e-05,2.27293e-06,2.29885e-08,0.00436947,0.222223,1.79072e-06,5.87604,75.6395,-357.141,842.859,operable,
0.0436947,1.1514e-05,2.48715e-06,2.51552e-08,0.00436947,0.243166,1.79072e-06,6.42984,75.6395,-367.496,832.504,operable,
0.0436947,1.25992e-05,2.72155e-06,2.7526e-08,0.00436947,0.266084,1.79072e-06,7.03584,75.6395,-377.24,822.76,operable,
0.0436947,1.37867e-05,2.97805e-06,3.01202e-08,0.00436947,0.291162,1.79072e-06,7.69895,75.6395,-386.453,813.547,operable,
0.0436947,1.5086e-05,3.25873e-06,3.2959e-08,0.00436947,0.318603,1.79072e-06,8.42455,75.6395,-395.209,804.791,operable,
0.0436947,1.65078e-05,3.56585e-06,3.60653e-08,0.00436947,0.348631,1.79072e-06,9.21854,75.6395,-403.58,796.42,operable,
0.0436947,1.80636e-05,3.90192e-06,3.94643e-08,0.00436947,0.381488,1.79072e-06,10.0874,75.6395,-411.633,788.367,operable,
0.0436947,1.97661e-05,4.26967e-06,4.31837e-08,0.00436947,0.417443,1.79072e-06,11.0381,75.6395,-419.434,780.566,operable,
0.0436947,2.1629e-05,4.67207e-06,4.72537e-08,0.00436947,0.456785,1.79072e-06,12.0784,75.6395,-427.046,772.954,operable,
0.0436947,2.36675e-05,5.1124e-06,5.17072e-08,0.00436947,0.499836,1.79072e-06,13.2167,75.6395,-434.531,765.469,operable,
0.0436947,2.58981e-05,5.59424e-06,5.65805e-08,0.00436947,0.546945,1.79072e-06,14.4624,75.6395,-441.95,758.05,operable,
0.0436947,2.83389e-05,6.12148e-06,6.1913e-08,0.00436947,0.598493,1.79072e-06,15.8254,75.6395,-449.363,750.637,operable,
0.0436947,3.10098e-05,6.69841e-06,6.77482e-08,0.00436947,0.654899,1.79072e-06,17.3169,75.6395,-456.829,743.171,operable,
0.0436947,3.39323e-05,7.32972e-06,7.41333e-08,0.00436947,0.716621,1.79072e-06,18.949,75.6395,-464.411,735.589,operable,
0.0436947,3.71304e-05,8.02052e-06,8.11201e-08,0.00436947,0.784161,1.79072e-06,20.7349,75.6395,-472.169,727.831,operable,
0.0436947,4.06298e-05,8.77644e-06,8.87655e-08,0.00436947,0.858066,1.79072e-06,22.6891,75.6395,-480.166,719.834,operable,
0.0436947,4.44591e-05,9.60359e-06,9.71314e-08,0.00436947,0.938937,1.79072e-06,24.8275,75.6395,-488.467,711.533,operable,
0.0436947,4.86492e-05,1.05087e-05,1.06286e-07,0.00436947,1.02743,1.79072e-06,27.1674,75.6395,-497.139,702.861,operable,RE_HIGH
0.0436947,5.32343e-05,1.14991e-05,1.16303e-07,0.00436947,1.12426,1.79072e-06,29.7279,75.6395,-506.254,693.746,operable,RE_HIGH
0.0436947,5.82515e-05,1.25829e-05,1.27264e-07,0.00436947,1.23022,1.79072e-06,32.5297,75.6395,-515.884,684.116,operable,RE_HIGH
0.0436947,6.37415e-05,1.37688e-05,1.39258e-07,0.00436947,1.34617,1.79072e-06,35.5955,75.6395,-526.109,673.891,operable,RE_HIGH
0.0436947,6.9749e-05,1.50665e-05,1.52383e-07,0.00436947,1.47304,1.79072e-06,38.9503,75.6395,-537.011,662.989,operable,RE_HIGH
0.0436947,7.63227e-05,1.64864e-05,1.66745e-07,0.00436947,1.61187,1.79072e-06,42.6212,75.6395,-548.678,651.322,operable,RE_HIGH
0.0436947,8.35159e-05,1.80402e-05,1.8246e-07,0.00436947,1.76378,1.79072e-06,46.6382,75.6395,-561.205,638.795,operable,RE_HIGH
0.0436947,9.1387e-05,1.97405e-05,1.99657e-07,0.00436947,1.93001,1.79072e-06,51.0337,75.6395,-574.695,625.305,operable,RE_HIGH
0.0436947,0.0001,2.1601e-05,2.18474e-07,0.00436947,2.11191,1.79072e-06,55.8435,75.6395,-589.256,610.744,not operable,RE_HIGH;FLOODING
0.0497732,2e-07,4.3202e-08,4.97732e-10,0.00497732,0.00481141,1.95316e-06,0.102398,66.4022,5438.32,6638.32,not operable,VERY_THIN
0.0497732,2.18849e-07,4.72736e-08,5.44642e-10,0.00497732,0.00526487,1.95316e-06,0.112049,66.4022,4933.6,6133.6,not operable,VERY_THIN
0.0497732,2.39475e-07,5.1729e-08,5.95973e-10,0.00497732,0.00576107,1.95316e-06,0.122609,66.4022,4472.36,5672.36,not operable,VERY_THIN
0.0497732,2.62045e-07,5.66044e-08,6.52142e-10,0.00497732,0.00630404,1.95316e-06,0.134165,66.4022,4050.83,5250.83,not operable,VERY_THIN
0.0497732,2.86742e-07,6.19392e-08,7.13605e-10,0.00497732,0.00689818,1.95316e-06,0.146809,66.4022,3665.61,4865.61,not operable,VERY_THIN
0.0497732,3.13767e-07,6.77768e-08,7.8086e-10,0.00497732,0.00754831,1.95316e-06,0.160646,66.4022,3313.55,4513.55,not operable,VERY_THIN
0.0497732,3.43339e-07,7.41646e-08,8.54454e-10,0.00497732,0.00825972,1.95316e-06,0.175786,66.4022,2991.81,4191.81,not operable,VERY_THIN
0.0497732,3.75698e-07,8.11544e-08,9.34984e-10,0.00497732,0.00903818,1.95316e-06,0.192353,66.4022,2697.77,3897.77,not operable,VERY_THIN
0.0497732,4.11106e-07,8.8803e-08,1.0231e-09,0.00497732,0.00989,1.95316e-06,0.210482,66.4022,2429.04,3629.04,not operable,VERY_THIN
0.0497732,4.49852e-07,9.71724e-08,1.11953e-09,0.00497732,0.0108221,1.95316e-06,0.23032,66.4022,2183.45,3383.45,not operable,VERY_THIN
0.0497732,4.92249e-07,1.06331e-07,1.22504e-09,0.00497732,0.0118421,1.95316e-06,0.252027,66.4022,1959,3159,not operable,VERY_THIN
0.0497732,5.38642e-07,1.16352e-07,1.3405e-09,0.00497732,0.0129581,1.95316e-06,0.27578,66.4022,1753.87,2953.87,not operable,VERY_THIN
0.0497732,5.89408e-07,1.27318e-07,1.46684e-09,0.00497732,0.0141794,1.95316e-06,0.301771,66.4022,1566.39,2766.39,not operable,VERY_THIN
0.0497732,6.44958e-07,1.39317e-07,1.60508e-09,0.00497732,0.0155158,1.95316e-06,0.330212,66.4022,1395.04,2595.04,not operable,VERY_THIN
0.0497732,7.05744e-07,1.52448e-07,1.75636e-09,0.00497732,0.0169781,1.95316e-06,0.361334,66.4022,1238.43,2438.43,not operable,VERY_THIN
0.0497732,7.72258e-07,1.66815e-07,1.92189e-09,0.00497732,0.0185783,1.95316e-06,0.395389,66.4022,1095.29,2295.29,not operable,VERY_THIN
0.0497732,8.45042e-07,1.82537e-07,2.10302e-09,0.00497732,0.0203292,1.95316e-06,0.432653,66.4022,964.463,2164.46,not operable,VERY_THIN
0.0497732,9.24685e-07,1.99741e-07,2.30123e-09,0.00497732,0.0222452,1.95316e-06,0.473429,66.4022,844.876,2044.88,not operable,VERY_THIN
0.0497732,1.01183e-06,2.18566e-07,2.51811e-09,0.00497732,0.0243417,1.95316e-06,0.518049,66.4022,735.563,1935.56,not operable,VERY_THIN
0.0497732,1.1072e-06,2.39165e-07,2.75544e-09,0.00497732,0.0266359,1.95316e-06,0.566873,66.4022,635.637,1835.64,not operable,VERY_THIN
0.0497732,1.21155e-06,2.61706e-07,3.01513e-09,0.00497732,0.0291462,1.95316e-06,0.6203,66.4022,544.287,1744.29,not operable,VERY_THIN
0.0497732,1.32573e-06,2.86371e-07,3.2993e-09,0.00497732,0.0318932,1.95316e-06,0.678761,66.4022,460.771,1660.77,not operable,VERY_THIN
0.0497732,1.45068e-06,3.13361e-07,3.61025e-09,0.00497732,0.034899,1.95316e-06,0.742733,66.4022,384.412,1584.41,not operable,VERY_THIN
0.0497732,1.5874e-06,3.42894e-07,3.9505e-09,0.00497732,0.0381882,1.95316e-06,0.812733,66.4022,314.589,1514.59,not operable,VERY_THIN
0.0497732,1.73701e-06,3.75211e-07,4.32283e-09,0.00497732,0.0417873,1.95316e-06,0.889331,66.4022,250.735,1450.74,not operable,VERY_THIN
0.0497732,1.90072e-06,4.10574e-07,4.73024e-09,0.00497732,0.0457257,1.95316e-06,0.973148,66.4022,192.333,1392.33,not operable,VERY_THIN
0.0497732,2.07986e-06,4.49269e-07,5.17605e-09,0.00497732,0.0500352,1.95316e-06,1.06487,66.4022,138.908,1338.91,marginal,
0.0497732,2.27588e-06,4.91612e-07,5.66388e-09,0.00497732,0.0547509,1.95316e-06,1.16523,66.4022,90.0272,1290.03,marginal,
0.0497732,2.49037e-06,5.37945e-07,6.19769e-09,0.00497732,0.059911,1.95316e-06,1.27505,66.4022,45.2927,1245.29,marginal,
0.0497732,2.72508e-06,5.88644e-07,6.78181e-09,0.00497732,0.0655575,1.95316e-06,1.39522,66.4022,4.3419,1204.34,marginal,
0.0497732,2.98191e-06,6.44123e-07,7.42097e-09,0.00497732,0.0717361,1.95316e-06,1.52671,66.4022,-33.1577,1166.84,operable,
0.0497732,3.26295e-06,7.0483e-07,8.12038e-09,0.00497732,0.078497,1.95316e-06,1.6706,66.4022,-67.5105,1132.49,operable,
0.0497732,3.57048e-06,7.71258e-07,8.8857e-09,0.00497732,0.0858951,1.95316e-06,1.82805,66.4022,-98.9953,1101,operable,
0.0497732,3.90698e-06,8.43947e-07,9.72316e-09,0.00497732,0.0939905,1.95316e-06,2.00034,66.4022,-127.868,1072.13,operable,
0.0497732,4.27521e-06,9.23487e-07,1.06395e-08,0.00497732,0.102849,1.95316e-06,2.18886,66.4022,-154.362,1045.64,operable,
0.0497732,4.67814e-06,1.01052e-06,1.16423e-08,0.00497732,0.112542,1.95316e-06,2.39516,66.4022,-178.694,1021.31,operable,
0.0497732,5.11904e-06,1.10576e-06,1.27395e-08,0.00497732,0.123149,1.95316e-06,2.6209,66.4022,-201.06,998.94,operable,
0.0497732,5.60149e-06,1.20998e-06,1.39402e-08,0.00497732,0.134755,1.95316e-06,2.86791,66.4022,-221.642,978.358,operable,
0.0497732,6.12942e-06,1.32401e-06,1.5254e-08,0.00497732,0.147456,1.95316e-06,3.1382,66.4022,-240.607,959.393,operable,
0.0497732,6.7071e-06,1.4488e-06,1.66917e-08,0.00497732,0.161353,1.95316e-06,3.43397,66.4022,-258.109,941.891,operable,
0.0497732,7.33923e-06,1.58534e-06,1.82648e-08,0.00497732,0.17656,1.95316e-06,3.75761,66.4022,-274.291,925.709,operable,
0.0497732,8.03093e-06,1.73476e-06,1.99863e-08,0.00497732,0.1932,1.95316e-06,4.11175,66.4022,-289.283,910.717,operable,
0.0497732,8.78782e-06,1.89826e-06,2.18699e-08,0.00497732,0.211409,1.95316e-06,4.49928,66.4022,-303.208,896.792,operable,
0.0497732,9.61605e-06,2.07716e-06,2.39311e-08,0.00497732,0.231334,1.95316e-06,4.92332,66.4022,-316.178,883.822,operable,
0.0497732,1.05223e-05,2.27293e-06,2.61865e-08,0.00497732,0.253136,1.95316e-06,5.38733,66.4022,-328.298,871.702,operable,
0.0497732,1.1514e-05,2.48715e-06,2.86545e-08,0.00497732,0.276994,1.95316e-06,5.89507,66.4022,-339.668,860.332,operable,
0.0497732,1.25992e-05,2.72155e-06,3.13552e-08,0.00497732,0.3031,1.95316e-06,6.45067,66.4022,-350.379,849.621,operable,
0.0497732,1.37867e-05,2.97805e-06,3.43103e-08,0.00497732,0.331666,1.95316e-06,7.05863,66.4022,-360.518,839.482,operable,
0.0497732,1.5086e-05,3.25873e-06,3.7544e-08,0.00497732,0.362925,1.95316e-06,7.72388,66.4022,-370.167,829.833,operable,
0.0497732,1.65078e-05,3.56585e-06,4.10824e-08,0.00497732,0.39713,1.95316e-06,8.45184,66.4022,-379.405,820.595,operable,
0.0497732,1.80636e-05,3.90192e-06,4.49543e-08,0.00497732,0.434558,1.95316e-06,9.2484,66.4022,-388.307,811.693,operable,
0.0497732,1.97661e-05,4.26967e-06,4.91911e-08,0.00497732,0.475514,1.95316e-06,10.12,66.4022,-396.946,803.054,operable,
0.0497732,2.1629e-05,4.67207e-06,5.38272e-08,0.00497732,0.52033,1.95316e-06,11.0738,66.4022,-405.39,794.61,operable,
0.0497732,2.36675e-05,5.1124e-06,5.89003e-08,0.00497732,0.56937,1.95316e-06,12.1175,66.4022,-413.71,786.29,operable,
0.0497732,2.58981e-05,5.59424e-06,6.44515e-08,0.00497732,0.623031,1.95316e-06,13.2596,66.4022,-421.971,778.029,operable,
0.0497732,2.83389e-05,6.12148e-06,7.05259e-08,0.00497732,0.68175,1.95316e-06,14.5092,66.4022,-430.242,769.758,operable,
0.0497732,3.10098e-05,6.69841e-06,7.71728e-08,0.00497732,0.746003,1.95316e-06,15.8767,66.4022,-438.59,761.41,operable,
0.0497732,3.39323e-05,7.32972e-06,8.44461e-08,0.00497732,0.816312,1.95316e-06,17.373,66.4022,-447.081,752.919,operable,
0.0497732,3.71304e-05,8.02052e-06,9.24049e-08,0.00497732,0.893248,1.95316e-06,19.0104,66.4022,-455.786,744.214,operable,
0.0497732,4.06298e-05,8.77644e-06,1.01114e-07,0.00497732,0.977434,1.95316e-06,20.8021,66.4022,-464.775,735.225,operable,
0.0497732,4.44591e-05,9.60359e-06,1.10644e-07,0.00497732,1.06955,1.95316e-06,22.7626,66.4022,-474.121,725.879,operable,RE_HIGH
0.0497732,4.86492e-05,1.05087e-05,1.21071e-07,0.00497732,1.17036,1.95316e-06,24.9079,66.4022,-483.899,716.101,operable,RE_HIGH
0.0497732,5.32343e-05,1.14991e-05,1.32482e-07,0.00497732,1.28066,1.95316e-06,27.2554,66.4022,-494.19,705.81,operable,RE_HIGH
0.0497732,5.82515e-05,1.25829e-05,1.44968e-07,0.00497732,1.40136,1.95316e-06,29.8242,66.4022,-505.076,694.924,operable,RE_HIGH
0.0497732,6.37415e-05,1.37688e-05,1.58631e-07,0.00497732,1.53343,1.95316e-06,32.635,66.4022,-516.646,683.354,operable,RE_HIGH
0.0497732,6.9749e-05,1.50665e-05,1.73582e-07,0.00497732,1.67796,1.95316e-06,35.7108,66.4022,-528.994,671.006,operable,RE_HIGH
0.0497732,7.63227e-05,1.64864e-05,1.89941e-07,0.00497732,1.8361,1.95316e-06,39.0764,66.4022,-542.22,657.78,operable,RE_HIGH
0.0497732,8.35159e-05,1.80402e-05,2.07843e-07,0.00497732,2.00915,1.95316e-06,42.7593,66.4022,-556.431,643.569,operable,RE_HIGH
0.0497732,9.1387e-05,1.97405e-05,2.27431e-07,0.00497732,2.1985,1.95316e-06,46.7892,66.4022,-571.743,628.257,operable,RE_HIGH
0.0497732,0.0001,2.1601e-05,2.48866e-07,0.00497732,2.40571,1.95316e-06,51.199,66.4022,-588.281,611.719,not operable,RE_HIGH;FLOODING
0.0566973,2e-07,4.3202e-08,5.66973e-10,0.00566973,0.00548074,2.13034e-06,0.0938816,58.2929,5994.73,7194.73,not operable,VERY_THIN
0.0566973,2.18849e-07,4.72736e-08,6.20408e-10,0.00566973,0.00599728,2.13034e-06,0.10273,58.2929,5444.23,6644.23,not operable,VERY_THIN
0.0566973,2.39475e-07,5.1729e-08,6.7888e-10,0.00566973,0.00656251,2.13034e-06,0.112412,58.2929,4941.15,6141.15,not operable,VERY_THIN
0.0566973,2.62045e-07,5.66044e-08,7.42863e-10,0.00566973,0.00718101,2.13034e-06,0.123006,58.2929,4481.38,5681.38,not operable,VERY_THIN
0.0566973,2.86742e-07,6.19392e-08,8.12876e-10,0.00566973,0.0078578,2.13034e-06,0.134599,58.2929,4061.2,5261.2,not operable,VERY_THIN
0.0566973,3.13767e-07,6.77768e-08,8.89487e-10,0.00566973,0.00859838,2.13034e-06,0.147285,58.2929,3677.21,4877.21,not operable,VERY_THIN
0.0566973,3.43339e-07,7.41646e-08,9.73319e-10,0.00566973,0.00940875,2.13034e-06,0.161166,58.2929,3326.28,4526.28,not operable,VERY_THIN
0.0566973,3.75698e-07,8.11544e-08,1.06505e-09,0.00566973,0.0102955,2.13034e-06,0.176355,58.2929,3005.56,4205.56,not operable,VERY_THIN
0.0566973,4.11106e-07,8.8803e-08,1.16543e-09,0.00566973,0.0112658,2.13034e-06,0.192977,58.2929,2712.46,3912.46,not operable,VERY_THIN
0.0566973,4.49852e-07,9.71724e-08,1.27527e-09,0.00566973,0.0123276,2.13034e-06,0.211164,58.2929,2444.58,3644.58,not operable,VERY_THIN
0.0566973,4.92249e-07,1.06331e-07,1.39546e-09,0.00566973,0.0134894,2.13034e-06,0.231066,58.2929,2199.77,3399.77,not operable,VERY_THIN
0.0566973,5.38642e-07,1.16352e-07,1.52698e-09,0.00566973,0.0147608,2.13034e-06,0.252843,58.2929,1976.02,3176.02,not operable,VERY_THIN
0.0566973,5.89408e-07,1.27318e-07,1.67089e-09,0.00566973,0.016152,2.13034e-06,0.276673,58.2929,1771.53,2971.53,not operable,VERY_THIN
0.0566973,6.44958e-07,1.39317e-07,1.82837e-09,0.00566973,0.0176742,2.13034e-06,0.302749,58.2929,1584.64,2784.64,not operable,VERY_THIN
0.0566973,7.05744e-07,1.52448e-07,2.00069e-09,0.00566973,0.01934,2.13034e-06,0.331282,58.2929,1413.82,2613.82,not operable,VERY_THIN
0.0566973,7.72258e-07,1.66815e-07,2.18925e-09,0.00566973,0.0211627,2.13034e-06,0.362504,58.2929,1257.69,2457.69,not operable,VERY_THIN
0.0566973,8.45042e-07,1.82537e-07,2.39558e-09,0.00566973,0.0231573,2.13034e-06,0.396669,58.2929,1114.98,2314.98,not operable,VERY_THIN
0.0566973,9.24685e-07,1.99741e-07,2.62135e-09,0.00566973,0.0253398,2.13034e-06,0.434054,58.2929,984.538,2184.54,not operable,VERY_THIN
0.0566973,1.01183e-06,2.18566e-07,2.86841e-09,0.00566973,0.027728,2.13034e-06,0.474963,58.2929,865.302,2065.3,not operable,VERY_THIN
0.0566973,1.1072e-06,2.39165e-07,3.13875e-09,0.00566973,0.0303413,2.13034e-06,0.519727,58.2929,756.303,1956.3,not operable,VERY_THIN
0.0566973,1.21155e-06,2.61706e-07,3.43457e-09,0.00566973,0.0332008,2.13034e-06,0.56871,58.2929,656.657,1856.66,not operable,VERY_THIN
0.0566973,1.32573e-06,2.86371e-07,3.75827e-09,0.00566973,0.0363299,2.13034e-06,0.622309,58.2929,565.556,1765.56,not operable,VERY_THIN
0.0566973,1.45068e-06,3.13361e-07,4.11248e-09,0.00566973,0.0397539,2.13034e-06,0.68096,58.2929,482.258,1682.26,not operable,VERY_THIN
0.0566973,1.5874e-06,3.42894e-07,4.50007e-09,0.00566973,0.0435006,2.13034e-06,0.745139,58.2929,406.089,1606.09,not operable,VERY_THIN
0.0566973,1.73701e-06,3.75211e-07,4.92418e-09,0.00566973,0.0476005,2.13034e-06,0.815366,58.2929,336.431,1536.43,not operable,VERY_THIN
0.0566973,1.90072e-06,4.10574e-07,5.38828e-09,0.00566973,0.0520867,2.13034e-06,0.892212,58.2929,272.716,1472.72,not operable,VERY_THIN
0.0566973,2.07986e-06,4.49269e-07,5.89611e-09,0.00566973,0.0569957,2.13034e-06,0.976301,58.2929,214.43,1414.43,not operable,
0.0566973,2.27588e-06,4.91612e-07,6.4518e-09,0.00566973,0.0623674,2.13034e-06,1.06831,58.2929,161.097,1361.1,marginal,
0.0566973,2.49037e-06,5.37945e-07,7.05986e-09,0.00566973,0.0682454,2.13034e-06,1.169,58.2929,112.286,1312.29,marginal,
0.0566973,2.72508e-06,5.88644e-07,7.72524e-09,0.00566973,0.0746773,2.13034e-06,1.27918,58.2929,67.6002,1267.6,marginal,
0.0566973,2.98191e-06,6.44123e-07,8.45332e-09,0.00566973,0.0817154,2.13034e-06,1.39973,58.2929,26.6765,1226.68,marginal,
0.0566973,3.26295e-06,7.0483e-07,9.25002e-09,0.00566973,0.0894169,2.13034e-06,1.53166,58.2929,-10.8169,1189.18,operable,
0.0566973,3.57048e-06,7.71258e-07,1.01218e-08,0.00566973,0.0978442,2.13034e-06,1.67601,58.2929,-45.1845,1154.82,operable,
0.0566973,3.90698e-06,8.43947e-07,1.10758e-08,0.00566973,0.107066,2.13034e-06,1.83397,58.2929,-76.7052,1123.29,operable,
0.0566973,4.27521e-06,9.23487e-07,1.21196e-08,0.00566973,0.117156,2.13034e-06,2.00682,58.2929,-105.635,1094.37,operable,
0.0566973,4.67814e-06,1.01052e-06,1.32619e-08,0.00566973,0.128198,2.13034e-06,2.19595,58.2929,-132.209,1067.79,operable,
0.0566973,5.11904e-06,1.10576e-06,1.45118e-08,0.00566973,0.14028,2.13034e-06,2.40292,58.2929,-156.642,1043.36,operable,
0.0566973,5.60149e-06,1.20998e-06,1.58795e-08,0.00566973,0.153502,2.13034e-06,2.62939,58.2929,-179.133,1020.87,operable,
0.0566973,6.12942e-06,1.32401e-06,1.73761e-08,0.00566973,0.167969,2.13034e-06,2.8772,58.2929,-199.864,1000.14,operable,
0.0566973,6.7071e-06,1.4488e-06,1.90137e-08,0.00566973,0.183799,2.13034e-06,3.14837,58.2929,-219.005,980.995,operable,
0.0566973,7.33923e-06,1.58534e-06,2.08057e-08,0.00566973,0.201122,2.13034e-06,3.44509,58.2929,-236.709,963.291,operable,
0.0566973,8.03093e-06,1.73476e-06,2.27666e-08,0.00566973,0.220077,2.13034e-06,3.76978,58.2929,-253.121,946.879,operable,
0.0566973,8.78782e-06,1.89826e-06,2.49123e-08,0.00566973,0.240819,2.13034e-06,4.12507,58.2929,-268.375,931.625,operable,
0.0566973,9.61605e-06,2.07716e-06,2.72602e-08,0.00566973,0.263515,2.13034e-06,4.51385,58.2929,-282.593,917.407,operable,
0.0566973,1.05223e-05,2.27293e-06,2.98294e-08,0.00566973,0.288351,2.13034e-06,4.93927,58.2929,-295.892,904.108,operable,
0.0566973,1.1514e-05,2.48715e-06,3.26407e-08,0.00566973,0.315527,2.13034e-06,5.40478,58.2929,-308.378,891.622,operable,
0.0566973,1.25992e-05,2.72155e-06,3.5717e-08,0.00566973,0.345265,2.13034e-06,5.91417,58.2929,-320.155,879.845,operable,
0.0566973,1.37867e-05,2.97805e-06,3.90833e-08,0.00566973,0.377805,2.13034e-06,6.47156,58.2929,-331.316,868.684,operable,
0.0566973,1.5086e-05,3.25873e-06,4.27668e-08,0.00566973,0.413412,2.13034e-06,7.08149,58.2929,-341.954,858.046,operable,
0.0566973,1.65078e-05,3.56585e-06,4.67974e-08,0.00566973,0.452375,2.13034e-06,7.7489,58.2929,-352.154,847.846,operable,
0.0566973,1.80636e-05,3.90192e-06,5.1208e-08,0.00566973,0.49501,2.13034e-06,8.47922,58.2929,-361.998,838.002,operable,
0.0566973,1.97661e-05,4.26967e-06,5.60342e-08,0.00566973,0.541664,2.13034e-06,9.27836,58.2929,-371.568,828.432,operable,
0.0566973,2.1629e-05,4.67207e-06,6.13153e-08,0.00566973,0.592714,2.13034e-06,10.1528,58.2929,-380.94,819.06,operable,
0.0566973,2.36675e-05,5.1124e-06,6.70941e-08,0.00566973,0.648576,2.13034e-06,11.1097,58.2929,-390.191,809.809,operable,
0.0566973,2.58981e-05,5.59424e-06,7.34175e-08,0.00566973,0.709702,2.13034e-06,12.1568,58.2929,-399.395,800.605,operable,
0.0566973,2.83389e-05,6.12148e-06,8.03369e-08,0.00566973,0.77659,2.13034e-06,13.3025,58.2929,-408.628,791.372,operable,
0.0566973,3.10098e-05,6.69841e-06,8.79084e-08,0.00566973,0.849782,2.13034e-06,14.5562,58.2929,-417.964,782.036,operable,
0.0566973,3.39323e-05,7.32972e-06,9.61936e-08,0.00566973,0.929871,2.13034e-06,15.9281,58.2929,-427.48,772.52,operable,
0.0566973,3.71304e-05,8.02052e-06,1.0526e-07,0.00566973,1.01751,2.13034e-06,17.4293,58.2929,-437.252,762.748,operable,RE_HIGH
0.0566973,4.06298e-05,8.77644e-06,1.1518e-07,0.00566973,1.11341,2.13034e-06,19.072,58.2929,-447.36,752.64,operable,RE_HIGH
0.0566973,4.44591e-05,9.60359e-06,1.26035e-07,0.00566973,1.21834,2.13034e-06,20.8694,58.2929,-457.885,742.115,operable,RE_HIGH
0.0566973,4.86492e-05,1.05087e-05,1.37914e-07,0.00566973,1.33317,2.13034e-06,22.8363,58.2929,-468.914,731.086,operable,RE_HIGH
0.0566973,5.32343e-05,1.14991e-05,1.50912e-07,0.00566973,1.45882,2.13034e-06,24.9886,58.2929,-480.535,719.465,operable,RE_HIGH
0.0566973,5.82515e-05,1.25829e-05,1.65135e-07,0.00566973,1.5963,2.13034e-06,27.3437,58.2929,-492.844,707.156,operable,RE_HIGH
0.0566973,6.37415e-05,1.37688e-05,1.80699e-07,0.00566973,1.74675,2.13034e-06,29.9208,58.2929,-505.94,694.06,operable,RE_HIGH
0.0566973,6.9749e-05,1.50665e-05,1.97729e-07,0.00566973,1.91138,2.13034e-06,32.7407,58.2929,-519.929,680.071,operable,RE_HIGH
0.0566973,7.63227e-05,1.64864e-05,2.16364e-07,0.00566973,2.09152,2.13034e-06,35.8265,58.2929,-534.925,665.075,operable,RE_HIGH
0.0566973,8.35159e-05,1.80402e-05,2.36756e-07,0.00566973,2.28864,2.13034e-06,39.203,58.2929,-551.049,648.951,operable,RE_HIGH
0.0566973,9.1387e-05,1.97405e-05,2.5907e-07,0.00566973,2.50434,2.13034e-06,42.8978,58.2929,-568.433,631.567,operable,RE_HIGH
0.0566973,0.0001,2.1601e-05,2.83486e-07,0.00566973,2.74037,2.13034e-06,46.9408,58.2929,-587.218,612.782,not operable,RE_HIGH;FLOODING
0.0645846,2e-07,4.3202e-08,6.45846e-10,0.00645846,0.00624317,2.3236e-06,0.0860735,51.174,6602.83,7802.83,not operable,VERY_THIN
0.0645846,2.18849e-07,4.72736e-08,7.06715e-10,0.00645846,0.00683158,2.3236e-06,0.0941857,51.174,6002.39,7202.39,not operable,VERY_THIN
0.0645846,2.39475e-07,5.1729e-08,7.73321e-10,0.00645846,0.00747543,2.3236e-06,0.103062,51.174,5453.66,6653.66,not operable,VERY_THIN
0.0645846,2.62045e-07,5.66044e-08,8.46204e-10,0.00645846,0.00817997,2.3236e-06,0.112776,51.174,4952.19,6152.19,not operable,VERY_THIN
0.0645846,2.86742e-07,6.19392e-08,9.25957e-10,0.00645846,0.00895092,2.3236e-06,0.123405,51.174,4493.89,5693.89,not operable,VERY_THIN
0.0645846,3.13767e-07,6.77768e-08,1.01323e-09,0.00645846,0.00979452,2.3236e-06,0.135035,51.174,4075.06,5275.06,not operable,VERY_THIN
0.0645846,3.43339e-07,7.41646e-08,1.10872e-09,0.00645846,0.0107176,2.3236e-06,0.147762,51.174,3692.29,4892.29,not operable,VERY_THIN
0.0645846,3.75698e-07,8.11544e-08,1.21321e-09,0.00645846,0.0117277,2.3236e-06,0.161688,51.174,3342.48,4542.48,not operable,VERY_THIN
0.0645846,4.11106e-07,8.8803e-08,1.32756e-09,0.00645846,0.012833,2.3236e-06,0.176927,51.174,3022.78,4222.78,not operable,VERY_THIN
0.0645846,4.49852e-07,9.71724e-08,1.45267e-09,0.00645846,0.0140425,2.3236e-06,0.193602,51.174,2730.61,3930.61,not operable,VERY_THIN
0.0645846,4.92249e-07,1.06331e-07,1.58959e-09,0.00645846,0.015366,2.3236e-06,0.211848,51.174,2463.58,3663.58,not operable,VERY_THIN
0.0645846,5.38642e-07,1.16352e-07,1.7394e-09,0.00645846,0.0168142,2.3236e-06,0.231814,51.174,2219.53,3419.53,not operable,VERY_THIN
0.0645846,5.89408e-07,1.27318e-07,1.90333e-09,0.00645846,0.0183989,2.3236e-06,0.253662,51.174,1996.49,3196.49,not operable,VERY_THIN
0.0645846,6.44958e-07,1.39317e-07,2.08272e-09,0.00645846,0.0201329,2.3236e-06,0.277569,51.174,1792.63,2992.63,not operable,VERY_THIN
0.0645846,7.05744e-07,1.52448e-07,2.27901e-09,0.00645846,0.0220304,2.3236e-06,0.303729,51.174,1606.31,2806.31,not operable,VERY_THIN
0.0645846,7.72258e-07,1.66815e-07,2.4938e-09,0.00645846,0.0241067,2.3236e-06,0.332355,51.174,1436.01,2636.01,not operable,VERY_THIN
0.0645846,8.45042e-07,1.82537e-07,2.72883e-09,0.00645846,0.0263787,2.3236e-06,0.363678,51.174,1280.35,2480.35,not operable,VERY_THIN
0.0645846,9.24685e-07,1.99741e-07,2.98602e-09,0.00645846,0.0288648,2.3236e-06,0.397954,51.174,1138.07,2338.07,not operable,VERY_THIN
0.0645846,1.01183e-06,2.18566e-07,3.26744e-09,0.00645846,0.0315853,2.3236e-06,0.43546,51.174,1008,2208,not operable,VERY_THIN
0.0645846,1.1072e-06,2.39165e-07,3.57539e-09,0.00645846,0.0345621,2.3236e-06,0.476501,51.174,889.108,2089.11,not operable,VERY_THIN
0.0645846,1.21155e-06,2.61706e-07,3.91236e-09,0.00645846,0.0378195,2.3236e-06,0.52141,51.174,780.413,1980.41,not operable,VERY_THIN
0.0645846,1.32573e-06,2.86371e-07,4.28109e-09,0.00645846,0.0413839,2.3236e-06,0.570552,51.174,681.036,1881.04,not operable,VERY_THIN
0.0645846,1.45068e-06,3.13361e-07,4.68457e-09,0.00645846,0.0452842,2.3236e-06,0.624325,51.174,590.17,1790.17,not operable,VERY_THIN
0.0645846,1.5874e-06,3.42894e-07,5.12608e-09,0.00645846,0.0495521,2.3236e-06,0.683166,51.174,507.078,1707.08,not operable,VERY_THIN
0.0645846,1.73701e-06,3.75211e-07,5.6092e-09,0.00645846,0.0542223,2.3236e-06,0.747552,51.174,431.085,1631.09,not operable,VERY_THIN
0.0645846,1.90072e-06,4.10574e-07,6.13785e-09,0.00645846,0.0593326,2.3236e-06,0.818007,51.174,361.575,1561.58,not operable,VERY_THIN
0.0645846,2.07986e-06,4.49269e-07,6.71633e-09,0.00645846,0.0649245,2.3236e-06,0.895102,51.174,297.983,1497.98,not operable,
0.0645846,2.27588e-06,4.91612e-07,7.34932e-09,0.00645846,0.0710435,2.3236e-06,0.979463,51.174,239.793,1439.79,not operable,
0.0645846,2.49037e-06,5.37945e-07,8.04198e-09,0.00645846,0.0777391,2.3236e-06,1.07177,51.174,186.533,1386.53,marginal,
0.0645846,2.72508e-06,5.88644e-07,8.79991e-09,0.00645846,0.0850658,2.3236e-06,1.17279,51.174,137.77,1337.77,marginal,
0.0645846,2.98191e-06,6.44123e-07,9.62928e-09,0.00645846,0.0930831,2.3236e-06,1.28332,51.174,93.109,1293.11,marginal,
0.0645846,3.26295e-06,7.0483e-07,1.05368e-08,0.00645846,0.101856,2.3236e-06,1.40427,51.174,52.1866,1252.19,marginal,
0.0645846,3.57048e-06,7.71258e-07,1.15299e-08,0.00645846,0.111456,2.3236e-06,1.53662,51.174,14.671,1214.67,operable,
0.0645846,3.90698e-06,8.43947e-07,1.26165e-08,0.00645846,0.12196,2.3236e-06,1.68144,51.174,-19.7423,1180.26,operable,
0.0645846,4.27521e-06,9.23487e-07,1.38056e-08,0.00645846,0.133454,2.3236e-06,1.83991,51.174,-51.3328,1148.67,operable,
0.0645846,4.67814e-06,1.01052e-06,1.51068e-08,0.00645846,0.146032,2.3236e-06,2.01332,51.174,-80.3568,1119.64,operable,
0.0645846,5.11904e-06,1.10576e-06,1.65305e-08,0.00645846,0.159795,2.3236e-06,2.20307,51.174,-107.05,1092.95,operable,
0.0645846,5.60149e-06,1.20998e-06,1.80885e-08,0.00645846,0.174855,2.3236e-06,2.4107,51.174,-131.629,1068.37,operable,
0.0645846,6.12942e-06,1.32401e-06,1.97933e-08,0.00645846,0.191335,2.3236e-06,2.6379,51.174,-154.293,1045.71,operable,
0.0645846,6.7071e-06,1.4488e-06,2.16588e-08,0.00645846,0.209368,2.3236e-06,2.88652,51.174,-175.227,1024.77,operable,
0.0645846,7.33923e-06,1.58534e-06,2.37e-08,0.00645846,0.2291,2.3236e-06,3.15856,51.174,-194.6,1005.4,operable,
0.0645846,8.03093e-06,1.73476e-06,2.59337e-08,0.00645846,0.250692,2.3236e-06,3.45625,51.174,-212.569,987.431,operable,
0.0645846,8.78782e-06,1.89826e-06,2.83779e-08,0.00645846,0.27432,2.3236e-06,3.78199,51.174,-229.281,970.719,operable,
0.0645846,9.61605e-06,2.07716e-06,3.10524e-08,0.00645846,0.300173,2.3236e-06,4.13844,51.174,-244.871,955.129,operable,
0.0645846,1.05223e-05,2.27293e-06,3.3979e-08,0.00645846,0.328464,2.3236e-06,4.52847,51.174,-259.465,940.535,operable,
0.0645846,1.1514e-05,2.48715e-06,3.71815e-08,0.00645846,0.359421,2.3236e-06,4.95527,51.174,-273.183,926.817,operable,
0.0645846,1.25992e-05,2.72155e-06,4.06857e-08,0.00645846,0.393295,2.3236e-06,5.42229,51.174,-286.135,913.865,operable,
0.0645846,1.37867e-05,2.97805e-06,4.45202e-08,0.00645846,0.430362,2.3236e-06,5.93333,51.174,-298.426,901.574,operable,
0.0645846,1.5086e-05,3.25873e-06,4.87162e-08,0.00645846,0.470923,2.3236e-06,6.49253,51.174,-310.157,889.843,operable,
0.0645846,1.65078e-05,3.56585e-06,5.33075e-08,0.00645846,0.515306,2.3236e-06,7.10443,51.174,-321.423,878.577,operable,
0.0645846,1.80636e-05,3.90192e-06,5.83316e-08,0.00645846,0.563872,2.3236e-06,7.774,51.174,-332.314,867.686,operable,
0.0645846,1.97661e-05,4.26967e-06,6.38292e-08,0.00645846,0.617016,2.3236e-06,8.50668,51.174,-342.92,857.08,operable,
0.0645846,2.1629e-05,4.67207e-06,6.9845e-08,0.00645846,0.675168,2.3236e-06,9.30842,51.174,-353.326,846.674,operable,
0.0645846,2.36675e-05,5.1124e-06,7.64277e-08,0.00645846,0.738801,2.3236e-06,10.1857,51.174,-363.617,836.383,operable,
0.0645846,2.58981e-05,5.59424e-06,8.36308e-08,0.00645846,0.808431,2.3236e-06,11.1457,51.174,-373.877,826.123,operable,
0.0645846,2.83389e-05,6.12148e-06,9.15127e-08,0.00645846,0.884623,2.3236e-06,12.1961,51.174,-384.189,815.811,operable,
0.0645846,3.10098e-05,6.69841e-06,1.00138e-07,0.00645846,0.967997,2.3236e-06,13.3456,51.174,-394.636,805.364,operable,
0.0645846,3.39323e-05,7.32972e-06,1.09575e-07,0.00645846,1.05923,2.3236e-06,14.6034,51.174,-405.303,794.697,operable,RE_HIGH
0.0645846,3.71304e-05,8.02052e-06,1.19902e-07,0.00645846,1.15906,2.3236e-06,15.9797,51.174,-416.278,783.722,operable,RE_HIGH
0.0645846,4.06298e-05,8.77644e-06,1.31203e-07,0.00645846,1.2683,2.3236e-06,17.4858,51.174,-427.648,772.352,operable,RE_HIGH
0.0645846,4.44591e-05,9.60359e-06,1.43568e-07,0.00645846,1.38783,2.3236e-06,19.1337,51.174,-439.507,760.493,operable,RE_HIGH
0.0645846,4.86492e-05,1.05087e-05,1.57099e-07,0.00645846,1.51863,2.3236e-06,20.937,51.174,-451.95,748.05,operable,RE_HIGH
0.0645846,5.32343e-05,1.14991e-05,1.71906e-07,0.00645846,1.66175,2.3236e-06,22.9103,51.174,-465.079,734.921,operable,RE_HIGH
0.0645846,5.82515e-05,1.25829e-05,1.88107e-07,0.00645846,1.81837,2.3236e-06,25.0695,51.174,-478.999,721.001,operable,RE_HIGH
0.0645846,6.37415e-05,1.37688e-05,2.05836e-07,0.00645846,1.98975,2.3236e-06,27.4323,51.174,-493.825,706.175,operable,RE_HIGH
0.0645846,6.9749e-05,1.50665e-05,2.25235e-07,0.00645846,2.17728,2.3236e-06,30.0177,51.174,-509.677,690.323,operable,RE_HIGH
0.0645846,7.63227e-05,1.64864e-05,2.46463e-07,0.00645846,2.38248,2.3236e-06,32.8468,51.174,-526.683,673.317,operable,RE_HIGH
0.0645846,8.35159e-05,1.80402e-05,2.69692e-07,0.00645846,2.60702,2.3236e-06,35.9425,51.174,-544.98,655.02,operable,RE_HIGH
0.0645846,9.1387e-05,1.97405e-05,2.95109e-07,0.00645846,2.85273,2.3236e-06,39.33,51.174,-564.719,635.281,operable,RE_HIGH
0.0645846,0.0001,2.1601e-05,3.22923e-07,0.00645846,3.12159,2.3236e-06,43.0367,51.174,-586.058,613.942,not operable,RE_HIGH;FLOODING
0.0735691,2e-07,4.3202e-08,7.35691e-10,0.00735691,0.00711168,2.53438e-06,0.0789148,44.9244,7267.46,8467.46,not operable,VERY_THIN
0.0735691,2.18849e-07,4.72736e-08,8.05028e-10,0.00735691,0.00778193,2.53438e-06,0.0863523,44.9244,6612.55,7812.55,not operable,VERY_THIN
0.0735691,2.39475e-07,5.1729e-08,8.80899e-10,0.00735691,0.00851536,2.53438e-06,0.0944908,44.9244,6014.04,7214.04,not operable,VERY_THIN
0.0735691,2.62045e-07,5.66044e-08,9.63922e-10,0.00735691,0.00931791,2.53438e-06,0.103396,44.9244,5467.07,6667.07,not operable,VERY_THIN
0.0735691,2.86742e-07,6.19392e-08,1.05477e-09,0.00735691,0.0101961,2.53438e-06,0.113141,44.9244,4967.2,6167.2,not operable,VERY_THIN
0.0735691,3.13767e-07,6.77768e-08,1.15418e-09,0.00735691,0.0111571,2.53438e-06,0.123804,44.9244,4510.37,5710.37,not operable,VERY_THIN
0.0735691,3.43339e-07,7.41646e-08,1.26296e-09,0.00735691,0.0122086,2.53438e-06,0.135473,44.9244,4092.88,5292.88,not operable,VERY_THIN
0.0735691,3.75698e-07,8.11544e-08,1.38199e-09,0.00735691,0.0133592,2.53438e-06,0.148241,44.9244,3711.33,4911.33,not operable,VERY_THIN
0.0735691,4.11106e-07,8.8803e-08,1.51223e-09,0.00735691,0.0146183,2.53438e-06,0.162212,44.9244,3362.63,4562.63,not operable,VERY_THIN
0.0735691,4.49852e-07,9.71724e-08,1.65476e-09,0.00735691,0.015996,2.53438e-06,0.1775,44.9244,3043.94,4243.94,not operable,VERY_THIN
0.0735691,4.92249e-07,1.06331e-07,1.81072e-09,0.00735691,0.0175036,2.53438e-06,0.194229,44.9244,2752.69,3952.69,not operable,VERY_THIN
0.0735691,5.38642e-07,1.16352e-07,1.98137e-09,0.00735691,0.0191533,2.53438e-06,0.212534,44.9244,2486.5,3686.5,not operable,VERY_THIN
0.0735691,5.89408e-07,1.27318e-07,2.16811e-09,0.00735691,0.0209584,2.53438e-06,0.232565,44.9244,2243.21,3443.21,not operable,VERY_THIN
0.0735691,6.44958e-07,1.39317e-07,2.37245e-09,0.00735691,0.0229337,2.53438e-06,0.254484,44.9244,2020.86,3220.86,not operable,VERY_THIN
0.0735691,7.05744e-07,1.52448e-07,2.59605e-09,0.00735691,0.0250951,2.53438e-06,0.278468,44.9244,1817.62,3017.62,not operable,VERY_THIN
0.0735691,7.72258e-07,1.66815e-07,2.84072e-09,0.00735691,0.0274603,2.53438e-06,0.304713,44.9244,1631.87,2831.87,not operable,VERY_THIN
0.0735691,8.45042e-07,1.82537e-07,3.10845e-09,0.00735691,0.0300483,2.53438e-06,0.333431,44.9244,1462.08,2662.08,not operable,VERY_THIN
0.0735691,9.24685e-07,1.99741e-07,3.40141e-09,0.00735691,0.0328803,2.53438e-06,0.364856,44.9244,1306.88,2506.88,not operable,VERY_THIN
0.0735691,1.01183e-06,2.18566e-07,3.72198e-09,0.00735691,0.0359792,2.53438e-06,0.399243,44.9244,1165.01,2365.01,not operable,VERY_THIN
0.0735691,1.1072e-06,2.39165e-07,4.07277e-09,0.00735691,0.0393701,2.53438e-06,0.436871,44.9244,1035.32,2235.32,not operable,VERY_THIN
0.0735691,1.21155e-06,2.61706e-07,4.45662e-09,0.00735691,0.0430806,2.53438e-06,0.478045,44.9244,916.753,2116.75,not operable,VERY_THIN
0.0735691,1.32573e-06,2.86371e-07,4.87664e-09,0.00735691,0.0471409,2.53438e-06,0.523099,44.9244,808.347,2008.35,not operable,VERY_THIN
0.0735691,1.45068e-06,3.13361e-07,5.33625e-09,0.00735691,0.0515838,2.53438e-06,0.5724,44.9244,709.225,1909.22,not operable,VERY_THIN
0.0735691,1.5874e-06,3.42894e-07,5.83918e-09,0.00735691,0.0564454,2.53438e-06,0.626347,44.9244,618.58,1818.58,not operable,VERY_THIN
0.0735691,1.73701e-06,3.75211e-07,6.38951e-09,0.00735691,0.0617652,2.53438e-06,0.685379,44.9244,535.677,1735.68,not operable,VERY_THIN
0.0735691,1.90072e-06,4.10574e-07,6.9917e-09,0.00735691,0.0675865,2.53438e-06,0.749974,44.9244,459.843,1659.84,not operable,VERY_THIN
0.0735691,2.07986e-06,4.49269e-07,7.65065e-09,0.00735691,0.0739563,2.53438e-06,0.820657,44.9244,390.462,1590.46,not operable,
0.0735691,2.27588e-06,4.91612e-07,8.3717e-09,0.00735691,0.0809265,2.53438e-06,0.898002,44.9244,326.971,1526.97,not operable,
0.0735691,2.49037e-06,5.37945e-07,9.16072e-09,0.00735691,0.0885536,2.53438e-06,0.982636,44.9244,268.856,1468.86,not operable,
0.0735691,2.72508e-06,5.88644e-07,1.00241e-08,0.00735691,0.0968995,2.53438e-06,1.07525,44.9244,215.643,1415.64,marginal,
0.0735691,2.98191e-06,6.44123e-07,1.09688e-08,0.00735691,0.106032,2.53438e-06,1.17659,44.9244,166.901,1366.9,marginal,
0.0735691,3.26295e-06,7.0483e-07,1.20026e-08,0.00735691,0.116025,2.53438e-06,1.28748,44.9244,122.235,1322.23,marginal,
0.0735691,3.57048e-06,7.71258e-07,1.31338e-08,0.00735691,0.12696,2.53438e-06,1.40882,44.9244,81.2815,1281.28,marginal,
0.0735691,3.90698e-06,8.43947e-07,1.43717e-08,0.00735691,0.138926,2.53438e-06,1.54159,44.9244,43.7085,1243.71,operable,
0.0735691,4.27521e-06,9.23487e-07,1.57262e-08,0.00735691,0.152019,2.53438e-06,1.68689,44.9244,9.21084,1209.21,operable,
0.0735691,4.67814e-06,1.01052e-06,1.72083e-08,0.00735691,0.166347,2.53438e-06,1.84587,44.9244,-22.4914,1177.51,operable,
0.0735691,5.11904e-06,1.10576e-06,1.88301e-08,0.00735691,0.182025,2.53438e-06,2.01984,44.9244,-51.6556,1148.34,operable,
0.0735691,5.60149e-06,1.20998e-06,2.06048e-08,0.00735691,0.19918,2.53438e-06,2.2102,44.9244,-78.5186,1121.48,operable,
0.0735691,6.12942e-06,1.32401e-06,2.25468e-08,0.00735691,0.217952,2.53438e-06,2.41851,44.9244,-103.298,1096.7,operable,
0.0735691,6.7071e-06,1.4488e-06,2.46718e-08,0.00735691,0.238494,2.53438e-06,2.64645,44.9244,-126.196,1073.8,operable,
0.0735691,7.33923e-06,1.58534e-06,2.6997e-08,0.00735691,0.260971,2.53438e-06,2.89587,44.9244,-147.397,1052.6,operable,
0.0735691,8.03093e-06,1.73476e-06,2.95414e-08,0.00735691,0.285567,2.53438e-06,3.1688,44.9244,-167.075,1032.93,operable,
0.0735691,8.78782e-06,1.89826e-06,3.23256e-08,0.00735691,0.312481,2.53438e-06,3.46745,44.9244,-185.388,1014.61,operable,
0.0735691,9.61605e-06,2.07716e-06,3.53722e-08,0.00735691,0.341931,2.53438e-06,3.79424,44.9244,-202.485,997.515,operable,
0.0735691,1.05223e-05,2.27293e-06,3.87059e-08,0.00735691,0.374157,2.53438e-06,4.15184,44.9244,-218.505,981.495,operable,
0.0735691,1.1514e-05,2.48715e-06,4.23539e-08,0.00735691,0.409421,2.53438e-06,4.54314,44.9244,-233.579,966.421,operable,
0.0735691,1.25992e-05,2.72155e-06,4.63456e-08,0.00735691,0.448008,2.53438e-06,4.97132,44.9244,-247.828,952.172,operable,
0.0735691,1.37867e-05,2.97805e-06,5.07136e-08,0.00735691,0.490231,2.53438e-06,5.43985,44.9244,-261.368,938.632,operable,
0.0735691,1.5086e-05,3.25873e-06,5.54932e-08,0.00735691,0.536434,2.53438e-06,5.95255,44.9244,-274.309,925.691,operable,
0.0735691,1.65078e-05,3.56585e-06,6.07233e-08,0.00735691,0.586992,2.53438e-06,6.51356,44.9244,-286.757,913.243,operable,
0.0735691,1.80636e-05,3.90192e-06,6.64463e-08,0.00735691,0.642314,2.53438e-06,7.12744,44.9244,-298.811,901.189,operable,
0.0735691,1.97661e-05,4.26967e-06,7.27087e-08,0.00735691,0.70285,2.53438e-06,7.79919,44.9244,-310.571,889.429,operable,
0.0735691,2.1629e-05,4.67207e-06,7.95612e-08,0.00735691,0.769092,2.53438e-06,8.53424,44.9244,-322.13,877.87,operable,
0.0735691,2.36675e-05,5.1124e-06,8.70597e-08,0.00735691,0.841577,2.53438e-06,9.33857,44.9244,-333.585,866.415,operable,
0.0735691,2.58981e-05,5.59424e-06,9.52648e-08,0.00735691,0.920893,2.53438e-06,10.2187,44.9244,-345.026,854.974,operable,
0.0735691,2.83389e-05,6.12148e-06,1.04243e-07,0.00735691,1.00769,2.53438e-06,11.1818,44.9244,-356.548,843.452,operable,RE_HIGH
0.0735691,3.10098e-05,6.69841e-06,1.14068e-07,0.00735691,1.10266,2.53438e-06,12.2356,44.9244,-368.243,831.757,operable,RE_HIGH
0.0735691,3.39323e-05,7.32972e-06,1.24819e-07,0.00735691,1.20658,2.53438e-06,13.3888,44.9244,-380.207,819.793,operable,RE_HIGH
0.0735691,3.71304e-05,8.02052e-06,1.36582e-07,0.00735691,1.3203,2.53438e-06,14.6507,44.9244,-392.537,807.463,operable,RE_HIGH
0.0735691,4.06298e-05,8.77644e-06,1.49455e-07,0.00735691,1.44473,2.53438e-06,16.0315,44.9244,-405.333,794.667,operable,RE_HIGH
0.0735691,4.44591e-05,9.60359e-06,1.63541e-07,0.00735691,1.58089,2.53438e-06,17.5424,44.9244,-418.698,781.302,operable,RE_HIGH
0.0735691,4.86492e-05,1.05087e-05,1.78954e-07,0.00735691,1.72989,2.53438e-06,19.1957,44.9244,-432.741,767.259,operable,RE_HIGH
0.0735691,5.32343e-05,1.14991e-05,1.9582e-07,0.00735691,1.89293,2.53438e-06,21.0049,44.9244,-447.577,752.423,operable,RE_HIGH
0.0735691,5.82515e-05,1.25829e-05,2.14275e-07,0.00735691,2.07133,2.53438e-06,22.9845,44.9244,-463.325,736.675,operable,RE_HIGH
0.0735691,6.37415e-05,1.37688e-05,2.3447e-07,0.00735691,2.26655,2.53438e-06,25.1507,44.9244,-480.114,719.886,operable,RE_HIGH
0.0735691,6.9749e-05,1.50665e-05,2.56568e-07,0.00735691,2.48016,2.53438e-06,27.5211,44.9244,-498.079,701.921,operable,RE_HIGH
0.0735691,7.63227e-05,1.64864e-05,2.80749e-07,0.00735691,2.71391,2.53438e-06,30.1149,44.9244,-517.367,682.633,operable,RE_HIGH
0.0735691,8.35159e-05,1.80402e-05,3.07209e-07,0.00735691,2.96969,2.53438e-06,32.9532,44.9244,-538.134,661.866,operable,RE_HIGH
0.0735691,9.1387e-05,1.97405e-05,3.36163e-07,0.00735691,3.24957,2.53438e-06,36.0589,44.9244,-560.549,639.451,operable,RE_HIGH
0.0735691,0.0001,2.1601e-05,3.67845e-07,0.00735691,3.55584,2.53438e-06,39.4574,44.9244,-584.794,615.206,not operable,RE_HIGH;FLOODING
0.0838034,2e-07,4.3202e-08,8.38034e-10,0.00838034,0.008101,2.76428e-06,0.0723515,39.4381,7993.94,9193.94,not operable,VERY_THIN
0.0838034,2.18849e-07,4.72736e-08,9.17017e-10,0.00838034,0.00886449,2.76428e-06,0.0791704,39.4381,7279.62,8479.62,not operable,VERY_THIN
0.0838034,2.39475e-07,5.1729e-08,1.00344e-09,0.00838034,0.00969995,2.76428e-06,0.086632,39.4381,6626.82,7826.82,not operable,VERY_THIN
0.0838034,2.62045e-07,5.66044e-08,1.09801e-09,0.00838034,0.0106141,2.76428e-06,0.0947968,39.4381,6030.23,7230.23,not operable,VERY_THIN
0.0838034,2.86742e-07,6.19392e-08,1.2015e-09,0.00838034,0.0116145,2.76428e-06,0.103731,39.4381,5485.01,6685.01,not operable,VERY_THIN
0.0838034,3.13767e-07,6.77768e-08,1.31474e-09,0.00838034,0.0127091,2.76428e-06,0.113508,39.4381,4986.74,6186.74,not operable,VERY_THIN
0.0838034,3.43339e-07,7.41646e-08,1.43865e-09,0.00838034,0.0139069,2.76428e-06,0.124205,39.4381,4531.37,5731.37,not operable,VERY_THIN
0.0838034,3.75698e-07,8.11544e-08,1.57424e-09,0.00838034,0.0152176,2.76428e-06,0.135911,39.4381,4115.2,5315.2,not operable,VERY_THIN
0.0838034,4.11106e-07,8.8803e-08,1.72261e-09,0.00838034,0.0166519,2.76428e-06,0.148721,39.4381,3734.86,4934.86,not operable,VERY_THIN
0.0838034,4.49852e-07,9.71724e-08,1.88496e-09,0.00838034,0.0182212,2.76428e-06,0.162737,39.4381,3387.26,4587.26,not operable,VERY_THIN
0.0838034,4.92249e-07,1.06331e-07,2.06261e-09,0.00838034,0.0199385,2.76428e-06,0.178075,39.4381,3069.58,4269.58,not operable,VERY_THIN
0.0838034,5.38642e-07,1.16352e-07,2.257e-09,0.00838034,0.0218177,2.76428e-06,0.194858,39.4381,2779.23,3979.23,not operable,VERY_THIN
0.0838034,5.89408e-07,1.27318e-07,2.46972e-09,0.00838034,0.023874,2.76428e-06,0.213223,39.4381,2513.87,3713.87,not operable,VERY_THIN
0.0838034,6.44958e-07,1.39317e-07,2.70249e-09,0.00838034,0.026124,2.76428e-06,0.233318,39.4381,2271.34,3471.34,not operable,VERY_THIN
0.0838034,7.05744e-07,1.52448e-07,2.95719e-09,0.00838034,0.0285861,2.76428e-06,0.255308,39.4381,2049.67,3249.67,not operable,VERY_THIN
0.0838034,7.72258e-07,1.66815e-07,3.23589e-09,0.00838034,0.0312803,2.76428e-06,0.27937,39.4381,1847.05,3047.05,not operable,VERY_THIN
0.0838034,8.45042e-07,1.82537e-07,3.54087e-09,0.00838034,0.0342284,2.76428e-06,0.3057,39.4381,1661.85,2861.85,not operable,VERY_THIN
0.0838034,9.24685e-07,1.99741e-07,3.87459e-09,0.00838034,0.0374543,2.76428e-06,0.334511,39.4381,1492.56,2692.56,not operable,VERY_THIN
0.0838034,1.01183e-06,2.18566e-07,4.23976e-09,0.00838034,0.0409843,2.76428e-06,0.366038,39.4381,1337.81,2537.81,not operable,VERY_THIN
0.0838034,1.1072e-06,2.39165e-07,4.63934e-09,0.00838034,0.044847,2.76428e-06,0.400536,39.4381,1196.34,2396.34,not operable,VERY_THIN
0.0838034,1.21155e-06,2.61706e-07,5.07659e-09,0.00838034,0.0490737,2.76428e-06,0.438286,39.4381,1067.01,2267.01,not operable,VERY_THIN
0.0838034,1.32573e-06,2.86371e-07,5.55504e-09,0.00838034,0.0536987,2.76428e-06,0.479593,39.4381,948.753,2148.75,not operable,VERY_THIN
0.0838034,1.45068e-06,3.13361e-07,6.07859e-09,0.00838034,0.0587597,2.76428e-06,0.524794,39.4381,840.622,2040.62,not operable,VERY_THIN
0.0838034,1.5874e-06,3.42894e-07,6.65148e-09,0.00838034,0.0642977,2.76428e-06,0.574254,39.4381,741.737,1941.74,not operable,VERY_THIN
0.0838034,1.73701e-06,3.75211e-07,7.27837e-09,0.00838034,0.0703575,2.76428e-06,0.628376,39.4381,651.294,1851.29,not operable,VERY_THIN
0.0838034,1.90072e-06,4.10574e-07,7.96433e-09,0.00838034,0.0769886,2.76428e-06,0.687599,39.4381,568.56,1768.56,not operable,VERY_THIN
0.0838034,2.07986e-06,4.49269e-07,8.71495e-09,0.00838034,0.0842445,2.76428e-06,0.752403,39.4381,492.862,1692.86,not operable,
0.0838034,2.27588e-06,4.91612e-07,9.53631e-09,0.00838034,0.0921843,2.76428e-06,0.823315,39.4381,423.587,1623.59,not operable,
0.0838034,2.49037e-06,5.37945e-07,1.04351e-08,0.00838034,0.100872,2.76428e-06,0.90091,39.4381,360.172,1560.17,not operable,
0.0838034,2.72508e-06,5.88644e-07,1.14186e-08,0.00838034,0.110379,2.76428e-06,0.985819,39.4381,302.102,1502.1,not operable,
0.0838034,2.98191e-06,6.44123e-07,1.24947e-08,0.00838034,0.120782,2.76428e-06,1.07873,39.4381,248.906,1448.91,marginal,
0.0838034,3.26295e-06,7.0483e-07,1.36723e-08,0.00838034,0.132166,2.76428e-06,1.1804,39.4381,200.152,1400.15,marginal,
0.0838034,3.57048e-06,7.71258e-07,1.49609e-08,0.00838034,0.144622,2.76428e-06,1.29165,39.4381,155.444,1355.44,marginal,
0.0838034,3.90698e-06,8.43947e-07,1.63709e-08,0.00838034,0.158252,2.76428e-06,1.41338,39.4381,114.419,1314.42,marginal,
0.0838034,4.27521e-06,9.23487e-07,1.79139e-08,0.00838034,0.173167,2.76428e-06,1.54659,39.4381,76.7451,1276.75,operable,
0.0838034,4.67814e-06,1.01052e-06,1.96022e-08,0.00838034,0.189488,2.76428e-06,1.69235,39.4381,42.1154,1242.12,operable,
0.0838034,5.11904e-06,1.10576e-06,2.14496e-08,0.00838034,0.207347,2.76428e-06,1.85185,39.4381,10.249,1210.25,operable,
0.0838034,5.60149e-06,1.20998e-06,2.34712e-08,0.00838034,0.226888,2.76428e-06,2.02638,39.4381,-19.1126,1180.89,operable,
0.0838034,6.12942e-06,1.32401e-06,2.56833e-08,0.00838034,0.248272,2.76428e-06,2.21736,39.4381,-46.2079,1153.79,operable,
0.0838034,6.7071e-06,1.4488e-06,2.81039e-08,0.00838034,0.271671,2.76428e-06,2.42634,39.4381,-71.2567,1128.74,operable,
0.0838034,7.33923e-06,1.58534e-06,3.07526e-08,0.00838034,0.297275,2.76428e-06,2.65502,39.4381,-94.4625,1105.54,operable,
0.0838034,8.03093e-06,1.73476e-06,3.3651e-08,0.00838034,0.325293,2.76428e-06,2.90525,39.4381,-116.014,1083.99,operable,
0.0838034,8.78782e-06,1.89826e-06,3.68225e-08,0.00838034,0.355951,2.76428e-06,3.17906,39.4381,-136.085,1063.92,operable,
0.0838034,9.61605e-06,2.07716e-06,4.02929e-08,0.00838034,0.389498,2.76428e-06,3.47868,39.4381,-154.839,1045.16,operable,
0.0838034,1.05223e-05,2.27293e-06,4.40904e-08,0.00838034,0.426207,2.76428e-06,3.80653,39.4381,-172.429,1027.57,operable,
0.0838034,1.1514e-05,2.48715e-06,4.82458e-08,0.00838034,0.466376,2.76428e-06,4.16529,39.4381,-188.997,1011,operable,
0.0838034,1.25992e-05,2.72155e-06,5.27928e-08,0.00838034,0.510331,2.76428e-06,4.55786,39.4381,-204.678,995.322,operable,
0.0838034,1.37867e-05,2.97805e-06,5.77684e-08,0.00838034,0.558428,2.76428e-06,4.98742,39.4381,-219.598,980.402,operable,
0.0838034,1.5086e-05,3.25873e-06,6.3213e-08,0.00838034,0.611059,2.76428e-06,5.45747,39.4381,-233.88,966.12,operable,
0.0838034,1.65078e-05,3.56585e-06,6.91706e-08,0.00838034,0.668649,2.76428e-06,5.97183,39.4381,-247.639,952.361,operable,
0.0838034,1.80636e-05,3.90192e-06,7.56898e-08,0.00838034,0.731668,2.76428e-06,6.53466,39.4381,-260.986,939.014,operable,
0.0838034,1.97661e-05,4.26967e-06,8.28233e-08,0.00838034,0.800625,2.76428e-06,7.15053,39.4381,-274.031,925.969,operable,
0.0838034,2.1629e-05,4.67207e-06,9.06292e-08,0.00838034,0.876082,2.76428e-06,7.82445,39.4381,-286.878,913.122,operable,
0.0838034,2.36675e-05,5.1124e-06,9.91708e-08,0.00838034,0.958651,2.76428e-06,8.56188,39.4381,-299.633,900.367,operable,
0.0838034,2.58981e-05,5.59424e-06,1.08517e-07,0.00838034,1.049,2.76428e-06,9.36882,39.4381,-312.398,887.602,operable,RE_HIGH
0.0838034,2.83389e-05,6.12148e-06,1.18745e-07,0.00838034,1.14787,2.76428e-06,10.2518,39.4381,-325.278,874.722,operable,RE_HIGH
0.0838034,3.10098e-05,6.69841e-06,1.29936e-07,0.00838034,1.25605,2.76428e-06,11.218,39.4381,-338.376,861.624,operable,RE_HIGH
0.0838034,3.39323e-05,7.32972e-06,1.42182e-07,0.00838034,1.37443,2.76428e-06,12.2753,39.4381,-351.8,848.2,operable,RE_HIGH
0.0838034,3.71304e-05,8.02052e-06,1.55583e-07,0.00838034,1.50397,2.76428e-06,13.4322,39.4381,-365.658,834.342,operable,RE_HIGH
0.0838034,4.06298e-05,8.77644e-06,1.70246e-07,0.00838034,1.64571,2.76428e-06,14.6981,39.4381,-380.063,819.937,operable,RE_HIGH
0.0838034,4.44591e-05,9.60359e-06,1.86291e-07,0.00838034,1.80081,2.76428e-06,16.0834,39.4381,-395.132,804.868,operable,RE_HIGH
0.0838034,4.86492e-05,1.05087e-05,2.03849e-07,0.00838034,1.97054,2.76428e-06,17.5992,39.4381,-410.986,789.014,operable,RE_HIGH
0.0838034,5.32343e-05,1.14991e-05,2.23061e-07,0.00838034,2.15625,2.76428e-06,19.2579,39.4381,-427.755,772.245,operable,RE_HIGH
0.0838034,5.82515e-05,1.25829e-05,2.44084e-07,0.00838034,2.35948,2.76428e-06,21.0729,39.4381,-445.575,754.425,operable,RE_HIGH
0.0838034,6.37415e-05,1.37688e-05,2.67088e-07,0.00838034,2.58185,2.76428e-06,23.059,39.4381,-464.591,735.409,operable,RE_HIGH
0.0838034,6.9749e-05,1.50665e-05,2.9226e-07,0.00838034,2.82518,2.76428e-06,25.2322,39.4381,-484.956,715.044,operable,RE_HIGH
0.0838034,7.63227e-05,1.64864e-05,3.19805e-07,0.00838034,3.09145,2.76428e-06,27.6103,39.4381,-506.836,693.164,operable,RE_HIGH
0.0838034,8.35159e-05,1.80402e-05,3.49946e-07,0.00838034,3.38281,2.76428e-06,30.2125,39.4381,-530.409,669.591,operable,RE_HIGH
0.0838034,9.1387e-05,1.97405e-05,3.82927e-07,0.00838034,3.70163,2.76428e-06,33.0599,39.4381,-555.866,644.134,operable,RE_HIGH
0.0838034,0.0001,2.1601e-05,4.19017e-07,0.00838034,4.0505,2.76428e-06,36.1757,39.4381,-583.414,616.586,not operable,RE_HIGH;FLOODING
0.0954615,2e-07,4.3202e-08,9.54615e-10,0.00954615,0.00922795,3.01504e-06,0.066334,34.6218,8788.11,9988.11,not operable,VERY_THIN
0.0954615,2.18849e-07,4.72736e-08,1.04458e-09,0.00954615,0.0100977,3.01504e-06,0.0725858,34.6218,8008.99,9208.99,not operable,VERY_THIN
0.0954615,2.39475e-07,5.1729e-08,1.14303e-09,0.00954615,0.0110493,3.01504e-06,0.0794269,34.6218,7296.96,8496.96,not operable,VERY_THIN
0.0954615,2.62045e-07,5.66044e-08,1.25076e-09,0.00954615,0.0120907,3.01504e-06,0.0869126,34.6218,6646.25,7846.25,not operable,VERY_THIN
0.0954615,2.86742e-07,6.19392e-08,1.36864e-09,0.00954615,0.0132302,3.01504e-06,0.0951039,34.6218,6051.56,7251.56,not operable,VERY_THIN
0.0954615,3.13767e-07,6.77768e-08,1.49763e-09,0.00954615,0.0144771,3.01504e-06,0.104067,34.6218,5508.09,6708.09,not operable,VERY_THIN
0.0954615,3.43339e-07,7.41646e-08,1.63878e-09,0.00954615,0.0158416,3.01504e-06,0.113875,34.6218,5011.4,6211.4,not operable,VERY_THIN
0.0954615,3.75698e-07,8.11544e-08,1.79323e-09,0.00954615,0.0173346,3.01504e-06,0.124608,34.6218,4557.48,5757.48,not operable,VERY_THIN
0.0954615,4.11106e-07,8.8803e-08,1.96224e-09,0.00954615,0.0189683,3.01504e-06,0.136352,34.6218,4142.64,5342.64,not operable,VERY_THIN
0.0954615,4.49852e-07,9.71724e-08,2.14718e-09,0.00954615,0.020756,3.01504e-06,0.149202,34.6218,3763.5,4963.5,not operable,VERY_THIN
0.0954615,4.92249e-07,1.06331e-07,2.34954e-09,0.00954615,0.0227122,3.01504e-06,0.163264,34.6218,3416.99,4616.99,not operable,VERY_THIN
0.0954615,5.38642e-07,1.16352e-07,2.57098e-09,0.00954615,0.0248528,3.01504e-06,0.178652,34.6218,3100.3,4300.3,not operable,VERY_THIN
0.0954615,5.89408e-07,1.27318e-07,2.81329e-09,0.00954615,0.0271951,3.01504e-06,0.195489,34.6218,2810.86,4010.86,not operable,VERY_THIN
0.0954615,6.44958e-07,1.39317e-07,3.07843e-09,0.00954615,0.0297582,3.01504e-06,0.213913,34.6218,2546.32,3746.32,not operable,VERY_THIN
0.0954615,7.05744e-07,1.52448e-07,3.36857e-09,0.00954615,0.0325628,3.01504e-06,0.234074,34.6218,2304.53,3504.53,not operable,VERY_THIN
0.0954615,7.72258e-07,1.66815e-07,3.68605e-09,0.00954615,0.0356318,3.01504e-06,0.256135,34.6218,2083.52,3283.52,not operable,VERY_THIN
0.0954615,8.45042e-07,1.82537e-07,4.03345e-09,0.00954615,0.03899,3.01504e-06,0.280275,34.6218,1881.51,3081.51,not operable,VERY_THIN
0.0954615,9.24685e-07,1.99741e-07,4.41359e-09,0.00954615,0.0426647,3.01504e-06,0.30669,34.6218,1696.85,2896.85,not operable,VERY_THIN
0.0954615,1.01183e-06,2.18566e-07,4.82956e-09,0.00954615,0.0466857,3.01504e-06,0.335595,34.6218,1528.05,2728.05,not operable,VERY_THIN
0.0954615,1.1072e-06,2.39165e-07,5.28473e-09,0.00954615,0.0510857,3.01504e-06,0.367224,34.6218,1373.74,2573.74,not operable,VERY_THIN
0.0954615,1.21155e-06,2.61706e-07,5.7828e-09,0.00954615,0.0559004,3.01504e-06,0.401834,34.6218,1232.65,2432.65,not operable,VERY_THIN
0.0954615,1.32573e-06,2.86371e-07,6.32782e-09,0.00954615,0.0611689,3.01504e-06,0.439706,34.6218,1103.65,2303.65,not operable,VERY_THIN
0.0954615,1.45068e-06,3.13361e-07,6.9242e-09,0.00954615,0.0669339,3.01504e-06,0.481147,34.6218,985.697,2185.7,not operable,VERY_THIN
0.0954615,1.5874e-06,3.42894e-07,7.57678e-09,0.00954615,0.0732422,3.01504e-06,0.526494,34.6218,877.821,2077.82,not operable,VERY_THIN
0.0954615,1.73701e-06,3.75211e-07,8.29088e-09,0.00954615,0.0801451,3.01504e-06,0.576114,34.6218,779.152,1979.15,not operable,VERY_THIN
0.0954615,1.90072e-06,4.10574e-07,9.07227e-09,0.00954615,0.0876986,3.01504e-06,0.630411,34.6218,688.889,1888.89,not operable,VERY_THIN
0.0954615,2.07986e-06,4.49269e-07,9.92731e-09,0.00954615,0.095964,3.01504e-06,0.689826,34.6218,606.298,1806.3,not operable,
0.0954615,2.27588e-06,4.91612e-07,1.08629e-08,0.00954615,0.105008,3.01504e-06,0.75484,34.6218,530.71,1730.71,not operable,
0.0954615,2.49037e-06,5.37945e-07,1.18867e-08,0.00954615,0.114905,3.01504e-06,0.825982,34.6218,461.511,1661.51,not operable,
0.0954615,2.72508e-06,5.88644e-07,1.3007e-08,0.00954615,0.125735,3.01504e-06,0.903829,34.6218,398.139,1598.14,not operable,
0.0954615,2.98191e-06,6.44123e-07,1.42329e-08,0.00954615,0.137585,3.01504e-06,0.989012,34.6218,340.08,1540.08,not operable,
0.0954615,3.26295e-06,7.0483e-07,1.55743e-08,0.00954615,0.150552,3.01504e-06,1.08222,34.6218,286.862,1486.86,marginal,
0.0954615,3.57048e-06,7.71258e-07,1.70422e-08,0.00954615,0.164741,3.01504e-06,1.18422,34.6218,238.053,1438.05,marginal,
0.0954615,3.90698e-06,8.43947e-07,1.86483e-08,0.00954615,0.180267,3.01504e-06,1.29583,34.6218,193.258,1393.26,marginal,
0.0954615,4.27521e-06,9.23487e-07,2.04059e-08,0.00954615,0.197257,3.01504e-06,1.41796,34.6218,152.113,1352.11,marginal,
0.0954615,4.67814e-06,1.01052e-06,2.23291e-08,0.00954615,0.215848,3.01504e-06,1.5516,34.6218,114.283,1314.28,operable,
0.0954615,5.11904e-06,1.10576e-06,2.44335e-08,0.00954615,0.236191,3.01504e-06,1.69783,34.6218,79.4612,1279.46,operable,
0.0954615,5.60149e-06,1.20998e-06,2.67363e-08,0.00954615,0.258451,3.01504e-06,1.85785,34.6218,47.3656,1247.37,operable,
0.0954615,6.12942e-06,1.32401e-06,2.92562e-08,0.00954615,0.28281,3.01504e-06,2.03295,34.6218,17.7353,1217.74,operable,
0.0954615,6.7071e-06,1.4488e-06,3.20135e-08,0.00954615,0.309464,3.01504e-06,2.22454,34.6218,-9.6702,1190.33,operable,
0.0954615,7.33923e-06,1.58534e-06,3.50307e-08,0.00954615,0.33863,3.01504e-06,2.4342,34.6218,-35.0734,1164.93,operable,
0.0954615,8.03093e-06,1.73476e-06,3.83322e-08,0.00954615,0.370545,3.01504e-06,2.66362,34.6218,-58.6804,1141.32,operable,
0.0954615,8.78782e-06,1.89826e-06,4.19449e-08,0.00954615,0.405468,3.01504e-06,2.91466,34.6218,-80.6829,1119.32,operable,
0.0954615,9.61605e-06,2.07716e-06,4.58981e-08,0.00954615,0.443682,3.01504e-06,3.18936,34.6218,-101.26,1098.74,operable,
0.0954615,1.05223e-05,2.27293e-06,5.02239e-08,0.00954615,0.485498,3.01504e-06,3.48995,34.6218,-120.577,1079.42,operable,
0.0954615,1.1514e-05,2.48715e-06,5.49574e-08,0.00954615,0.531255,3.01504e-06,3.81886,34.6218,-138.793,1061.21,operable,
0.0954615,1.25992e-05,2.72155e-06,6.0137e-08,0.00954615,0.581324,3.01504e-06,4.17878,34.6218,-156.055,1043.95,operable,
0.0954615,1.37867e-05,2.97805e-06,6.58047e-08,0.00954615,0.636112,3.01504e-06,4.57262,34.6218,-172.502,1027.5,operable,
0.0954615,1.5086e-05,3.25873e-06,7.20066e-08,0.00954615,0.696064,3.01504e-06,5.00358,34.6218,-188.269,1011.73,operable,
0.0954615,1.65078e-05,3.56585e-06,7.87931e-08,0.00954615,0.761667,3.01504e-06,5.47515,34.6218,-203.484,996.516,operable,
0.0954615,1.80636e-05,3.90192e-06,8.62191e-08,0.00954615,0.833452,3.01504e-06,5.99117,34.6218,-218.269,981.731,operable,
0.0954615,1.97661e-05,4.26967e-06,9.43451e-08,0.00954615,0.912002,3.01504e-06,6.55582,34.6218,-232.745,967.255,operable,
0.0954615,2.1629e-05,4.67207e-06,1.03237e-07,0.00954615,0.997956,3.01504e-06,7.17369,34.6218,-247.03,952.97,operable,
0.0954615,2.36675e-05,5.1124e-06,1.12967e-07,0.00954615,1.09201,3.01504e-06,7.84979,34.6218,-261.239,938.761,operable,RE_HIGH
0.0954615,2.58981e-05,5.59424e-06,1.23613e-07,0.00954615,1.19493,3.01504e-06,8.58962,34.6218,-275.488,924.512,operable,RE_HIGH
0.0954615,2.83389e-05,6.12148e-06,1.35264e-07,0.00954615,1.30755,3.01504e-06,9.39916,34.6218,-289.893,910.107,operable,RE_HIGH
0.0954615,3.10098e-05,6.69841e-06,1.48012e-07,0.00954615,1.43078,3.01504e-06,10.285,34.6218,-304.57,895.43,operable,RE_HIGH
0.0954615,3.39323e-05,7.32972e-06,1.61962e-07,0.00954615,1.56563,3.01504e-06,11.2543,34.6218,-319.638,880.362,operable,RE_HIGH
0.0954615,3.71304e-05,8.02052e-06,1.77226e-07,0.00954615,1.71319,3.01504e-06,12.315,34.6218,-335.22,864.78,operable,RE_HIGH
0.0954615,4.06298e-05,8.77644e-06,1.93929e-07,0.00954615,1.87465,3.01504e-06,13.4757,34.6218,-351.443,848.557,operable,RE_HIGH
0.0954615,4.44591e-05,9.60359e-06,2.12207e-07,0.00954615,2.05133,3.01504e-06,14.7457,34.6218,-368.438,831.562,operable,RE_HIGH
0.0954615,4.86492e-05,1.05087e-05,2.32206e-07,0.00954615,2.24466,3.01504e-06,16.1355,34.6218,-386.342,813.658,operable,RE_HIGH
0.0954615,5.32343e-05,1.14991e-05,2.54091e-07,0.00954615,2.45622,3.01504e-06,17.6562,34.6218,-405.302,794.698,operable,RE_HIGH
0.0954615,5.82515e-05,1.25829e-05,2.78039e-07,0.00954615,2.68771,3.01504e-06,19.3203,34.6218,-425.471,774.529,operable,RE_HIGH
0.0954615,6.37415e-05,1.37688e-05,3.04243e-07,0.00954615,2.94102,3.01504e-06,21.1412,34.6218,-447.013,752.987,operable,RE_HIGH
0.0954615,6.9749e-05,1.50665e-05,3.32917e-07,0.00954615,3.2182,3.01504e-06,23.1337,34.6218,-470.103,729.897,operable,RE_HIGH
0.0954615,7.63227e-05,1.64864e-05,3.64294e-07,0.00954615,3.52151,3.01504e-06,25.3139,34.6218,-494.928,705.072,operable,RE_HIGH
0.0954615,8.35159e-05,1.80402e-05,3.98627e-07,0.00954615,3.8534,3.01504e-06,27.6997,34.6218,-521.69,678.31,operable,RE_HIGH
0.0954615,9.1387e-05,1.97405e-05,4.36197e-07,0.00954615,4.21657,3.01504e-06,30.3103,34.6218,-550.605,649.395,operable,RE_HIGH
0.0954615,0.0001,2.1601e-05,4.77308e-07,0.00954615,4.61397,3.01504e-06,33.167,34.6218,-581.91,618.09,not operable,RE_HIGH;FLOODING
0.108741,2e-07,4.3202e-08,1.08741e-09,0.0108741,0.0105117,3.28855e-06,0.060817,30.3937,9656.34,10856.3,not operable,VERY_THIN
0.108741,2.18849e-07,4.72736e-08,1.1899e-09,0.0108741,0.0115024,3.28855e-06,0.0665489,30.3937,8806.54,10006.5,not operable,VERY_THIN
0.108741,2.39475e-07,5.1729e-08,1.30204e-09,0.0108741,0.0125864,3.28855e-06,0.072821,30.3937,8029.92,9229.92,not operable,VERY_THIN
0.108741,2.62045e-07,5.66044e-08,1.42476e-09,0.0108741,0.0137727,3.28855e-06,0.0796841,30.3937,7320.17,8520.17,not operable,VERY_THIN
0.108741,2.86742e-07,6.19392e-08,1.55904e-09,0.0108741,0.0150707,3.28855e-06,0.0871942,30.3937,6671.54,7871.54,not operable,VERY_THIN
0.108741,3.13767e-07,6.77768e-08,1.70597e-09,0.0108741,0.0164911,3.28855e-06,0.095412,30.3937,6078.76,7278.76,not operable,VERY_THIN
0.108741,3.43339e-07,7.41646e-08,1.86676e-09,0.0108741,0.0180453,3.28855e-06,0.104404,30.3937,5537.01,6737.01,not operable,VERY_THIN
0.108741,3.75698e-07,8.11544e-08,2.04269e-09,0.0108741,0.019746,3.28855e-06,0.114244,30.3937,5041.91,6241.91,not operable,VERY_THIN
0.108741,4.11106e-07,8.8803e-08,2.23521e-09,0.0108741,0.0216071,3.28855e-06,0.125011,30.3937,4589.42,5789.42,not operable,VERY_THIN
0.108741,4.49852e-07,9.71724e-08,2.44588e-09,0.0108741,0.0236435,3.28855e-06,0.136793,30.3937,4175.89,5375.89,not operable,VERY_THIN
0.108741,4.92249e-07,1.06331e-07,2.67639e-09,0.0108741,0.0258718,3.28855e-06,0.149686,30.3937,3797.94,4997.94,not operable,VERY_THIN
0.108741,5.38642e-07,1.16352e-07,2.92864e-09,0.0108741,0.0283101,3.28855e-06,0.163793,30.3937,3452.52,4652.52,not operable,VERY_THIN
0.108741,5.89408e-07,1.27318e-07,3.20465e-09,0.0108741,0.0309783,3.28855e-06,0.17923,30.3937,3136.81,4336.81,not operable,VERY_THIN
0.108741,6.44958e-07,1.39317e-07,3.50668e-09,0.0108741,0.0338979,3.28855e-06,0.196122,30.3937,2848.26,4048.26,not operable,VERY_THIN
0.108741,7.05744e-07,1.52448e-07,3.83718e-09,0.0108741,0.0370927,3.28855e-06,0.214606,30.3937,2584.52,3784.52,not operable,VERY_THIN
0.108741,7.72258e-07,1.66815e-07,4.19882e-09,0.0108741,0.0405886,3.28855e-06,0.234832,30.3937,2343.46,3543.46,not operable,VERY_THIN
0.108741,8.45042e-07,1.82537e-07,4.59455e-09,0.0108741,0.044414,3.28855e-06,0.256965,30.3937,2123.11,3323.11,not operable,VERY_THIN
0.108741,9.24685e-07,1.99741e-07,5.02757e-09,0.0108741,0.0485999,3.28855e-06,0.281183,30.3937,1921.69,3121.69,not operable,VERY_THIN
0.108741,1.01183e-06,2.18566e-07,5.50141e-09,0.0108741,0.0531803,3.28855e-06,0.307684,30.3937,1737.56,2937.56,not operable,VERY_THIN
0.108741,1.1072e-06,2.39165e-07,6.0199e-09,0.0108741,0.0581924,3.28855e-06,0.336682,30.3937,1569.23,2769.23,not operable,VERY_THIN
0.108741,1.21155e-06,2.61706e-07,6.58726e-09,0.0108741,0.0636769,3.28855e-06,0.368413,30.3937,1415.33,2615.33,not operable,VERY_THIN
0.108741,1.32573e-06,2.86371e-07,7.20809e-09,0.0108741,0.0696782,3.28855e-06,0.403135,30.3937,1274.61,2474.61,not operable,VERY_THIN
0.108741,1.45068e-06,3.13361e-07,7.88744e-09,0.0108741,0.0762452,3.28855e-06,0.44113,30.3937,1145.93,2345.93,not operable,VERY_THIN
0.108741,1.5874e-06,3.42894e-07,8.63081e-09,0.0108741,0.0834311,3.28855e-06,0.482705,30.3937,1028.25,2228.25,not operable,VERY_THIN
0.108741,1.73701e-06,3.75211e-07,9.44424e-09,0.0108741,0.0912943,3.28855e-06,0.528199,30.3937,920.605,2120.6,not operable,VERY_THIN
0.108741,1.90072e-06,4.10574e-07,1.03343e-08,0.0108741,0.0998986,3.28855e-06,0.57798,30.3937,822.126,2022.13,not operable,VERY_THIN
0.108741,2.07986e-06,4.49269e-07,1.13083e-08,0.0108741,0.109314,3.28855e-06,0.632453,30.3937,732.013,1932.01,not operable,
0.108741,2.27588e-06,4.91612e-07,1.23741e-08,0.0108741,0.119616,3.28855e-06,0.69206,30.3937,649.536,1849.54,not operable,
0.108741,2.49037e-06,5.37945e-07,1.35403e-08,0.0108741,0.13089,3.28855e-06,0.757285,30.3937,574.024,1774.02,not operable,
0.108741,2.72508e-06,5.88644e-07,1.48165e-08,0.0108741,0.143226,3.28855e-06,0.828657,30.3937,504.864,1704.86,not operable,
0.108741,2.98191e-06,6.44123e-07,1.62129e-08,0.0108741,0.156724,3.28855e-06,0.906756,30.3937,441.495,1641.49,not operable,
0.108741,3.26295e-06,7.0483e-07,1.77409e-08,0.0108741,0.171495,3.28855e-06,0.992216,30.3937,383.403,1583.4,not operable,
0.108741,3.57048e-06,7.71258e-07,1.94129e-08,0.0108741,0.187658,3.28855e-06,1.08573,30.3937,330.116,1530.12,marginal,
0.108741,3.90698e-06,8.43947e-07,2.12425e-08,0.0108741,0.205345,3.28855e-06,1.18806,30.3937,281.201,1481.2,marginal,
0.108741,4.27521e-06,9.23487e-07,2.32446e-08,0.0108741,0.224698,3.28855e-06,1.30003,30.3937,236.261,1436.26,marginal,
0.108741,4.67814e-06,1.01052e-06,2.54353e-08,0.0108741,0.245875,3.28855e-06,1.42255,30.3937,194.933,1394.93,marginal,
0.108741,5.11904e-06,1.10576e-06,2.78326e-08,0.0108741,0.269048,3.28855e-06,1.55662,30.3937,156.879,1356.88,operable,
0.108741,5.60149e-06,1.20998e-06,3.04557e-08,0.0108741,0.294405,3.28855e-06,1.70333,30.3937,121.792,1321.79,operable,
0.108741,6.12942e-06,1.32401e-06,3.33261e-08,0.0108741,0.322152,3.28855e-06,1.86387,30.3937,89.3857,1289.39,operable,
0.108741,6.7071e-06,1.4488e-06,3.6467e-08,0.0108741,0.352514,3.28855e-06,2.03953,30.3937,59.3981,1259.4,operable,
0.108741,7.33923e-06,1.58534e-06,3.99039e-08,0.0108741,0.385737,3.28855e-06,2.23175,30.3937,31.5854,1231.59,operable,
0.108741,8.03093e-06,1.73476e-06,4.36647e-08,0.0108741,0.422092,3.28855e-06,2.44209,30.3937,5.72181,1205.72,operable,
0.108741,8.78782e-06,1.89826e-06,4.778e-08,0.0108741,0.461873,3.28855e-06,2.67225,30.3937,-18.4026,1181.6,operable,
0.108741,9.61605e-06,2.07716e-06,5.22831e-08,0.0108741,0.505404,3.28855e-06,2.9241,30.3937,-40.9836,1159.02,operable,
0.108741,1.05223e-05,2.27293e-06,5.72107e-08,0.0108741,0.553037,3.28855e-06,3.19969,30.3937,-62.2045,1137.8,operable,
0.108741,1.1514e-05,2.48715e-06,6.26026e-08,0.0108741,0.605159,3.28855e-06,3.50125,30.3937,-82.2376,1117.76,operable,
0.108741,1.25992e-05,2.72155e-06,6.85028e-08,0.0108741,0.662193,3.28855e-06,3.83123,30.3937,-101.246,1098.75,operable,
0.108741,1.37867e-05,2.97805e-06,7.4959e-08,0.0108741,0.724603,3.28855e-06,4.19232,30.3937,-119.383,1080.62,operable,
0.108741,1.5086e-05,3.25873e-06,8.20237e-08,0.0108741,0.792895,3.28855e-06,4.58743,30.3937,-136.796,1063.2,operable,
0.108741,1.65078e-05,3.56585e-06,8.97542e-08,0.0108741,0.867624,3.28855e-06,5.01979,30.3937,-153.627,1046.37,operable,
0.108741,1.80636e-05,3.90192e-06,9.82133e-08,0.0108741,0.949395,3.28855e-06,5.49289,30.3937,-170.012,1029.99,operable,
0.108741,1.97661e-05,4.26967e-06,1.0747e-07,0.0108741,1.03887,3.28855e-06,6.01058,30.3937,-186.085,1013.91,operable,RE_HIGH
0.108741,2.1629e-05,4.67207e-06,1.17598e-07,0.0108741,1.13678,3.28855e-06,6.57706,30.3937,-201.976,998.024,operable,RE_HIGH
0.108741,2.36675e-05,5.1124e-06,1.28682e-07,0.0108741,1.24392,3.28855e-06,7.19693,30.3937,-217.813,982.187,operable,RE_HIGH
0.108741,2.58981e-05,5.59424e-06,1.4081e-07,0.0108741,1.36116,3.28855e-06,7.87522,30.3937,-233.726,966.274,operable,RE_HIGH
0.108741,2.83389e-05,6.12148e-06,1.5408e-07,0.0108741,1.48944,3.28855e-06,8.61744,30.3937,-249.843,950.157,operable,RE_HIGH
0.108741,3.10098e-05,6.69841e-06,1.68602e-07,0.0108741,1.62982,3.28855e-06,9.42961,30.3937,-266.295,933.705,operable,RE_HIGH
0.108741,3.39323e-05,7.32972e-06,1.84492e-07,0.0108741,1.78343,3.28855e-06,10.3183,30.3937,-283.217,916.783,operable,RE_HIGH
0.108741,3.71304e-05,8.02052e-06,2.0188e-07,0.0108741,1.95151,3.28855e-06,11.2908,30.3937,-300.744,899.256,operable,RE_HIGH
0.108741,4.06298e-05,8.77644e-06,2.20907e-07,0.0108741,2.13544,3.28855e-06,12.3549,30.3937,-319.021,880.979,operable,RE_HIGH
0.108741,4.44591e-05,9.60359e-06,2.41727e-07,0.0108741,2.33669,3.28855e-06,13.5193,30.3937,-338.194,861.806,operable,RE_HIGH
0.108741,4.86492e-05,1.05087e-05,2.64509e-07,0.0108741,2.55692,3.28855e-06,14.7935,30.3937,-358.419,841.581,operable,RE_HIGH
0.108741,5.32343e-05,1.14991e-05,2.89438e-07,0.0108741,2.79791,3.28855e-06,16.1878,30.3937,-379.862,820.138,operable,RE_HIGH
0.108741,5.82515e-05,1.25829e-05,3.16717e-07,0.0108741,3.0616,3.28855e-06,17.7134,30.3937,-402.695,797.305,operable,RE_HIGH
0.108741,6.37415e-05,1.37688e-05,3.46567e-07,0.0108741,3.35015,3.28855e-06,19.3829,30.3937,-427.104,772.896,operable,RE_HIGH
0.108741,6.9749e-05,1.50665e-05,3.7923e-07,0.0108741,3.66589,3.28855e-06,21.2096,30.3937,-453.288,746.712,operable,RE_HIGH
0.108741,7.63227e-05,1.64864e-05,4.14971e-07,0.0108741,4.01139,3.28855e-06,23.2086,30.3937,-481.458,718.542,operable,RE_HIGH
0.108741,8.35159e-05,1.80402e-05,4.54081e-07,0.0108741,4.38945,3.28855e-06,25.3959,30.3937,-511.844,688.156,operable,RE_HIGH
0.108741,9.1387e-05,1.97405e-05,4.96877e-07,0.0108741,4.80315,3.28855e-06,27.7894,30.3937,-544.692,655.308,operable,RE_HIGH
0.108741,0.0001,2.1601e-05,5.43707e-07,0.0108741,5.25583,3.28855e-06,30.4085,30.3937,-580.269,619.731,not operable,RE_HIGH;FLOODING
0.123869,2e-07,4.3202e-08,1.23869e-09,0.0123869,0.011974,3.58687e-06,0.0557589,26.6819,10605.6,11805.6,not operable,VERY_THIN
0.123869,2.18849e-07,4.72736e-08,1.35543e-09,0.0123869,0.0131025,3.58687e-06,0.061014,26.6819,9678.75,10878.8,not operable,VERY_THIN
0.123869,2.39475e-07,5.1729e-08,1.48317e-09,0.0123869,0.0143374,3.58687e-06,0.0667645,26.6819,8831.68,10031.7,not operable,VERY_THIN
0.123869,2.62045e-07,5.66044e-08,1.62296e-09,0.0123869,0.0156886,3.58687e-06,0.0730568,26.6819,8057.54,9257.54,not operable,VERY_THIN
0.123869,2.86742e-07,6.19392e-08,1.77592e-09,0.0123869,0.0171672,3.58687e-06,0.0799422,26.6819,7350.07,8550.07,not operable,VERY_THIN
0.123869,3.13767e-07,6.77768e-08,1.9433e-09,0.0123869,0.0187852,3.58687e-06,0.0874766,26.6819,6703.51,7903.51,not operable,VERY_THIN
0.123869,3.43339e-07,7.41646e-08,2.12645e-09,0.0123869,0.0205556,3.58687e-06,0.095721,26.6819,6112.61,7312.61,not operable,VERY_THIN
0.123869,3.75698e-07,8.11544e-08,2.32686e-09,0.0123869,0.022493,3.58687e-06,0.104742,26.6819,5572.59,6772.59,not operable,VERY_THIN
0.123869,4.11106e-07,8.8803e-08,2.54616e-09,0.0123869,0.0246129,3.58687e-06,0.114614,26.6819,5079.05,6279.05,not operable,VERY_THIN
0.123869,4.49852e-07,9.71724e-08,2.78613e-09,0.0123869,0.0269326,3.58687e-06,0.125416,26.6819,4627.99,5827.99,not operable,VERY_THIN
0.123869,4.92249e-07,1.06331e-07,3.04871e-09,0.0123869,0.0294709,3.58687e-06,0.137236,26.6819,4215.75,5415.75,not operable,VERY_THIN
0.123869,5.38642e-07,1.16352e-07,3.33604e-09,0.0123869,0.0322484,3.58687e-06,0.150171,26.6819,3838.98,5038.98,not operable,VERY_THIN
0.123869,5.89408e-07,1.27318e-07,3.65046e-09,0.0123869,0.0352878,3.58687e-06,0.164324,26.6819,3494.63,4694.63,not operable,VERY_THIN
0.123869,6.44958e-07,1.39317e-07,3.9945e-09,0.0123869,0.0386135,3.58687e-06,0.179811,26.6819,3179.89,4379.89,not operable,VERY_THIN
0.123869,7.05744e-07,1.52448e-07,4.37098e-09,0.0123869,0.0422528,3.58687e-06,0.196758,26.6819,2892.22,4092.22,not operable,VERY_THIN
0.123869,7.72258e-07,1.66815e-07,4.78293e-09,0.0123869,0.046235,3.58687e-06,0.215301,26.6819,2629.27,3829.27,not operable,VERY_THIN
0.123869,8.45042e-07,1.82537e-07,5.23371e-09,0.0123869,0.0505925,3.58687e-06,0.235593,26.6819,2388.92,3588.92,not operable,VERY_THIN
0.123869,9.24685e-07,1.99741e-07,5.72697e-09,0.0123869,0.0553607,3.58687e-06,0.257797,26.6819,2169.22,3369.22,not operable,VERY_THIN
0.123869,1.01183e-06,2.18566e-07,6.26672e-09,0.0123869,0.0605783,3.58687e-06,0.282094,26.6819,1968.37,3168.37,not operable,VERY_THIN
0.123869,1.1072e-06,2.39165e-07,6.85734e-09,0.0123869,0.0662877,3.58687e-06,0.30868,26.6819,1784.75,2984.75,not operable,VERY_THIN
0.123869,1.21155e-06,2.61706e-07,7.50363e-09,0.0123869,0.0725351,3.58687e-06,0.337773,26.6819,1616.87,2816.87,not operable,VERY_THIN
0.123869,1.32573e-06,2.86371e-07,8.21083e-09,0.0123869,0.0793713,3.58687e-06,0.369607,26.6819,1463.36,2663.36,not operable,VERY_THIN
0.123869,1.45068e-06,3.13361e-07,8.98468e-09,0.0123869,0.0868519,3.58687e-06,0.404441,26.6819,1322.99,2522.99,not operable,VERY_THIN
0.123869,1.5874e-06,3.42894e-07,9.83146e-09,0.0123869,0.0950374,3.58687e-06,0.442559,26.6819,1194.6,2394.6,not operable,VERY_THIN
0.123869,1.73701e-06,3.75211e-07,1.0758e-08,0.0123869,0.103994,3.58687e-06,0.484269,26.6819,1077.16,2277.16,not operable,VERY_THIN
0.123869,1.90072e-06,4.10574e-07,1.1772e-08,0.0123869,0.113796,3.58687e-06,0.52991,26.6819,969.719,2169.72,not operable,VERY_THIN
0.123869,2.07986e-06,4.49269e-07,1.28814e-08,0.0123869,0.124521,3.58687e-06,0.579852,26.6819,871.398,2071.4,not operable,
0.123869,2.27588e-06,4.91612e-07,1.40955e-08,0.0123869,0.136256,3.58687e-06,0.634502,26.6819,781.402,1981.4,not operable,
0.123869,2.49037e-06,5.37945e-07,1.54239e-08,0.0123869,0.149098,3.58687e-06,0.694302,26.6819,698.999,1899,not operable,
0.123869,2.72508e-06,5.88644e-07,1.68776e-08,0.0123869,0.16315,3.58687e-06,0.759738,26.6819,623.521,1823.52,not operable,
0.123869,2.98191e-06,6.44123e-07,1.84683e-08,0.0123869,0.178527,3.58687e-06,0.831342,26.6819,554.355,1754.35,not operable,
0.123869,3.26295e-06,7.0483e-07,2.02089e-08,0.0123869,0.195352,3.58687e-06,0.909693,26.6819,490.94,1690.94,not operable,
0.123869,3.57048e-06,7.71258e-07,2.21135e-08,0.0123869,0.213764,3.58687e-06,0.99543,26.6819,432.76,1632.76,not operable,
0.123869,3.90698e-06,8.43947e-07,2.41976e-08,0.0123869,0.233911,3.58687e-06,1.08925,26.6819,379.344,1579.34,marginal,
0.123869,4.27521e-06,9.23487e-07,2.64782e-08,0.0123869,0.255956,3.58687e-06,1.1919,26.6819,330.259,1530.26,marginal,
0.123869,4.67814e-06,1.01052e-06,2.89737e-08,0.0123869,0.280079,3.58687e-06,1.30424,26.6819,285.104,1485.1,marginal,
0.123869,5.11904e-06,1.10576e-06,3.17044e-08,0.0123869,0.306476,3.58687e-06,1.42716,26.6819,243.515,1443.52,marginal,
0.123869,5.60149e-06,1.20998e-06,3.46925e-08,0.0123869,0.33536,3.58687e-06,1.56167,26.6819,205.154,1405.15,operable,
0.123869,6.12942e-06,1.32401e-06,3.79621e-08,0.0123869,0.366967,3.58687e-06,1.70885,26.6819,169.708,1369.71,operable,
0.123869,6.7071e-06,1.4488e-06,4.154e-08,0.0123869,0.401553,3.58687e-06,1.8699,26.6819,136.89,1336.89,operable,
0.123869,7.33923e-06,1.58534e-06,4.5455e-08,0.0123869,0.439398,3.58687e-06,2.04614,26.6819,106.435,1306.43,operable,
0.123869,8.03093e-06,1.73476e-06,4.9739e-08,0.0123869,0.48081,3.58687e-06,2.23898,26.6819,78.0942,1278.09,operable,
0.123869,8.78782e-06,1.89826e-06,5.44268e-08,0.0123869,0.526125,3.58687e-06,2.45,26.6819,51.638,1251.64,operable,
0.123869,9.61605e-06,2.07716e-06,5.95564e-08,0.0123869,0.575711,3.58687e-06,2.6809,26.6819,26.8516,1226.85,operable,
0.123869,1.05223e-05,2.27293e-06,6.51694e-08,0.0123869,0.629971,3.58687e-06,2.93357,26.6819,3.53393,1203.53,operable,
0.123869,1.1514e-05,2.48715e-06,7.13114e-08,0.0123869,0.689344,3.58687e-06,3.21005,26.6819,-18.5044,1181.5,operable,
0.123869,1.25992e-05,2.72155e-06,7.80323e-08,0.0123869,0.754313,3.58687e-06,3.51259,26.6819,-39.4422,1160.56,operable,
0.123869,1.37867e-05,2.97805e-06,8.53867e-08,0.0123869,0.825405,3.58687e-06,3.84364,26.6819,-59.4495,1140.55,operable,
0.123869,1.5086e-05,3.25873e-06,9.34342e-08,0.0123869,0.903197,3.58687e-06,4.2059,26.6819,-78.6887,1121.31,operable,
0.123869,1.65078e-05,3.56585e-06,1.0224e-07,0.0123869,0.988321,3.58687e-06,4.60229,26.6819,-97.316,1102.68,operable,
0.123869,1.80636e-05,3.90192e-06,1.11876e-07,0.0123869,1.08147,3.58687e-06,5.03605,26.6819,-115.483,1084.52,operable,RE_HIGH
0.123869,1.97661e-05,4.26967e-06,1.2242e-07,0.0123869,1.18339,3.58687e-06,5.51068,26.6819,-133.336,1066.66,operable,RE_HIGH
0.123869,2.1629e-05,4.67207e-06,1.33958e-07,0.0123869,1.29492,3.58687e-06,6.03005,26.6819,-151.021,1048.98,operable,RE_HIGH
0.123869,2.36675e-05,5.1124e-06,1.46583e-07,0.0123869,1.41697,3.58687e-06,6.59836,26.6819,-168.681,1031.32,operable,RE_HIGH
0.123869,2.58981e-05,5.59424e-06,1.60398e-07,0.0123869,1.55051,3.58687e-06,7.22024,26.6819,-186.46,1013.54,operable,RE_HIGH
0.123869,2.83389e-05,6.12148e-06,1.75515e-07,0.0123869,1.69664,3.58687e-06,7.90073,26.6819,-204.501,995.499,operable,RE_HIGH
0.123869,3.10098e-05,6.69841e-06,1.92057e-07,0.0123869,1.85655,3.58687e-06,8.64535,26.6819,-222.952,977.048,operable,RE_HIGH
0.123869,3.39323e-05,7.32972e-06,2.10158e-07,0.0123869,2.03152,3.58687e-06,9.46015,26.6819,-241.963,958.037,operable,RE_HIGH
0.123869,3.71304e-05,8.02052e-06,2.29964e-07,0.0123869,2.22299,3.58687e-06,10.3517,26.6819,-261.686,938.314,operable,RE_HIGH
0.123869,4.06298e-05,8.77644e-06,2.51638e-07,0.0123869,2.4325,3.58687e-06,11.3274,26.6819,-282.283,917.717,operable,RE_HIGH
0.123869,4.44591e-05,9.60359e-06,2.75354e-07,0.0123869,2.66176,3.58687e-06,12.3949,26.6819,-303.921,896.079,operable,RE_HIGH
0.123869,4.86492e-05,1.05087e-05,3.01306e-07,0.0123869,2.91262,3.58687e-06,13.5631,26.6819,-326.775,873.225,operable,RE_HIGH
0.123869,5.32343e-05,1.14991e-05,3.29703e-07,0.0123869,3.18713,3.58687e-06,14.8414,26.6819,-351.032,848.968,operable,RE_HIGH
0.123869,5.82515e-05,1.25829e-05,3.60777e-07,0.0123869,3.48751,3.58687e-06,16.2402,26.6819,-376.887,823.113,operable,RE_HIGH
0.123869,6.37415e-05,1.37688e-05,3.94779e-07,0.0123869,3.81619,3.58687e-06,17.7708,26.6819,-404.55,795.45,operable,RE_HIGH
0.123869,6.9749e-05,1.50665e-05,4.31986e-07,0.0123869,4.17586,3.58687e-06,19.4456,26.6819,-434.247,765.753,operable,RE_HIGH
0.123869,7.63227e-05,1.64864e-05,4.72699e-07,0.0123869,4.56942,3.58687e-06,21.2783,26.6819,-466.219,733.781,operable,RE_HIGH
0.123869,8.35159e-05,1.80402e-05,5.1725e-07,0.0123869,5.00008,3.58687e-06,23.2838,26.6819,-500.724,699.276,operable,RE_HIGH
0.123869,9.1387e-05,1.97405e-05,5.65999e-07,0.0123869,5.47133,3.58687e-06,25.4782,26.6819,-538.043,661.957,operable,RE_HIGH
0.123869,0.0001,2.1601e-05,6.19343e-07,0.0123869,5.98698,3.58687e-06,27.8795,26.6819,-578.479,621.521,not operable,RE_HIGH;FLOODING
0.1411,2e-07,4.3202e-08,1.411e-09,0.01411,0.0136397,3.91225e-06,0.0511215,23.4234,11643.7,12843.7,not operable,VERY_THIN
0.1411,2.18849e-07,4.72736e-08,1.54399e-09,0.01411,0.0149252,3.91225e-06,0.0559395,23.4234,10632.7,11832.7,not operable,VERY_THIN
0.1411,2.39475e-07,5.1729e-08,1.6895e-09,0.01411,0.0163319,3.91225e-06,0.0612117,23.4234,9708.79,10908.8,not operable,VERY_THIN
0.1411,2.62045e-07,5.66044e-08,1.84873e-09,0.01411,0.0178711,3.91225e-06,0.0669807,23.4234,8864.43,10064.4,not operable,VERY_THIN
0.1411,2.86742e-07,6.19392e-08,2.02297e-09,0.01411,0.0195554,3.91225e-06,0.0732935,23.4234,8092.77,9292.77,not operable,VERY_THIN
0.1411,3.13767e-07,6.77768e-08,2.21363e-09,0.01411,0.0213984,3.91225e-06,0.0802012,23.4234,7387.55,8587.55,not operable,VERY_THIN
0.1411,3.43339e-07,7.41646e-08,2.42226e-09,0.01411,0.0234152,3.91225e-06,0.0877599,23.4234,6743.05,7943.05,not operable,VERY_THIN
0.1411,3.75698e-07,8.11544e-08,2.65055e-09,0.01411,0.025622,3.91225e-06,0.0960311,23.4234,6154.03,7354.03,not operable,VERY_THIN
0.1411,4.11106e-07,8.8803e-08,2.90036e-09,0.01411,0.0280368,3.91225e-06,0.105082,23.4234,5615.71,6815.71,not operable,VERY_THIN
0.1411,4.49852e-07,9.71724e-08,3.17371e-09,0.01411,0.0306792,3.91225e-06,0.114985,23.4234,5123.73,6323.73,not operable,VERY_THIN
0.1411,4.92249e-07,1.06331e-07,3.47282e-09,0.01411,0.0335706,3.91225e-06,0.125823,23.4234,4674.08,5874.08,not operable,VERY_THIN
0.1411,5.38642e-07,1.16352e-07,3.80013e-09,0.01411,0.0367346,3.91225e-06,0.137681,23.4234,4263.13,5463.13,not operable,VERY_THIN
0.1411,5.89408e-07,1.27318e-07,4.15828e-09,0.01411,0.0401967,3.91225e-06,0.150657,23.4234,3887.52,5087.52,not operable,VERY_THIN
0.1411,6.44958e-07,1.39317e-07,4.55019e-09,0.01411,0.0439852,3.91225e-06,0.164856,23.4234,3544.22,4744.22,not operable,VERY_THIN
0.1411,7.05744e-07,1.52448e-07,4.97903e-09,0.01411,0.0481306,3.91225e-06,0.180393,23.4234,3230.44,4430.44,not operable,VERY_THIN
0.1411,7.72258e-07,1.66815e-07,5.44829e-09,0.01411,0.0526668,3.91225e-06,0.197395,23.4234,2943.63,4143.63,not operable,VERY_THIN
0.1411,8.45042e-07,1.82537e-07,5.96178e-09,0.01411,0.0576305,3.91225e-06,0.215999,23.4234,2681.46,3881.46,not operable,VERY_THIN
0.1411,9.24685e-07,1.99741e-07,6.52366e-09,0.01411,0.0630621,3.91225e-06,0.236356,23.4234,2441.81,3641.81,not operable,VERY_THIN
0.1411,1.01183e-06,2.18566e-07,7.1385e-09,0.01411,0.0690055,3.91225e-06,0.258632,23.4234,2222.72,3422.72,not operable,VERY_THIN
0.1411,1.1072e-06,2.39165e-07,7.81128e-09,0.01411,0.0755091,3.91225e-06,0.283008,23.4234,2022.42,3222.42,not operable,VERY_THIN
0.1411,1.21155e-06,2.61706e-07,8.54748e-09,0.01411,0.0826256,3.91225e-06,0.30968,23.4234,1839.29,3039.29,not operable,VERY_THIN
0.1411,1.32573e-06,2.86371e-07,9.35305e-09,0.01411,0.0904129,3.91225e-06,0.338867,23.4234,1671.83,2871.83,not operable,VERY_THIN
0.1411,1.45068e-06,3.13361e-07,1.02346e-08,0.01411,0.098934,3.91225e-06,0.370804,23.4234,1518.7,2718.7,not operable,VERY_THIN
0.1411,1.5874e-06,3.42894e-07,1.11991e-08,0.01411,0.108258,3.91225e-06,0.405751,23.4234,1378.64,2578.64,not operable,VERY_THIN
0.1411,1.73701e-06,3.75211e-07,1.22546e-08,0.01411,0.118461,3.91225e-06,0.443992,23.4234,1250.51,2450.51,not operable,VERY_THIN
0.1411,1.90072e-06,4.10574e-07,1.34096e-08,0.01411,0.129626,3.91225e-06,0.485837,23.4234,1133.29,2333.29,not operable,VERY_THIN
0.1411,2.07986e-06,4.49269e-07,1.46734e-08,0.01411,0.141843,3.91225e-06,0.531626,23.4234,1026.01,2226.01,not operable,
0.1411,2.27588e-06,4.91612e-07,1.60563e-08,0.01411,0.155211,3.91225e-06,0.581731,23.4234,927.805,2127.81,not operable,
0.1411,2.49037e-06,5.37945e-07,1.75696e-08,0.01411,0.16984,3.91225e-06,0.636557,23.4234,837.881,2037.88,not operable,
0.1411,2.72508e-06,5.88644e-07,1.92255e-08,0.01411,0.185846,3.91225e-06,0.696551,23.4234,755.505,1955.51,not operable,
0.1411,2.98191e-06,6.44123e-07,2.10374e-08,0.01411,0.203362,3.91225e-06,0.762199,23.4234,680.01,1880.01,not operable,
0.1411,3.26295e-06,7.0483e-07,2.30202e-08,0.01411,0.222528,3.91225e-06,0.834035,23.4234,610.781,1810.78,not operable,
0.1411,3.57048e-06,7.71258e-07,2.51898e-08,0.01411,0.243501,3.91225e-06,0.91264,23.4234,547.258,1747.26,not operable,
0.1411,3.90698e-06,8.43947e-07,2.75638e-08,0.01411,0.26645,3.91225e-06,0.998654,23.4234,488.924,1688.92,not operable,
0.1411,4.27521e-06,9.23487e-07,3.01616e-08,0.01411,0.291563,3.91225e-06,1.09277,23.4234,435.306,1635.31,marginal,
0.1411,4.67814e-06,1.01052e-06,3.30043e-08,0.01411,0.319042,3.91225e-06,1.19577,23.4234,385.968,1585.97,marginal,
0.1411,5.11904e-06,1.10576e-06,3.61149e-08,0.01411,0.34911,3.91225e-06,1.30846,23.4234,340.511,1540.51,marginal,
0.1411,5.60149e-06,1.20998e-06,3.95186e-08,0.01411,0.382013,3.91225e-06,1.43178,23.4234,298.566,1498.57,marginal,
0.1411,6.12942e-06,1.32401e-06,4.32431e-08,0.01411,0.418017,3.91225e-06,1.56672,23.4234,259.791,1459.79,operable,
0.1411,6.7071e-06,1.4488e-06,4.73187e-08,0.01411,0.457414,3.91225e-06,1.71438,23.4234,223.871,1423.87,operable,
0.1411,7.33923e-06,1.58534e-06,5.17783e-08,0.01411,0.500524,3.91225e-06,1.87596,23.4234,190.517,1390.52,operable,
0.1411,8.03093e-06,1.73476e-06,5.66583e-08,0.01411,0.547697,3.91225e-06,2.05276,23.4234,159.456,1359.46,operable,
0.1411,8.78782e-06,1.89826e-06,6.19982e-08,0.01411,0.599316,3.91225e-06,2.24623,23.4234,130.436,1330.44,operable,
0.1411,9.61605e-06,2.07716e-06,6.78414e-08,0.01411,0.6558,3.91225e-06,2.45793,23.4234,103.223,1303.22,operable,
0.1411,1.05223e-05,2.27293e-06,7.42352e-08,0.01411,0.717607,3.91225e-06,2.68959,23.4234,77.5941,1277.59,operable,
0.1411,1.1514e-05,2.48715e-06,8.12317e-08,0.01411,0.78524,3.91225e-06,2.94307,23.4234,53.3426,1253.34,operable,
0.1411,1.25992e-05,2.72155e-06,8.88876e-08,0.01411,0.859247,3.91225e-06,3.22045,23.4234,30.2712,1230.27,operable,
0.1411,1.37867e-05,2.97805e-06,9.7265e-08,0.01411,0.940228,3.91225e-06,3.52397,23.4234,8.19266,1208.19,operable,
0.1411,1.5086e-05,3.25873e-06,1.06432e-07,0.01411,1.02884,3.91225e-06,3.85609,23.4234,-13.0722,1186.93,operable,RE_HIGH
0.1411,1.65078e-05,3.56585e-06,1.16463e-07,0.01411,1.12581,3.91225e-06,4.21952,23.4234,-33.6961,1166.3,operable,RE_HIGH
0.1411,1.80636e-05,3.90192e-06,1.27439e-07,0.01411,1.23191,3.91225e-06,4.6172,23.4234,-53.8464,1146.15,operable,RE_HIGH
0.1411,1.97661e-05,4.26967e-06,1.3945e-07,0.01411,1.34802,3.91225e-06,5.05236,23.4234,-73.6867,1126.31,operable,RE_HIGH
0.1411,2.1629e-05,4.67207e-06,1.52593e-07,0.01411,1.47506,3.91225e-06,5.52853,23.4234,-93.378,1106.62,operable,RE_HIGH
0.1411,2.36675e-05,5.1124e-06,1.66974e-07,0.01411,1.61409,3.91225e-06,6.04958,23.4234,-113.08,1086.92,operable,RE_HIGH
0.1411,2.58981e-05,5.59424e-06,1.82711e-07,0.01411,1.76621,3.91225e-06,6.61974,23.4234,-132.953,1067.05,operable,RE_HIGH
0.1411,2.83389e-05,6.12148e-06,1.99931e-07,0.01411,1.93267,3.91225e-06,7.24363,23.4234,-153.158,1046.84,operable,RE_HIGH
0.1411,3.10098e-05,6.69841e-06,2.18774e-07,0.01411,2.11482,3.91225e-06,7.92632,23.4234,-173.859,1026.14,operable,RE_HIGH
0.1411,3.39323e-05,7.32972e-06,2.39393e-07,0.01411,2.31413,3.91225e-06,8.67336,23.4234,-195.225,1004.78,operable,RE_HIGH
0.1411,3.71304e-05,8.02052e-06,2.61955e-07,0.01411,2.53223,3.91225e-06,9.4908,23.4234,-217.428,982.572,operable,RE_HIGH
0.1411,4.06298e-05,8.77644e-06,2.86644e-07,0.01411,2.77089,3.91225e-06,10.3853,23.4234,-240.649,959.351,operable,RE_HIGH
0.1411,4.44591e-05,9.60359e-06,3.13659e-07,0.01411,3.03204,3.91225e-06,11.3641,23.4234,-265.076,934.924,operable,RE_HIGH
0.1411,4.86492e-05,1.05087e-05,3.43221e-07,0.01411,3.3178,3.91225e-06,12.4351,23.4234,-290.908,909.092,operable,RE_HIGH
0.1411,5.32343e-05,1.14991e-05,3.75569e-07,0.01411,3.6305,3.91225e-06,13.6071,23.4234,-318.354,881.646,operable,RE_HIGH
0.1411,5.82515e-05,1.25829e-05,4.10965e-07,0.01411,3.97266,3.91225e-06,14.8895,23.4234,-347.637,852.363,operable,RE_HIGH
0.1411,6.37415e-05,1.37688e-05,4.49697e-07,0.01411,4.34707,3.91225e-06,16.2928,23.4234,-378.995,821.005,operable,RE_HIGH
0.1411,6.9749e-05,1.50665e-05,4.9208e-07,0.01411,4.75677,3.91225e-06,17.8284,23.4234,-412.682,787.318,operable,RE_HIGH
0.1411,7.63227e-05,1.64864e-05,5.38457e-07,0.01411,5.20509,3.91225e-06,19.5086,23.4234,-448.973,751.027,operable,RE_HIGH
0.1411,8.35159e-05,1.80402e-05,5.89206e-07,0.01411,5.69565,3.91225e-06,21.3473,23.4234,-488.16,711.84,operable,RE_HIGH
0.1411,9.1387e-05,1.97405e-05,6.44737e-07,0.01411,6.23245,3.91225e-06,23.3592,23.4234,-530.564,669.436,operable,RE_HIGH
0.1411,0.0001,2.1601e-05,7.05501e-07,0.01411,6.81985,3.91225e-06,25.5607,23.4234,-576.526,623.474,not operable,RE_HIGH;FLOODING
0.160729,2e-07,4.3202e-08,1.60729e-09,0.0160729,0.0155371,4.26715e-06,0.0468697,20.5629,12778.9,13978.9,not operable,VERY_THIN
0.160729,2.18849e-07,4.72736e-08,1.75877e-09,0.0160729,0.0170015,4.26715e-06,0.0512871,20.5629,11676.2,12876.2,not operable,VERY_THIN
0.160729,2.39475e-07,5.1729e-08,1.92453e-09,0.0160729,0.0186038,4.26715e-06,0.0561207,20.5629,10668.5,11868.5,not operable,VERY_THIN
0.160729,2.62045e-07,5.66044e-08,2.10592e-09,0.0160729,0.0203572,4.26715e-06,0.06141,20.5629,9747.51,10947.5,not operable,VERY_THIN
0.160729,2.86742e-07,6.19392e-08,2.30439e-09,0.0160729,0.0222758,4.26715e-06,0.0671977,20.5629,8905.84,10105.8,not operable,VERY_THIN
0.160729,3.13767e-07,6.77768e-08,2.52157e-09,0.0160729,0.0243752,4.26715e-06,0.0735309,20.5629,8136.64,9336.64,not operable,VERY_THIN
0.160729,3.43339e-07,7.41646e-08,2.75923e-09,0.0160729,0.0266725,4.26715e-06,0.080461,20.5629,7433.67,8633.67,not operable,VERY_THIN
0.160729,3.75698e-07,8.11544e-08,3.01928e-09,0.0160729,0.0291863,4.26715e-06,0.0880442,20.5629,6791.21,7991.21,not operable,VERY_THIN
0.160729,4.11106e-07,8.8803e-08,3.30384e-09,0.0160729,0.0319371,4.26715e-06,0.0963422,20.5629,6204.05,7404.05,not operable,VERY_THIN
0.160729,4.49852e-07,9.71724e-08,3.61521e-09,0.0160729,0.0349471,4.26715e-06,0.105422,20.5629,5667.43,6867.43,not operable,VERY_THIN
0.160729,4.92249e-07,1.06331e-07,3.95594e-09,0.0160729,0.0382407,4.26715e-06,0.115358,20.5629,5176.98,6376.98,not operable,VERY_THIN
0.160729,5.38642e-07,1.16352e-07,4.32877e-09,0.0160729,0.0418448,4.26715e-06,0.12623,20.5629,4728.73,5928.73,not operable,VERY_THIN
0.160729,5.89408e-07,1.27318e-07,4.73675e-09,0.0160729,0.0457886,4.26715e-06,0.138127,20.5629,4319.04,5519.04,not operable,VERY_THIN
0.160729,6.44958e-07,1.39317e-07,5.18318e-09,0.0160729,0.050104,4.26715e-06,0.151145,20.5629,3944.59,5144.59,not operable,VERY_THIN
0.160729,7.05744e-07,1.52448e-07,5.67168e-09,0.0160729,0.0548262,4.26715e-06,0.16539,20.5629,3602.33,4802.33,not operable,VERY_THIN
0.160729,7.72258e-07,1.66815e-07,6.20622e-09,0.0160729,0.0599934,4.26715e-06,0.180978,20.5629,3289.48,4489.48,not operable,VERY_THIN
0.160729,8.45042e-07,1.82537e-07,6.79114e-09,0.0160729,0.0656477,4.26715e-06,0.198034,20.5629,3003.51,4203.51,not operable,VERY_THIN
0.160729,9.24685e-07,1.99741e-07,7.43118e-09,0.0160729,0.0718348,4.26715e-06,0.216699,20.5629,2742.1,3942.1,not operable,VERY_THIN
0.160729,1.01183e-06,2.18566e-07,8.13155e-09,0.0160729,0.078605,4.26715e-06,0.237122,20.5629,2503.12,3703.12,not operable,VERY_THIN
0.160729,1.1072e-06,2.39165e-07,8.89793e-09,0.0160729,0.0860133,4.26715e-06,0.25947,20.5629,2284.63,3484.63,not operable,VERY_THIN
0.160729,1.21155e-06,2.61706e-07,9.73654e-09,0.0160729,0.0941199,4.26715e-06,0.283924,20.5629,2084.85,3284.85,not operable,VERY_THIN
0.160729,1.32573e-06,2.86371e-07,1.06542e-08,0.0160729,0.10299,4.26715e-06,0.310683,20.5629,1902.18,3102.18,not operable,VERY_THIN
0.160729,1.45068e-06,3.13361e-07,1.16583e-08,0.0160729,0.112697,4.26715e-06,0.339964,20.5629,1735.12,2935.12,not operable,VERY_THIN
0.160729,1.5874e-06,3.42894e-07,1.27571e-08,0.0160729,0.123318,4.26715e-06,0.372005,20.5629,1582.32,2782.32,not operable,VERY_THIN
0.160729,1.73701e-06,3.75211e-07,1.39594e-08,0.0160729,0.134941,4.26715e-06,0.407066,20.5629,1442.54,2642.54,not operable,VERY_THIN
0.160729,1.90072e-06,4.10574e-07,1.5275e-08,0.0160729,0.147659,4.26715e-06,0.445431,20.5629,1314.64,2514.64,not operable,VERY_THIN
0.160729,2.07986e-06,4.49269e-07,1.67147e-08,0.0160729,0.161575,4.26715e-06,0.487411,20.5629,1197.58,2397.58,not operable,
0.160729,2.27588e-06,4.91612e-07,1.829e-08,0.0160729,0.176803,4.26715e-06,0.533348,20.5629,1090.42,2290.42,not operable,
0.160729,2.49037e-06,5.37945e-07,2.00138e-08,0.0160729,0.193466,4.26715e-06,0.583615,20.5629,992.29,2192.29,not operable,
0.160729,2.72508e-06,5.88644e-07,2.19e-08,0.0160729,0.2117,4.26715e-06,0.638619,20.5629,902.383,2102.38,not operable,
0.160729,2.98191e-06,6.44123e-07,2.3964e-08,0.0160729,0.231652,4.26715e-06,0.698807,20.5629,819.976,2019.98,not operable,
0.160729,3.26295e-06,7.0483e-07,2.62226e-08,0.0160729,0.253485,4.26715e-06,0.764668,20.5629,744.398,1944.4,not operable,
0.160729,3.57048e-06,7.71258e-07,2.8694e-08,0.0160729,0.277375,4.26715e-06,0.836736,20.5629,675.037,1875.04,not operable,
0.160729,3.90698e-06,8.43947e-07,3.13983e-08,0.0160729,0.303517,4.26715e-06,0.915596,20.5629,611.328,1811.33,not operable,
0.160729,4.27521e-06,9.23487e-07,3.43575e-08,0.0160729,0.332123,4.26715e-06,1.00189,20.5629,552.756,1752.76,marginal,
0.160729,4.67814e-06,1.01052e-06,3.75956e-08,0.0160729,0.363424,4.26715e-06,1.09631,20.5629,498.844,1698.84,marginal,
0.160729,5.11904e-06,1.10576e-06,4.11389e-08,0.0160729,0.397676,4.26715e-06,1.19964,20.5629,449.155,1649.16,marginal,
0.160729,5.60149e-06,1.20998e-06,4.50161e-08,0.0160729,0.435156,4.26715e-06,1.3127,20.5629,403.286,1603.29,marginal,
0.160729,6.12942e-06,1.32401e-06,4.92588e-08,0.0160729,0.476168,4.26715e-06,1.43642,20.5629,360.863,1560.86,marginal,
0.160729,6.7071e-06,1.4488e-06,5.39013e-08,0.0160729,0.521046,4.26715e-06,1.5718,20.5629,321.544,1521.54,operable,
0.160729,7.33923e-06,1.58534e-06,5.89813e-08,0.0160729,0.570153,4.26715e-06,1.71994,20.5629,285.008,1485.01,operable,
0.160729,8.03093e-06,1.73476e-06,6.45402e-08,0.0160729,0.623888,4.26715e-06,1.88204,20.5629,250.959,1450.96,operable,
0.160729,8.78782e-06,1.89826e-06,7.06229e-08,0.0160729,0.682688,4.26715e-06,2.05941,20.5629,219.121,1419.12,operable,
0.160729,9.61605e-06,2.07716e-06,7.72789e-08,0.0160729,0.74703,4.26715e-06,2.25351,20.5629,189.235,1389.24,operable,
0.160729,1.05223e-05,2.27293e-06,8.45623e-08,0.0160729,0.817435,4.26715e-06,2.4659,20.5629,161.059,1361.06,operable,
0.160729,1.1514e-05,2.48715e-06,9.2532e-08,0.0160729,0.894476,4.26715e-06,2.6983,20.5629,134.364,1334.36,operable,
0.160729,1.25992e-05,2.72155e-06,1.01253e-07,0.0160729,0.978778,4.26715e-06,2.95261,20.5629,108.933,1308.93,operable,
0.160729,1.37867e-05,2.97805e-06,1.10796e-07,0.0160729,1.07103,4.26715e-06,3.23088,20.5629,84.5594,1284.56,operable,RE_HIGH
0.160729,1.5086e-05,3.25873e-06,1.21238e-07,0.0160729,1.17197,4.26715e-06,3.53538,20.5629,61.046,1261.05,operable,RE_HIGH
0.160729,1.65078e-05,3.56585e-06,1.32664e-07,0.0160729,1.28242,4.26715e-06,3.86859,20.5629,38.2017,1238.2,operable,RE_HIGH
0.160729,1.80636e-05,3.90192e-06,1.45168e-07,0.0160729,1.40329,4.26715e-06,4.23319,20.5629,15.841,1215.84,operable,RE_HIGH
0.160729,1.97661e-05,4.26967e-06,1.58849e-07,0.0160729,1.53554,4.26715e-06,4.63216,20.5629,-6.21762,1193.78,operable,RE_HIGH
0.160729,2.1629e-05,4.67207e-06,1.7382e-07,0.0160729,1.68026,4.26715e-06,5.06872,20.5629,-28.1532,1171.85,operable,RE_HIGH
0.160729,2.36675e-05,5.1124e-06,1.90203e-07,0.0160729,1.83862,4.26715e-06,5.54644,20.5629,-50.1437,1149.86,operable,RE_HIGH
0.160729,2.58981e-05,5.59424e-06,2.08129e-07,0.0160729,2.01191,4.26715e-06,6.06918,20.5629,-72.3678,1127.63,operable,RE_HIGH
0.160729,2.83389e-05,6.12148e-06,2.27744e-07,0.0160729,2.20153,4.26715e-06,6.64118,20.5629,-95.0059,1104.99,operable,RE_HIGH
0.160729,3.10098e-05,6.69841e-06,2.49208e-07,0.0160729,2.40901,4.26715e-06,7.26709,20.5629,-118.242,1081.76,operable,RE_HIGH
0.160729,3.39323e-05,7.32972e-06,2.72696e-07,0.0160729,2.63606,4.26715e-06,7.952,20.5629,-142.264,1057.74,operable,RE_HIGH
0.160729,3.71304e-05,8.02052e-06,2.98397e-07,0.0160729,2.8845,4.26715e-06,8.70145,20.5629,-167.267,1032.73,operable,RE_HIGH
0.160729,4.06298e-05,8.77644e-06,3.2652e-07,0.0160729,3.15636,4.26715e-06,9.52154,20.5629,-193.455,1006.55,operable,RE_HIGH
0.160729,4.44591e-05,9.60359e-06,3.57293e-07,0.0160729,3.45383,4.26715e-06,10.4189,20.5629,-221.039,978.961,operable,RE_HIGH
0.160729,4.86492e-05,1.05087e-05,3.90967e-07,0.0160729,3.77935,4.26715e-06,11.4009,20.5629,-250.244,949.756,operable,RE_HIGH
0.160729,5.32343e-05,1.14991e-05,4.27815e-07,0.0160729,4.13554,4.26715e-06,12.4754,20.5629,-281.307,918.693,operable,RE_HIGH
0.160729,5.82515e-05,1.25829e-05,4.68135e-07,0.0160729,4.52531,4.26715e-06,13.6512,20.5629,-314.48,885.52,operable,RE_HIGH
0.160729,6.37415e-05,1.37688e-05,5.12256e-07,0.0160729,4.95181,4.26715e-06,14.9377,20.5629,-350.033,849.967,operable,RE_HIGH
0.160729,6.9749e-05,1.50665e-05,5.60534e-07,0.0160729,5.4185,4.26715e-06,16.3456,20.5629,-388.253,811.747,operable,RE_HIGH
0.160729,7.63227e-05,1.64864e-05,6.13363e-07,0.0160729,5.92918,4.26715e-06,17.8861,20.5629,-429.451,770.549,operable,RE_HIGH
0.160729,8.35159e-05,1.80402e-05,6.71171e-07,0.0160729,6.48799,4.26715e-06,19.5718,20.5629,-473.962,726.038,operable,RE_HIGH
0.160729,9.1387e-05,1.97405e-05,7.34427e-07,0.0160729,7.09946,4.26715e-06,21.4164,20.5629,-522.147,677.853,operable,RE_HIGH
0.160729,0.0001,2.1601e-05,8.03645e-07,0.0160729,7.76857,4.26715e-06,23.4349,20.5629,-574.397,625.603,not operable,RE_HIGH;FLOODING
0.183088,2e-07,4.3202e-08,1.83088e-09,0.0183088,0.0176985,4.65424e-06,0.0429716,18.0517,14020.5,15220.5,not operable,VERY_THIN
0.183088,2.18849e-07,4.72736e-08,2.00344e-09,0.0183088,0.0193666,4.65424e-06,0.0470215,18.0517,12817.8,14017.8,not operable,VERY_THIN
0.183088,2.39475e-07,5.1729e-08,2.19226e-09,0.0183088,0.0211918,4.65424e-06,0.0514532,18.0517,11718.6,12918.6,not operable,VERY_THIN
0.183088,2.62045e-07,5.66044e-08,2.39887e-09,0.0183088,0.0231891,4.65424e-06,0.0563025,18.0517,10714.1,11914.1,not operable,VERY_THIN
0.183088,2.86742e-07,6.19392e-08,2.62496e-09,0.0183088,0.0253746,4.65424e-06,0.0616089,18.0517,9796.08,10996.1,not operable,VERY_THIN
0.183088,3.13767e-07,6.77768e-08,2.87236e-09,0.0183088,0.0277661,4.65424e-06,0.0674154,18.0517,8957.1,10157.1,not operable,VERY_THIN
0.183088,3.43339e-07,7.41646e-08,3.14307e-09,0.0183088,0.030383,4.65424e-06,0.0737691,18.0517,8190.34,9390.34,not operable,VERY_THIN
0.183088,3.75698e-07,8.11544e-08,3.43929e-09,0.0183088,0.0332465,4.65424e-06,0.0807216,18.0517,7489.6,8689.6,not operable,VERY_THIN
0.183088,4.11106e-07,8.8803e-08,3.76344e-09,0.0183088,0.0363799,4.65424e-06,0.0883294,18.0517,6849.16,8049.16,not operable,VERY_THIN
0.183088,4.49852e-07,9.71724e-08,4.11813e-09,0.0183088,0.0398086,4.65424e-06,0.0966542,18.0517,6263.85,7463.85,not operable,VERY_THIN
0.183088,4.92249e-07,1.06331e-07,4.50626e-09,0.0183088,0.0435605,4.65424e-06,0.105764,18.0517,5728.9,6928.9,not operable,VERY_THIN
0.183088,5.38642e-07,1.16352e-07,4.93096e-09,0.0183088,0.0476659,4.65424e-06,0.115732,18.0517,5239.98,6439.98,not operable,VERY_THIN
0.183088,5.89408e-07,1.27318e-07,5.39569e-09,0.0183088,0.0521583,4.65424e-06,0.126639,18.0517,4793.11,5993.11,not operable,VERY_THIN
0.183088,6.44958e-07,1.39317e-07,5.90422e-09,0.0183088,0.0570741,4.65424e-06,0.138574,18.0517,4384.67,5584.67,not operable,VERY_THIN
0.183088,7.05744e-07,1.52448e-07,6.46068e-09,0.0183088,0.0624532,4.65424e-06,0.151635,18.0517,4011.35,5211.35,not operable,VERY_THIN
0.183088,7.72258e-07,1.66815e-07,7.06958e-09,0.0183088,0.0683393,4.65424e-06,0.165926,18.0517,3670.1,4870.1,not operable,VERY_THIN
0.183088,8.45042e-07,1.82537e-07,7.73587e-09,0.0183088,0.07478,4.65424e-06,0.181564,18.0517,3358.17,4558.17,not operable,VERY_THIN
0.183088,9.24685e-07,1.99741e-07,8.46495e-09,0.0183088,0.0818279,4.65424e-06,0.198676,18.0517,3073.02,4273.02,not operable,VERY_THIN
0.183088,1.01183e-06,2.18566e-07,9.26275e-09,0.0183088,0.0895399,4.65424e-06,0.2174,18.0517,2812.33,4012.33,not operable,VERY_THIN
0.183088,1.1072e-06,2.39165e-07,1.01357e-08,0.0183088,0.0979788,4.65424e-06,0.23789,18.0517,2574,3774,not operable,VERY_THIN
0.183088,1.21155e-06,2.61706e-07,1.1091e-08,0.0183088,0.107213,4.65424e-06,0.26031,18.0517,2356.07,3556.07,not operable,VERY_THIN
0.183088,1.32573e-06,2.86371e-07,1.21363e-08,0.0183088,0.117318,4.65424e-06,0.284844,18.0517,2156.8,3356.8,not operable,VERY_THIN
0.183088,1.45068e-06,3.13361e-07,1.32801e-08,0.0183088,0.128375,4.65424e-06,0.31169,18.0517,1974.55,3174.55,not operable,VERY_THIN
0.183088,1.5874e-06,3.42894e-07,1.45317e-08,0.0183088,0.140473,4.65424e-06,0.341066,18.0517,1807.85,3007.85,not operable,VERY_THIN
0.183088,1.73701e-06,3.75211e-07,1.59013e-08,0.0183088,0.153713,4.65424e-06,0.37321,18.0517,1655.34,2855.34,not operable,VERY_THIN
0.183088,1.90072e-06,4.10574e-07,1.74e-08,0.0183088,0.1682,4.65424e-06,0.408384,18.0517,1515.79,2715.79,not operable,VERY_THIN
0.183088,2.07986e-06,4.49269e-07,1.90399e-08,0.0183088,0.184052,4.65424e-06,0.446873,18.0517,1388.07,2588.07,not operable,
0.183088,2.27588e-06,4.91612e-07,2.08343e-08,0.0183088,0.201399,4.65424e-06,0.48899,18.0517,1271.14,2471.14,not operable,
0.183088,2.49037e-06,5.37945e-07,2.27979e-08,0.0183088,0.22038,4.65424e-06,0.535076,18.0517,1164.04,2364.04,not operable,
0.183088,2.72508e-06,5.88644e-07,2.49466e-08,0.0183088,0.24115,4.65424e-06,0.585506,18.0517,1065.91,2265.91,not operable,
0.183088,2.98191e-06,6.44123e-07,2.72977e-08,0.0183088,0.263878,4.65424e-06,0.640688,18.0517,975.957,2175.96,not operable,
0.183088,3.26295e-06,7.0483e-07,2.98704e-08,0.0183088,0.288748,4.65424e-06,0.701071,18.0517,893.445,2093.44,not operable,
0.183088,3.57048e-06,7.71258e-07,3.26856e-08,0.0183088,0.315961,4.65424e-06,0.767145,18.0517,817.705,2017.71,not operable,
0.183088,3.90698e-06,8.43947e-07,3.57662e-08,0.0183088,0.34574,4.65424e-06,0.839447,18.0517,748.123,1948.12,not operable,
0.183088,4.27521e-06,9.23487e-07,3.91371e-08,0.0183088,0.378325,4.65424e-06,0.918562,18.0517,684.134,1884.13,not operable,
0.183088,4.67814e-06,1.01052e-06,4.28256e-08,0.0183088,0.413981,4.65424e-06,1.00513,18.0517,625.219,1825.22,marginal,
0.183088,5.11904e-06,1.10576e-06,4.68618e-08,0.0183088,0.452998,4.65424e-06,1.09987,18.0517,570.899,1770.9,marginal,
0.183088,5.60149e-06,1.20998e-06,5.12784e-08,0.0183088,0.495691,4.65424e-06,1.20352,18.0517,520.733,1720.73,marginal,
0.183088,6.12942e-06,1.32401e-06,5.61113e-08,0.0183088,0.542409,4.65424e-06,1.31695,18.0517,474.315,1674.31,marginal,
0.183088,6.7071e-06,1.4488e-06,6.13996e-08,0.0183088,0.59353,4.65424e-06,1.44107,18.0517,431.267,1631.27,marginal,
0.183088,7.33923e-06,1.58534e-06,6.71864e-08,0.0183088,0.649468,4.65424e-06,1.57689,18.0517,391.24,1591.24,operable,
0.183088,8.03093e-06,1.73476e-06,7.35185e-08,0.0183088,0.710679,4.65424e-06,1.72551,18.0517,353.909,1553.91,operable,
0.183088,8.78782e-06,1.89826e-06,8.04474e-08,0.0183088,0.777658,4.65424e-06,1.88813,18.0517,318.97,1518.97,operable,
0.183088,9.61605e-06,2.07716e-06,8.80294e-08,0.0183088,0.850951,4.65424e-06,2.06608,18.0517,286.142,1486.14,operable,
0.183088,1.05223e-05,2.27293e-06,9.63259e-08,0.0183088,0.931151,4.65424e-06,2.26081,18.0517,255.156,1455.16,operable,
0.183088,1.1514e-05,2.48715e-06,1.05404e-07,0.0183088,1.01891,4.65424e-06,2.47388,18.0517,225.761,1425.76,operable,RE_HIGH
0.183088,1.25992e-05,2.72155e-06,1.15338e-07,0.0183088,1.11494,4.65424e-06,2.70704,18.0517,197.719,1397.72,operable,RE_HIGH
0.183088,1.37867e-05,2.97805e-06,1.26209e-07,0.0183088,1.22002,4.65424e-06,2.96217,18.0517,170.802,1370.8,operable,RE_HIGH
0.183088,1.5086e-05,3.25873e-06,1.38104e-07,0.0183088,1.335,4.65424e-06,3.24135,18.0517,144.792,1344.79,operable,RE_HIGH
0.183088,1.65078e-05,3.56585e-06,1.5112e-07,0.0183088,1.46082,4.65424e-06,3.54684,18.0517,119.477,1319.48,operable,RE_HIGH
0.183088,1.80636e-05,3.90192e-06,1.65362e-07,0.0183088,1.5985,4.65424e-06,3.88112,18.0517,94.6522,1294.65,operable,RE_HIGH
0.183088,1.97661e-05,4.26967e-06,1.80947e-07,0.0183088,1.74916,4.65424e-06,4.2469,18.0517,70.1158,1270.12,operable,RE_HIGH
0.183088,2.1629e-05,4.67207e-06,1.98001e-07,0.0183088,1.91401,4.65424e-06,4.64716,18.0517,45.6687,1245.67,operable,RE_HIGH
0.183088,2.36675e-05,5.1124e-06,2.16662e-07,0.0183088,2.0944,4.65424e-06,5.08514,18.0517,21.1124,1221.11,operable,RE_HIGH
0.183088,2.58981e-05,5.59424e-06,2.37082e-07,0.0183088,2.29179,4.65424e-06,5.5644,18.0517,-3.75237,1196.25,operable,RE_HIGH
0.183088,2.83389e-05,6.12148e-06,2.59426e-07,0.0183088,2.50779,4.65424e-06,6.08883,18.0517,-29.1275,1170.87,operable,RE_HIGH
0.183088,3.10098e-05,6.69841e-06,2.83876e-07,0.0183088,2.74414,4.65424e-06,6.66269,18.0517,-55.219,1144.78,operable,RE_HIGH
0.183088,3.39323e-05,7.32972e-06,3.10631e-07,0.0183088,3.00277,4.65424e-06,7.29063,18.0517,-82.2386,1117.76,operable,RE_HIGH
0.183088,3.71304e-05,8.02052e-06,3.39907e-07,0.0183088,3.28577,4.65424e-06,7.97776,18.0517,-110.406,1089.59,operable,RE_HIGH
0.183088,4.06298e-05,8.77644e-06,3.71942e-07,0.0183088,3.59544,4.65424e-06,8.72964,18.0517,-139.949,1060.05,operable,RE_HIGH
0.183088,4.44591e-05,9.60359e-06,4.06997e-07,0.0183088,3.93431,4.65424e-06,9.55238,18.0517,-171.108,1028.89,operable,RE_HIGH
0.183088,4.86492e-05,1.05087e-05,4.45355e-07,0.0183088,4.3051,4.65424e-06,10.4527,18.0517,-204.136,995.864,operable,RE_HIGH
0.183088,5.32343e-05,1.14991e-05,4.87329e-07,0.0183088,4.71085,4.65424e-06,11.4378,18.0517,-239.301,960.699,operable,RE_HIGH
0.183088,5.82515e-05,1.25829e-05,5.33259e-07,0.0183088,5.15483,4.65424e-06,12.5158,18.0517,-276.888,923.112,operable,RE_HIGH
0.183088,6.37415e-05,1.37688e-05,5.83517e-07,0.0183088,5.64066,4.65424e-06,13.6954,18.0517,-317.203,882.797,operable,RE_HIGH
0.183088,6.9749e-05,1.50665e-05,6.38512e-07,0.0183088,6.17228,4.65424e-06,14.9861,18.0517,-360.573,839.427,operable,RE_HIGH
0.183088,7.63227e-05,1.64864e-05,6.9869e-07,0.0183088,6.754,4.65424e-06,16.3985,18.0517,-407.35,792.65,operable,RE_HIGH
0.183088,8.35159e-05,1.80402e-05,7.64539e-07,0.0183088,7.39055,4.65424e-06,17.944,18.0517,-457.913,742.087,operable,RE_HIGH
0.183088,9.1387e-05,1.97405e-05,8.36595e-07,0.0183088,8.08709,4.65424e-06,19.6352,18.0517,-512.673,687.327,operable,RE_HIGH
0.183088,0.0001,2.1601e-05,9.15442e-07,0.0183088,8.84927,4.65424e-06,21.4858,18.0517,-572.075,627.925,not operable,RE_HIGH;FLOODING
0.208558,2e-07,4.3202e-08,2.08558e-09,0.0208558,0.0201606,5.07645e-06,0.0393976,15.8471,15378.6,16578.6,not operable,VERY_THIN
0.208558,2.18849e-07,4.72736e-08,2.28214e-09,0.0208558,0.0220607,5.07645e-06,0.0431108,15.8471,14066.8,15266.8,not operable,VERY_THIN
0.208558,2.39475e-07,5.1729e-08,2.49723e-09,0.0208558,0.0241399,5.07645e-06,0.0471738,15.8471,12867.9,14067.9,not operable,VERY_THIN
0.208558,2.62045e-07,5.66044e-08,2.73259e-09,0.0208558,0.026415,5.07645e-06,0.0516199,15.8471,11772.3,12972.3,not operable,VERY_THIN
0.208558,2.86742e-07,6.19392e-08,2.99013e-09,0.0208558,0.0289045,5.07645e-06,0.0564849,15.8471,10771,11971,not operable,VERY_THIN
0.208558,3.13767e-07,6.77768e-08,3.27194e-09,0.0208558,0.0316287,5.07645e-06,0.0618084,15.8471,9855.87,11055.9,not operable,VERY_THIN
0.208558,3.43339e-07,7.41646e-08,3.58031e-09,0.0208558,0.0346096,5.07645e-06,0.0676337,15.8471,9019.55,10219.5,not operable,VERY_THIN
0.208558,3.75698e-07,8.11544e-08,3.91774e-09,0.0208558,0.0378715,5.07645e-06,0.074008,15.8471,8255.22,9455.22,not operable,VERY_THIN
0.208558,4.11106e-07,8.8803e-08,4.28698e-09,0.0208558,0.0414408,5.07645e-06,0.0809831,15.8471,7556.68,8756.68,not operable,VERY_THIN
0.208558,4.49852e-07,9.71724e-08,4.69102e-09,0.0208558,0.0453465,5.07645e-06,0.0886155,15.8471,6918.25,8118.25,not operable,VERY_THIN
0.208558,4.92249e-07,1.06331e-07,5.13313e-09,0.0208558,0.0496203,5.07645e-06,0.0969673,15.8471,6334.77,7534.77,not operable,VERY_THIN
0.208558,5.38642e-07,1.16352e-07,5.61692e-09,0.0208558,0.0542969,5.07645e-06,0.106106,15.8471,5801.48,7001.48,not operable,VERY_THIN
0.208558,5.89408e-07,1.27318e-07,6.1463e-09,0.0208558,0.0594142,5.07645e-06,0.116106,15.8471,5314.06,6514.06,not operable,VERY_THIN
0.208558,6.44958e-07,1.39317e-07,6.72557e-09,0.0208558,0.0650138,5.07645e-06,0.127049,15.8471,4868.55,6068.55,not operable,VERY_THIN
0.208558,7.05744e-07,1.52448e-07,7.35944e-09,0.0208558,0.0711412,5.07645e-06,0.139023,15.8471,4461.34,5661.34,not operable,VERY_THIN
0.208558,7.72258e-07,1.66815e-07,8.05304e-09,0.0208558,0.0778461,5.07645e-06,0.152126,15.8471,4089.12,5289.12,not operable,VERY_THIN
0.208558,8.45042e-07,1.82537e-07,8.81202e-09,0.0208558,0.0851829,5.07645e-06,0.166463,15.8471,3748.86,4948.86,not operable,VERY_THIN
0.208558,9.24685e-07,1.99741e-07,9.64253e-09,0.0208558,0.0932111,5.07645e-06,0.182152,15.8471,3437.82,4637.82,not operable,VERY_THIN
0.208558,1.01183e-06,2.18566e-07,1.05513e-08,0.0208558,0.101996,5.07645e-06,0.199319,15.8471,3153.46,4353.46,not operable,VERY_THIN
0.208558,1.1072e-06,2.39165e-07,1.15457e-08,0.0208558,0.111609,5.07645e-06,0.218105,15.8471,2893.47,4093.47,not operable,VERY_THIN
0.208558,1.21155e-06,2.61706e-07,1.26339e-08,0.0208558,0.122128,5.07645e-06,0.23866,15.8471,2655.75,3855.75,not operable,VERY_THIN
0.208558,1.32573e-06,2.86371e-07,1.38246e-08,0.0208558,0.133638,5.07645e-06,0.261154,15.8471,2438.35,3638.35,not operable,VERY_THIN
0.208558,1.45068e-06,3.13361e-07,1.51275e-08,0.0208558,0.146233,5.07645e-06,0.285767,15.8471,2239.53,3439.53,not operable,VERY_THIN
0.208558,1.5874e-06,3.42894e-07,1.65533e-08,0.0208558,0.160015,5.07645e-06,0.312699,15.8471,2057.67,3257.67,not operable,VERY_THIN
0.208558,1.73701e-06,3.75211e-07,1.81134e-08,0.0208558,0.175096,5.07645e-06,0.34217,15.8471,1891.28,3091.28,not operable,VERY_THIN
0.208558,1.90072e-06,4.10574e-07,1.98205e-08,0.0208558,0.191598,5.07645e-06,0.374419,15.8471,1739.02,2939.02,not operable,VERY_THIN
0.208558,2.07986e-06,4.49269e-07,2.16886e-08,0.0208558,0.209656,5.07645e-06,0.409707,15.8471,1599.65,2799.65,not operable,
0.208558,2.27588e-06,4.91612e-07,2.37326e-08,0.0208558,0.229416,5.07645e-06,0.448321,15.8471,1472.05,2672.05,not operable,
0.208558,2.49037e-06,5.37945e-07,2.59694e-08,0.0208558,0.251037,5.07645e-06,0.490574,15.8471,1355.17,2555.17,not operable,
0.208558,2.72508e-06,5.88644e-07,2.84169e-08,0.0208558,0.274697,5.07645e-06,0.536809,15.8471,1248.07,2448.07,not operable,
0.208558,2.98191e-06,6.44123e-07,3.10951e-08,0.0208558,0.300586,5.07645e-06,0.587402,15.8471,1149.87,2349.87,not operable,
0.208558,3.26295e-06,7.0483e-07,3.40258e-08,0.0208558,0.328916,5.07645e-06,0.642763,15.8471,1059.78,2259.78,not operable,
0.208558,3.57048e-06,7.71258e-07,3.72326e-08,0.0208558,0.359915,5.07645e-06,0.703342,15.8471,977.072,2177.07,not operable,
0.208558,3.90698e-06,8.43947e-07,4.07417e-08,0.0208558,0.393836,5.07645e-06,0.76963,15.8471,901.071,2101.07,not operable,
0.208558,4.27521e-06,9.23487e-07,4.45815e-08,0.0208558,0.430954,5.07645e-06,0.842166,15.8471,831.16,2031.16,not operable,
0.208558,4.67814e-06,1.01052e-06,4.87832e-08,0.0208558,0.471571,5.07645e-06,0.921538,15.8471,766.772,1966.77,not operable,
0.208558,5.11904e-06,1.10576e-06,5.33809e-08,0.0208558,0.516015,5.07645e-06,1.00839,15.8471,707.383,1907.38,marginal,
0.208558,5.60149e-06,1.20998e-06,5.84119e-08,0.0208558,0.564648,5.07645e-06,1.10343,15.8471,652.513,1852.51,marginal,
0.208558,6.12942e-06,1.32401e-06,6.3917e-08,0.0208558,0.617865,5.07645e-06,1.20742,15.8471,601.715,1801.72,marginal,
0.208558,6.7071e-06,1.4488e-06,6.99411e-08,0.0208558,0.676097,5.07645e-06,1.32122,15.8471,554.578,1754.58,marginal,
0.208558,7.33923e-06,1.58534e-06,7.65328e-08,0.0208558,0.739817,5.07645e-06,1.44574,15.8471,510.718,1710.72,marginal,
0.208558,8.03093e-06,1.73476e-06,8.37458e-08,0.0208558,0.809543,5.07645e-06,1.582,15.8471,469.78,1669.78,operable,
0.208558,8.78782e-06,1.89826e-06,9.16387e-08,0.0208558,0.88584,5.07645e-06,1.7311,15.8471,431.431,1631.43,operable,
0.208558,9.61605e-06,2.07716e-06,1.00275e-07,0.0208558,0.969328,5.07645e-06,1.89425,15.8471,395.36,1595.36,operable,
0.208558,1.05223e-05,2.27293e-06,1.09726e-07,0.0208558,1.06069,5.07645e-06,2.07278,15.8471,361.274,1561.27,operable,RE_HIGH
0.208558,1.1514e-05,2.48715e-06,1.20067e-07,0.0208558,1.16065,5.07645e-06,2.26813,15.8471,328.896,1528.9,operable,RE_HIGH
0.208558,1.25992e-05,2.72155e-06,1.31383e-07,0.0208558,1.27004,5.07645e-06,2.4819,15.8471,297.964,1497.96,operable,RE_HIGH
0.208558,1.37867e-05,2.97805e-06,1.43766e-07,0.0208558,1.38974,5.07645e-06,2.71581,15.8471,268.227,1468.23,operable,RE_HIGH
0.208558,1.5086e-05,3.25873e-06,1.57316e-07,0.0208558,1.52072,5.07645e-06,2.97177,15.8471,239.443,1439.44,operable,RE_HIGH
0.208558,1.65078e-05,3.56585e-06,1.72142e-07,0.0208558,1.66404,5.07645e-06,3.25185,15.8471,211.378,1411.38,operable,RE_HIGH
0.208558,1.80636e-05,3.90192e-06,1.88366e-07,0.0208558,1.82087,5.07645e-06,3.55833,15.8471,183.805,1383.8,operable,RE_HIGH
0.208558,1.97661e-05,4.26967e-06,2.06119e-07,0.0208558,1.99248,5.07645e-06,3.89369,15.8471,156.5,1356.5,operable,RE_HIGH
0.208558,2.1629e-05,4.67207e-06,2.25545e-07,0.0208558,2.18027,5.07645e-06,4.26066,15.8471,129.24,1329.24,operable,RE_HIGH
0.208558,2.36675e-05,5.1124e-06,2.46802e-07,0.0208558,2.38576,5.07645e-06,4.66221,15.8471,101.806,1301.81,operable,RE_HIGH
0.208558,2.58981e-05,5.59424e-06,2.70063e-07,0.0208558,2.61061,5.07645e-06,5.10161,15.8471,73.9743,1273.97,operable,RE_HIGH
0.208558,2.83389e-05,6.12148e-06,2.95516e-07,0.0208558,2.85665,5.07645e-06,5.58243,15.8471,45.5187,1245.52,operable,RE_HIGH
0.208558,3.10098e-05,6.69841e-06,3.23367e-07,0.0208558,3.12588,5.07645e-06,6.10856,15.8471,16.2083,1216.21,operable,RE_HIGH
0.208558,3.39323e-05,7.32972e-06,3.53844e-07,0.0208558,3.42049,5.07645e-06,6.68427,15.8471,-14.1947,1185.81,operable,RE_HIGH
0.208558,3.71304e-05,8.02052e-06,3.87192e-07,0.0208558,3.74286,5.07645e-06,7.31425,15.8471,-45.9371,1154.06,operable,RE_HIGH
0.208558,4.06298e-05,8.77644e-06,4.23684e-07,0.0208558,4.09561,5.07645e-06,8.0036,15.8471,-79.2766,1120.72,operable,RE_HIGH
0.208558,4.44591e-05,9.60359e-06,4.63615e-07,0.0208558,4.48162,5.07645e-06,8.75791,15.8471,-114.484,1085.52,operable,RE_HIGH
0.208558,4.86492e-05,1.05087e-05,5.0731e-07,0.0208558,4.904,5.07645e-06,9.58332,15.8471,-151.845,1048.16,operable,RE_HIGH
0.208558,5.32343e-05,1.14991e-05,5.55123e-07,0.0208558,5.36618,5.07645e-06,10.4865,15.8471,-191.662,1008.34,operable,RE_HIGH
0.208558,5.82515e-05,1.25829e-05,6.07441e-07,0.0208558,5.87193,5.07645e-06,11.4749,15.8471,-234.26,965.74,operable,RE_HIGH
0.208558,6.37415e-05,1.37688e-05,6.64691e-07,0.0208558,6.42535,5.07645e-06,12.5563,15.8471,-279.983,920.017,operable,RE_HIGH
0.208558,6.9749e-05,1.50665e-05,7.27336e-07,0.0208558,7.03092,5.07645e-06,13.7397,15.8471,-329.204,870.796,operable,RE_HIGH
0.208558,7.63227e-05,1.64864e-05,7.95886e-07,0.0208558,7.69356,5.07645e-06,15.0347,15.8471,-382.32,817.68,operable,RE_HIGH
0.208558,8.35159e-05,1.80402e-05,8.70896e-07,0.0208558,8.41866,5.07645e-06,16.4516,15.8471,-439.765,760.235,operable,RE_HIGH
0.208558,9.1387e-05,1.97405e-05,9.52976e-07,0.0208558,9.2121,5.07645e-06,18.0022,15.8471,-502.004,697.996,operable,RE_HIGH
0.208558,0.0001,2.1601e-05,1.04279e-06,0.0208558,10.0803,5.07645e-06,19.6988,15.8471,-569.541,630.459,not operable,RE_HIGH;FLOODING
0.237571,2e-07,4.3202e-08,2.37571e-09,0.0237571,0.0229652,5.53695e-06,0.036121,13.9118,16864.4,18064.4,not operable,VERY_THIN
0.237571,2.18849e-07,4.72736e-08,2.59962e-09,0.0237571,0.0251296,5.53695e-06,0.0395253,13.9118,15433.5,16633.5,not operable,VERY_THIN
0.237571,2.39475e-07,5.1729e-08,2.84462e-09,0.0237571,0.027498,5.53695e-06,0.0432504,13.9118,14125.9,15325.9,not operable,VERY_THIN
0.237571,2.62045e-07,5.66044e-08,3.11272e-09,0.0237571,0.0300897,5.53695e-06,0.0473267,13.9118,12930.9,14130.9,not operable,VERY_THIN
0.237571,2.86742e-07,6.19392e-08,3.40609e-09,0.0237571,0.0329255,5.53695e-06,0.0517871,13.9118,11838.7,13038.7,not operable,VERY_THIN
0.237571,3.13767e-07,6.77768e-08,3.7271e-09,0.0237571,0.0360287,5.53695e-06,0.0566679,13.9118,10840.6,12040.6,not operable,VERY_THIN
0.237571,3.43339e-07,7.41646e-08,4.07837e-09,0.0237571,0.0394243,5.53695e-06,0.0620087,13.9118,9928.39,11128.4,not operable,VERY_THIN
0.237571,3.75698e-07,8.11544e-08,4.46275e-09,0.0237571,0.0431399,5.53695e-06,0.0678528,13.9118,9094.71,10294.7,not operable,VERY_THIN
0.237571,4.11106e-07,8.8803e-08,4.88335e-09,0.0237571,0.0472057,5.53695e-06,0.0742478,13.9118,8332.79,9532.79,not operable,VERY_THIN
0.237571,4.49852e-07,9.71724e-08,5.34359e-09,0.0237571,0.0516547,5.53695e-06,0.0812454,13.9118,7636.44,8836.44,not operable,VERY_THIN
0.237571,4.92249e-07,1.06331e-07,5.84721e-09,0.0237571,0.0565231,5.53695e-06,0.0889026,13.9118,7000.01,8200.01,not operable,VERY_THIN
0.237571,5.38642e-07,1.16352e-07,6.3983e-09,0.0237571,0.0618502,5.53695e-06,0.0972814,13.9118,6418.32,7618.32,not operable,VERY_THIN
0.237571,5.89408e-07,1.27318e-07,7.00132e-09,0.0237571,0.0676794,5.53695e-06,0.10645,13.9118,5886.67,7086.67,not operable,VERY_THIN
0.237571,6.44958e-07,1.39317e-07,7.66118e-09,0.0237571,0.074058,5.53695e-06,0.116483,13.9118,5400.73,6600.73,not operable,VERY_THIN
0.237571,7.05744e-07,1.52448e-07,8.38322e-09,0.0237571,0.0810378,5.53695e-06,0.127461,13.9118,4956.55,6156.55,not operable,VERY_THIN
0.237571,7.72258e-07,1.66815e-07,9.17332e-09,0.0237571,0.0886754,5.53695e-06,0.139474,13.9118,4550.54,5750.54,not operable,VERY_THIN
0.237571,8.45042e-07,1.82537e-07,1.00379e-08,0.0237571,0.0970328,5.53695e-06,0.152619,13.9118,4179.4,5379.4,not operable,VERY_THIN
0.237571,9.24685e-07,1.99741e-07,1.09839e-08,0.0237571,0.106178,5.53695e-06,0.167002,13.9118,3840.11,5040.11,not operable,VERY_THIN
0.237571,1.01183e-06,2.18566e-07,1.20191e-08,0.0237571,0.116185,5.53695e-06,0.182742,13.9118,3529.92,4729.92,not operable,VERY_THIN
0.237571,1.1072e-06,2.39165e-07,1.31519e-08,0.0237571,0.127135,5.53695e-06,0.199965,13.9118,3246.31,4446.31,not operable,VERY_THIN
0.237571,1.21155e-06,2.61706e-07,1.43914e-08,0.0237571,0.139117,5.53695e-06,0.218811,13.9118,2986.99,4186.99,not operable,VERY_THIN
0.237571,1.32573e-06,2.86371e-07,1.57478e-08,0.0237571,0.152229,5.53695e-06,0.239433,13.9118,2749.83,3949.83,not operable,VERY_THIN
0.237571,1.45068e-06,3.13361e-07,1.7232e-08,0.0237571,0.166576,5.53695e-06,0.261999,13.9118,2532.93,3732.93,not operable,VERY_THIN
0.237571,1.5874e-06,3.42894e-07,1.8856e-08,0.0237571,0.182275,5.53695e-06,0.286692,13.9118,2334.52,3534.52,not operable,VERY_THIN
0.237571,1.73701e-06,3.75211e-07,2.06332e-08,0.0237571,0.199454,5.53695e-06,0.313712,13.9118,2152.98,3352.98,not operable,VERY_THIN
0.237571,1.90072e-06,4.10574e-07,2.25778e-08,0.0237571,0.218252,5.53695e-06,0.343279,13.9118,1986.85,3186.85,not operable,VERY_THIN
0.237571,2.07986e-06,4.49269e-07,2.47057e-08,0.0237571,0.238822,5.53695e-06,0.375632,13.9118,1834.78,3034.78,not operable,
0.237571,2.27588e-06,4.91612e-07,2.70341e-08,0.0237571,0.26133,5.53695e-06,0.411034,13.9118,1695.52,2895.52,not operable,
0.237571,2.49037e-06,5.37945e-07,2.9582e-08,0.0237571,0.28596,5.53695e-06,0.449773,13.9118,1567.96,2767.96,not operable,
0.237571,2.72508e-06,5.88644e-07,3.23701e-08,0.0237571,0.312911,5.53695e-06,0.492163,13.9118,1451.06,2651.06,not operable,
0.237571,2.98191e-06,6.44123e-07,3.54209e-08,0.0237571,0.342402,5.53695e-06,0.538548,13.9118,1343.86,2543.86,not operable,
0.237571,3.26295e-06,7.0483e-07,3.87592e-08,0.0237571,0.374672,5.53695e-06,0.589305,13.9118,1245.5,2445.5,not operable,
0.237571,3.57048e-06,7.71258e-07,4.24121e-08,0.0237571,0.409984,5.53695e-06,0.644845,13.9118,1155.18,2355.18,not operable,
0.237571,3.90698e-06,8.43947e-07,4.64094e-08,0.0237571,0.448624,5.53695e-06,0.70562,13.9118,1072.16,2272.16,not operable,
0.237571,4.27521e-06,9.23487e-07,5.07833e-08,0.0237571,0.490905,5.53695e-06,0.772123,13.9118,995.771,2195.77,not operable,
0.237571,4.67814e-06,1.01052e-06,5.55695e-08,0.0237571,0.537172,5.53695e-06,0.844894,13.9118,925.395,2125.4,not operable,
0.237571,5.11904e-06,1.10576e-06,6.08068e-08,0.0237571,0.587799,5.53695e-06,0.924523,13.9118,860.459,2060.46,not operable,
0.237571,5.60149e-06,1.20998e-06,6.65377e-08,0.0237571,0.643198,5.53695e-06,1.01166,13.9118,800.436,2000.44,marginal,
0.237571,6.12942e-06,1.32401e-06,7.28087e-08,0.0237571,0.703817,5.53695e-06,1.107,13.9118,744.839,1944.84,marginal,
0.237571,6.7071e-06,1.4488e-06,7.96707e-08,0.0237571,0.77015,5.53695e-06,1.21133,13.9118,693.215,1893.22,marginal,
0.237571,7.33923e-06,1.58534e-06,8.71795e-08,0.0237571,0.842735,5.53695e-06,1.3255,13.9118,645.147,1845.15,marginal,
0.237571,8.03093e-06,1.73476e-06,9.53959e-08,0.0237571,0.92216,5.53695e-06,1.45042,13.9118,600.244,1800.24,marginal,
0.237571,8.78782e-06,1.89826e-06,1.04387e-07,0.0237571,1.00907,5.53695e-06,1.58712,13.9118,558.141,1758.14,operable,RE_HIGH
0.237571,9.61605e-06,2.07716e-06,1.14225e-07,0.0237571,1.10417,5.53695e-06,1.73671,13.9118,518.496,1718.5,operable,RE_HIGH
0.237571,1.05223e-05,2.27293e-06,1.2499e-07,0.0237571,1.20824,5.53695e-06,1.90038,13.9118,480.989,1680.99,operable,RE_HIGH
0.237571,1.1514e-05,2.48715e-06,1.3677e-07,0.0237571,1.32211,5.53695e-06,2.07949,13.9118,445.314,1645.31,operable,RE_HIGH
0.237571,1.25992e-05,2.72155e-06,1.49661e-07,0.0237571,1.44672,5.53695e-06,2.27548,13.9118,411.182,1611.18,operable,RE_HIGH
0.237571,1.37867e-05,2.97805e-06,1.63766e-07,0.0237571,1.58307,5.53695e-06,2.48994,13.9118,378.315,1578.32,operable,RE_HIGH
0.237571,1.5086e-05,3.25873e-06,1.792e-07,0.0237571,1.73227,5.53695e-06,2.72461,13.9118,346.448,1546.45,operable,RE_HIGH
0.237571,1.65078e-05,3.56585e-06,1.96089e-07,0.0237571,1.89553,5.53695e-06,2.98139,13.9118,315.321,1515.32,operable,RE_HIGH
0.237571,1.80636e-05,3.90192e-06,2.1457e-07,0.0237571,2.07418,5.53695e-06,3.26238,13.9118,284.681,1484.68,operable,RE_HIGH
0.237571,1.97661e-05,4.26967e-06,2.34793e-07,0.0237571,2.26966,5.53695e-06,3.56985,13.9118,254.28,1454.28,operable,RE_HIGH
0.237571,2.1629e-05,4.67207e-06,2.56921e-07,0.0237571,2.48357,5.53695e-06,3.9063,13.9118,223.871,1423.87,operable,RE_HIGH
0.237571,2.36675e-05,5.1124e-06,2.81136e-07,0.0237571,2.71764,5.53695e-06,4.27446,13.9118,193.208,1393.21,operable,RE_HIGH
0.237571,2.58981e-05,5.59424e-06,3.07632e-07,0.0237571,2.97377,5.53695e-06,4.67732,13.9118,162.04,1362.04,operable,RE_HIGH
0.237571,2.83389e-05,6.12148e-06,3.36625e-07,0.0237571,3.25404,5.53695e-06,5.11814,13.9118,130.116,1330.12,operable,RE_HIGH
0.237571,3.10098e-05,6.69841e-06,3.68351e-07,0.0237571,3.56073,5.53695e-06,5.60051,13.9118,97.1766,1297.18,operable,RE_HIGH
0.237571,3.39323e-05,7.32972e-06,4.03068e-07,0.0237571,3.89632,5.53695e-06,6.12834,13.9118,62.9536,1262.95,operable,RE_HIGH
0.237571,3.71304e-05,8.02052e-06,4.41056e-07,0.0237571,4.26354,5.53695e-06,6.70592,13.9118,27.1696,1227.17,operable,RE_HIGH
0.237571,4.06298e-05,8.77644e-06,4.82624e-07,0.0237571,4.66536,5.53695e-06,7.33794,13.9118,-10.4659,1189.53,operable,RE_HIGH
0.237571,4.44591e-05,9.60359e-06,5.2811e-07,0.0237571,5.10506,5.53695e-06,8.02952,13.9118,-50.2584,1149.74,operable,RE_HIGH
0.237571,4.86492e-05,1.05087e-05,5.77883e-07,0.0237571,5.5862,5.53695e-06,8.78628,13.9118,-92.5309,1107.47,operable,RE_HIGH
0.237571,5.32343e-05,1.14991e-05,6.32347e-07,0.0237571,6.11269,5.53695e-06,9.61437,13.9118,-137.627,1062.37,operable,RE_HIGH
0.237571,5.82515e-05,1.25829e-05,6.91944e-07,0.0237571,6.68879,5.53695e-06,10.5205,13.9118,-185.912,1014.09,operable,RE_HIGH
0.237571,6.37415e-05,1.37688e-05,7.57158e-07,0.0237571,7.31919,5.53695e-06,11.512,13.9118,-237.778,962.222,operable,RE_HIGH
0.237571,6.9749e-05,1.50665e-05,8.28518e-07,0.0237571,8.00901,5.53695e-06,12.597,13.9118,-293.646,906.354,operable,RE_HIGH
0.237571,7.63227e-05,1.64864e-05,9.06603e-07,0.0237571,8.76383,5.53695e-06,13.7842,13.9118,-353.97,846.03,operable,RE_HIGH
0.237571,8.35159e-05,1.80402e-05,9.92048e-07,0.0237571,9.5898,5.53695e-06,15.0834,13.9118,-419.239,780.761,operable,RE_HIGH
0.237571,9.1387e-05,1.97405e-05,1.08555e-06,0.0237571,10.4936,5.53695e-06,16.5049,13.9118,-489.984,710.016,operable,RE_HIGH
0.237571,0.0001,2.1601e-05,1.18786e-06,0.0237571,11.4826,5.53695e-06,18.0605,13.9118,-566.778,633.222,not operable,RE_HIGH;FLOODING
0.27062,2e-07,4.3202e-08,2.7062e-09,0.027062,0.02616,6.03923e-06,0.0331168,12.2129,18490,19690,not operable,VERY_THIN
0.27062,2.18849e-07,4.72736e-08,2.96126e-09,0.027062,0.0286255,6.03923e-06,0.036238,12.2129,16929.3,18129.3,not operable,VERY_THIN
0.27062,2.39475e-07,5.1729e-08,3.24035e-09,0.027062,0.0313233,6.03923e-06,0.0396533,12.2129,15503.1,16703.1,not operable,VERY_THIN
0.27062,2.62045e-07,5.66044e-08,3.54574e-09,0.027062,0.0342755,6.03923e-06,0.0433905,12.2129,14199.6,15399.6,not operable,VERY_THIN
0.27062,2.86742e-07,6.19392e-08,3.87992e-09,0.027062,0.0375059,6.03923e-06,0.04748,12.2129,13008.4,14208.4,not operable,VERY_THIN
0.27062,3.13767e-07,6.77768e-08,4.24559e-09,0.027062,0.0410407,6.03923e-06,0.0519548,12.2129,11919.7,13119.7,not operable,VERY_THIN
0.27062,3.43339e-07,7.41646e-08,4.64572e-09,0.027062,0.0449087,6.03923e-06,0.0568514,12.2129,10924.7,12124.7,not operable,VERY_THIN
0.27062,3.75698e-07,8.11544e-08,5.08357e-09,0.027062,0.0491412,6.03923e-06,0.0622095,12.2129,10015.4,11215.4,not operable,VERY_THIN
0.27062,4.11106e-07,8.8803e-08,5.56269e-09,0.027062,0.0537726,6.03923e-06,0.0680726,12.2129,9184.35,10384.3,not operable,VERY_THIN
0.27062,4.49852e-07,9.71724e-08,6.08695e-09,0.027062,0.0588406,6.03923e-06,0.0744883,12.2129,8424.81,9624.81,not operable,VERY_THIN
0.27062,4.92249e-07,1.06331e-07,6.66063e-09,0.027062,0.0643861,6.03923e-06,0.0815086,12.2129,7730.63,8930.63,not operable,VERY_THIN
0.27062,5.38642e-07,1.16352e-07,7.28838e-09,0.027062,0.0704543,6.03923e-06,0.0891905,12.2129,7096.16,8296.16,not operable,VERY_THIN
0.27062,5.89408e-07,1.27318e-07,7.97529e-09,0.027062,0.0770945,6.03923e-06,0.0975965,12.2129,6516.25,7716.25,not operable,VERY_THIN
0.27062,6.44958e-07,1.39317e-07,8.72694e-09,0.027062,0.0843604,6.03923e-06,0.106795,12.2129,5986.2,7186.2,not operable,VERY_THIN
0.27062,7.05744e-07,1.52448e-07,9.54943e-09,0.027062,0.0923112,6.03923e-06,0.11686,12.2129,5501.71,6701.71,not operable,VERY_THIN
0.27062,7.72258e-07,1.66815e-07,1.04494e-08,0.027062,0.101011,6.03923e-06,0.127874,12.2129,5058.84,6258.84,not operable,VERY_THIN
0.27062,8.45042e-07,1.82537e-07,1.14343e-08,0.027062,0.110531,6.03923e-06,0.139925,12.2129,4654,5854,not operable,VERY_THIN
0.27062,9.24685e-07,1.99741e-07,1.25119e-08,0.027062,0.120949,6.03923e-06,0.153113,12.2129,4283.9,5483.9,not operable,VERY_THIN
0.27062,1.01183e-06,2.18566e-07,1.36911e-08,0.027062,0.132348,6.03923e-06,0.167543,12.2129,3945.54,5145.54,not operable,VERY_THIN
0.27062,1.1072e-06,2.39165e-07,1.49815e-08,0.027062,0.144821,6.03923e-06,0.183334,12.2129,3636.16,4836.16,not operable,VERY_THIN
0.27062,1.21155e-06,2.61706e-07,1.63935e-08,0.027062,0.15847,6.03923e-06,0.200613,12.2129,3353.27,4553.27,not operable,VERY_THIN
0.27062,1.32573e-06,2.86371e-07,1.79385e-08,0.027062,0.173405,6.03923e-06,0.21952,12.2129,3094.55,4294.55,not operable,VERY_THIN
0.27062,1.45068e-06,3.13361e-07,1.96292e-08,0.027062,0.189748,6.03923e-06,0.240209,12.2129,2857.92,4057.92,not operable,VERY_THIN
0.27062,1.5874e-06,3.42894e-07,2.14792e-08,0.027062,0.207632,6.03923e-06,0.262848,12.2129,2641.46,3841.46,not operable,VERY_THIN
0.27062,1.73701e-06,3.75211e-07,2.35035e-08,0.027062,0.227201,6.03923e-06,0.287621,12.2129,2443.39,3643.39,not operable,VERY_THIN
0.27062,1.90072e-06,4.10574e-07,2.57186e-08,0.027062,0.248614,6.03923e-06,0.314728,12.2129,2262.12,3462.12,not operable,VERY_THIN
0.27062,2.07986e-06,4.49269e-07,2.81426e-08,0.027062,0.272045,6.03923e-06,0.344391,12.2129,2096.18,3296.18,not operable,
0.27062,2.27588e-06,4.91612e-07,3.07949e-08,0.027062,0.297684,6.03923e-06,0.376849,12.2129,1944.21,3144.21,not operable,
0.27062,2.49037e-06,5.37945e-07,3.36973e-08,0.027062,0.32574,6.03923e-06,0.412366,12.2129,1804.99,3004.99,not operable,
0.27062,2.72508e-06,5.88644e-07,3.68731e-08,0.027062,0.35644,6.03923e-06,0.45123,12.2129,1677.38,2877.38,not operable,
0.27062,2.98191e-06,6.44123e-07,4.03483e-08,0.027062,0.390034,6.03923e-06,0.493757,12.2129,1560.35,2760.35,not operable,
0.27062,3.26295e-06,7.0483e-07,4.41511e-08,0.027062,0.426794,6.03923e-06,0.540293,12.2129,1452.95,2652.95,not operable,
0.27062,3.57048e-06,7.71258e-07,4.83122e-08,0.027062,0.467018,6.03923e-06,0.591214,12.2129,1354.31,2554.31,not operable,
0.27062,3.90698e-06,8.43947e-07,5.28655e-08,0.027062,0.511033,6.03923e-06,0.646934,12.2129,1263.62,2463.62,not operable,
0.27062,4.27521e-06,9.23487e-07,5.78479e-08,0.027062,0.559196,6.03923e-06,0.707906,12.2129,1180.15,2380.15,not operable,
0.27062,4.67814e-06,1.01052e-06,6.32999e-08,0.027062,0.611899,6.03923e-06,0.774624,12.2129,1103.23,2303.23,not operable,
0.27062,5.11904e-06,1.10576e-06,6.92658e-08,0.027062,0.669569,6.03923e-06,0.84763,12.2129,1032.22,2232.22,not operable,
0.27062,5.60149e-06,1.20998e-06,7.57939e-08,0.027062,0.732674,6.03923e-06,0.927517,12.2129,966.55,2166.55,not operable,
0.27062,6.12942e-06,1.32401e-06,8.29373e-08,0.027062,0.801727,6.03923e-06,1.01493,12.2129,905.69,2105.69,marginal,
0.27062,6.7071e-06,1.4488e-06,9.07539e-08,0.027062,0.877288,6.03923e-06,1.11059,12.2129,849.145,2049.14,marginal,
0.27062,7.33923e-06,1.58534e-06,9.93072e-08,0.027062,0.95997,6.03923e-06,1.21526,12.2129,796.454,1996.45,marginal,
0.27062,8.03093e-06,1.73476e-06,1.08667e-07,0.027062,1.05044,6.03923e-06,1.32979,12.2129,747.191,1947.19,marginal,RE_HIGH
0.27062,8.78782e-06,1.89826e-06,1.18908e-07,0.027062,1.14945,6.03923e-06,1.45512,12.2129,700.956,1900.96,marginal,RE_HIGH
0.27062,9.61605e-06,2.07716e-06,1.30115e-07,0.027062,1.25778,6.03923e-06,1.59226,12.2129,657.372,1857.37,operable,RE_HIGH
0.27062,1.05223e-05,2.27293e-06,1.42378e-07,0.027062,1.37632,6.03923e-06,1.74233,12.2129,616.087,1816.09,operable,RE_HIGH
0.27062,1.1514e-05,2.48715e-06,1.55797e-07,0.027062,1.50603,6.03923e-06,1.90654,12.2129,576.766,1776.77,operable,RE_HIGH
0.27062,1.25992e-05,2.72155e-06,1.7048e-07,0.027062,1.64797,6.03923e-06,2.08623,12.2129,539.088,1739.09,operable,RE_HIGH
0.27062,1.37867e-05,2.97805e-06,1.86547e-07,0.027062,1.80329,6.03923e-06,2.28285,12.2129,502.749,1702.75,operable,RE_HIGH
0.27062,1.5086e-05,3.25873e-06,2.04129e-07,0.027062,1.97325,6.03923e-06,2.498,12.2129,467.452,1667.45,operable,RE_HIGH
0.27062,1.65078e-05,3.56585e-06,2.23368e-07,0.027062,2.15922,6.03923e-06,2.73343,12.2129,432.913,1632.91,operable,RE_HIGH
0.27062,1.80636e-05,3.90192e-06,2.44419e-07,0.027062,2.36272,6.03923e-06,2.99105,12.2129,398.85,1598.85,operable,RE_HIGH
0.27062,1.97661e-05,4.26967e-06,2.67455e-07,0.027062,2.5854,6.03923e-06,3.27295,12.2129,364.986,1564.99,operable,RE_HIGH
0.27062,2.1629e-05,4.67207e-06,2.92662e-07,0.027062,2.82907,6.03923e-06,3.58141,12.2129,331.048,1531.05,operable,RE_HIGH
0.27062,2.36675e-05,5.1124e-06,3.20245e-07,0.027062,3.0957,6.03923e-06,3.91895,12.2129,296.759,1496.76,operable,RE_HIGH
0.27062,2.58981e-05,5.59424e-06,3.50427e-07,0.027062,3.38746,6.03923e-06,4.2883,12.2129,261.841,1461.84,operable,RE_HIGH
0.27062,2.83389e-05,6.12148e-06,3.83454e-07,0.027062,3.70672,6.03923e-06,4.69247,12.2129,226.011,1426.01,operable,RE_HIGH
0.27062,3.10098e-05,6.69841e-06,4.19594e-07,0.027062,4.05607,6.03923e-06,5.13472,12.2129,188.977,1388.98,operable,RE_HIGH
0.27062,3.39323e-05,7.32972e-06,4.59139e-07,0.027062,4.43835,6.03923e-06,5.61865,12.2129,150.44,1350.44,operable,RE_HIGH
0.27062,3.71304e-05,8.02052e-06,5.02412e-07,0.027062,4.85665,6.03923e-06,6.1482,12.2129,110.086,1310.09,operable,RE_HIGH
0.27062,4.06298e-05,8.77644e-06,5.49763e-07,0.027062,5.31437,6.03923e-06,6.72765,12.2129,67.5882,1267.59,operable,RE_HIGH
0.27062,4.44591e-05,9.60359e-06,6.01577e-07,0.027062,5.81524,6.03923e-06,7.36171,12.2129,22.6009,1222.6,operable,RE_HIGH
0.27062,4.86492e-05,1.05087e-05,6.58274e-07,0.027062,6.36331,6.03923e-06,8.05553,12.2129,-25.2407,1174.76,operable,RE_HIGH
0.27062,5.32343e-05,1.14991e-05,7.20314e-07,0.027062,6.96304,6.03923e-06,8.81474,12.2129,-76.3251,1123.67,operable,RE_HIGH
0.27062,5.82515e-05,1.25829e-05,7.88202e-07,0.027062,7.61928,6.03923e-06,9.64551,12.2129,-131.067,1068.93,operable,RE_HIGH
0.27062,6.37415e-05,1.37688e-05,8.62488e-07,0.027062,8.33738,6.03923e-06,10.5546,12.2129,-189.911,1010.09,operable,RE_HIGH
0.27062,6.9749e-05,1.50665e-05,9.43775e-07,0.027062,9.12316,6.03923e-06,11.5493,12.2129,-253.334,946.666,operable,RE_HIGH
0.27062,7.63227e-05,1.64864e-05,1.03272e-06,0.027062,9.98299,6.03923e-06,12.6378,12.2129,-321.851,878.149,operable,RE_HIGH
0.27062,8.35159e-05,1.80402e-05,1.13005e-06,0.027062,10.9239,6.03923e-06,13.8289,12.2129,-396.019,803.981,operable,RE_HIGH
0.27062,9.1387e-05,1.97405e-05,1.23656e-06,0.027062,11.9534,6.03923e-06,15.1322,12.2129,-476.439,723.561,operable,RE_HIGH
0.27062,0.0001,2.1601e-05,1.3531e-06,0.027062,13.08,6.03923e-06,16.5584,12.2129,-563.765,636.235,not operable,RE_HIGH;FLOODING
0.308267,2e-07,4.3202e-08,3.08267e-09,0.0308267,0.0297991,6.58708e-06,0.0303625,10.7214,20268.8,21468.8,not operable,VERY_THIN
0.308267,2.18849e-07,4.72736e-08,3.3732e-09,0.0308267,0.0326076,6.58708e-06,0.0332241,10.7214,18566.5,19766.5,not operable,VERY_THIN
0.308267,2.39475e-07,5.1729e-08,3.69112e-09,0.0308267,0.0356808,6.58708e-06,0.0363553,10.7214,17010.9,18210.9,not operable,VERY_THIN
0.308267,2.62045e-07,5.66044e-08,4.039e-09,0.0308267,0.0390436,6.58708e-06,0.0397817,10.7214,15589.2,16789.2,not operable,VERY_THIN
0.308267,2.86742e-07,6.19392e-08,4.41966e-09,0.0308267,0.0427234,6.58708e-06,0.0435311,10.7214,14289.8,15489.8,not operable,VERY_THIN
0.308267,3.13767e-07,6.77768e-08,4.8362e-09,0.0308267,0.04675,6.58708e-06,0.0476337,10.7214,13102.4,14302.4,not operable,VERY_THIN
0.308267,3.43339e-07,7.41646e-08,5.292e-09,0.0308267,0.051156,6.58708e-06,0.0521231,10.7214,12017.2,13217.2,not operable,VERY_THIN
0.308267,3.75698e-07,8.11544e-08,5.79076e-09,0.0308267,0.0559773,6.58708e-06,0.0570356,10.7214,11025.3,12225.3,not operable,VERY_THIN
0.308267,4.11106e-07,8.8803e-08,6.33652e-09,0.0308267,0.0612531,6.58708e-06,0.062411,10.7214,10118.9,11318.9,not operable,VERY_THIN
0.308267,4.49852e-07,9.71724e-08,6.93372e-09,0.0308267,0.067026,6.58708e-06,0.0682931,10.7214,9290.43,10490.4,not operable,VERY_THIN
0.308267,4.92249e-07,1.06331e-07,7.58721e-09,0.0308267,0.073343,6.58708e-06,0.0747295,10.7214,8533.25,9733.25,not operable,VERY_THIN
0.308267,5.38642e-07,1.16352e-07,8.30228e-09,0.0308267,0.0802554,6.58708e-06,0.0817726,10.7214,7841.2,9041.2,not operable,VERY_THIN
0.308267,5.89408e-07,1.27318e-07,9.08475e-09,0.0308267,0.0878193,6.58708e-06,0.0894795,10.7214,7208.67,8408.67,not operable,VERY_THIN
0.308267,6.44958e-07,1.39317e-07,9.94096e-09,0.0308267,0.096096,6.58708e-06,0.0979127,10.7214,6630.51,7830.51,not operable,VERY_THIN
0.308267,7.05744e-07,1.52448e-07,1.08779e-08,0.0308267,0.105153,6.58708e-06,0.107141,10.7214,6102.04,7302.04,not operable,VERY_THIN
0.308267,7.72258e-07,1.66815e-07,1.19031e-08,0.0308267,0.115063,6.58708e-06,0.117238,10.7214,5618.97,6818.97,not operable,VERY_THIN
0.308267,8.45042e-07,1.82537e-07,1.30249e-08,0.0308267,0.125908,6.58708e-06,0.128288,10.7214,5177.37,6377.37,not operable,VERY_THIN
0.308267,9.24685e-07,1.99741e-07,1.42525e-08,0.0308267,0.137774,6.58708e-06,0.140379,10.7214,4773.66,5973.66,not operable,VERY_THIN
0.308267,1.01183e-06,2.18566e-07,1.55957e-08,0.0308267,0.150759,6.58708e-06,0.153609,10.7214,4404.56,5604.56,not operable,VERY_THIN
0.308267,1.1072e-06,2.39165e-07,1.70656e-08,0.0308267,0.164967,6.58708e-06,0.168086,10.7214,4067.07,5267.07,not operable,VERY_THIN
0.308267,1.21155e-06,2.61706e-07,1.8674e-08,0.0308267,0.180515,6.58708e-06,0.183928,10.7214,3758.47,4958.47,not operable,VERY_THIN
0.308267,1.32573e-06,2.86371e-07,2.0434e-08,0.0308267,0.197528,6.58708e-06,0.201263,10.7214,3476.23,4676.23,not operable,VERY_THIN
0.308267,1.45068e-06,3.13361e-07,2.23598e-08,0.0308267,0.216145,6.58708e-06,0.220231,10.7214,3218.07,4418.07,not operable,VERY_THIN
0.308267,1.5874e-06,3.42894e-07,2.44672e-08,0.0308267,0.236516,6.58708e-06,0.240987,10.7214,2981.9,4181.9,not operable,VERY_THIN
0.308267,1.73701e-06,3.75211e-07,2.67731e-08,0.0308267,0.258807,6.58708e-06,0.2637,10.7214,2765.8,3965.8,not operable,VERY_THIN
0.308267,1.90072e-06,4.10574e-07,2.92964e-08,0.0308267,0.283199,6.58708e-06,0.288553,10.7214,2568.01,3768.01,not operable,VERY_THIN
0.308267,2.07986e-06,4.49269e-07,3.20575e-08,0.0308267,0.30989,6.58708e-06,0.315748,10.7214,2386.93,3586.93,not operable,
0.308267,2.27588e-06,4.91612e-07,3.50789e-08,0.0308267,0.339096,6.58708e-06,0.345506,10.7214,2221.09,3421.09,not operable,
0.308267,2.49037e-06,5.37945e-07,3.8385e-08,0.0308267,0.371055,6.58708e-06,0.378069,10.7214,2069.13,3269.13,not operable,
0.308267,2.72508e-06,5.88644e-07,4.20026e-08,0.0308267,0.406026,6.58708e-06,0.413701,10.7214,1929.84,3129.84,not operable,
0.308267,2.98191e-06,6.44123e-07,4.59613e-08,0.0308267,0.444292,6.58708e-06,0.452692,10.7214,1802.07,3002.07,not operable,
0.308267,3.26295e-06,7.0483e-07,5.0293e-08,0.0308267,0.486166,6.58708e-06,0.495357,10.7214,1684.8,2884.8,not operable,
0.308267,3.57048e-06,7.71258e-07,5.5033e-08,0.0308267,0.531986,6.58708e-06,0.542043,10.7214,1577.06,2777.06,not operable,
0.308267,3.90698e-06,8.43947e-07,6.02197e-08,0.0308267,0.582124,6.58708e-06,0.593129,10.7214,1477.99,2677.99,not operable,
0.308267,4.27521e-06,9.23487e-07,6.58953e-08,0.0308267,0.636988,6.58708e-06,0.64903,10.7214,1386.77,2586.77,not operable,
0.308267,4.67814e-06,1.01052e-06,7.21057e-08,0.0308267,0.697022,6.58708e-06,0.710199,10.7214,1302.68,2502.68,not operable,
0.308267,5.11904e-06,1.10576e-06,7.89015e-08,0.0308267,0.762714,6.58708e-06,0.777133,10.7214,1225.02,2425.02,not operable,
0.308267,5.60149e-06,1.20998e-06,8.63377e-08,0.0308267,0.834598,6.58708e-06,0.850376,10.7214,1153.17,2353.17,not operable,
0.308267,6.12942e-06,1.32401e-06,9.44749e-08,0.0308267,0.913257,6.58708e-06,0.930522,10.7214,1086.54,2286.54,not operable,
0.308267,6.7071e-06,1.4488e-06,1.03379e-07,0.0308267,0.999329,6.58708e-06,1.01822,10.7214,1024.59,2224.59,marginal,
0.308267,7.33923e-06,1.58534e-06,1.13122e-07,0.0308267,1.09351,6.58708e-06,1.11419,10.7214,966.823,2166.82,marginal,RE_HIGH
0.308267,8.03093e-06,1.73476e-06,1.23783e-07,0.0308267,1.19657,6.58708e-06,1.21919,10.7214,912.765,2112.77,marginal,RE_HIGH
0.308267,8.78782e-06,1.89826e-06,1.3545e-07,0.0308267,1.30935,6.58708e-06,1.3341,10.7214,861.978,2061.98,marginal,RE_HIGH
0.308267,9.61605e-06,2.07716e-06,1.48216e-07,0.0308267,1.43275,6.58708e-06,1.45984,10.7214,814.051,2014.05,marginal,RE_HIGH
0.308267,1.05223e-05,2.27293e-06,1.62184e-07,0.0308267,1.56778,6.58708e-06,1.59742,10.7214,768.593,1968.59,operable,RE_HIGH
0.308267,1.1514e-05,2.48715e-06,1.7747e-07,0.0308267,1.71554,6.58708e-06,1.74797,10.7214,725.237,1925.24,operable,RE_HIGH
0.308267,1.25992e-05,2.72155e-06,1.94196e-07,0.0308267,1.87723,6.58708e-06,1.91272,10.7214,683.63,1883.63,operable,RE_HIGH
0.308267,1.37867e-05,2.97805e-06,2.12498e-07,0.0308267,2.05415,6.58708e-06,2.09298,10.7214,643.434,1843.43,operable,RE_HIGH
0.308267,1.5086e-05,3.25873e-06,2.32526e-07,0.0308267,2.24775,6.58708e-06,2.29024,10.7214,604.323,1804.32,operable,RE_HIGH
0.308267,1.65078e-05,3.56585e-06,2.54441e-07,0.0308267,2.45959,6.58708e-06,2.50609,10.7214,565.98,1765.98,operable,RE_HIGH
0.308267,1.80636e-05,3.90192e-06,2.78421e-07,0.0308267,2.69141,6.58708e-06,2.74229,10.7214,528.093,1728.09,operable,RE_HIGH
0.308267,1.97661e-05,4.26967e-06,3.04662e-07,0.0308267,2.94506,6.58708e-06,3.00074,10.7214,490.355,1690.36,operable,RE_HIGH
0.308267,2.1629e-05,4.67207e-06,3.33375e-07,0.0308267,3.22263,6.58708e-06,3.28355,10.7214,452.46,1652.46,operable,RE_HIGH
0.308267,2.36675e-05,5.1124e-06,3.64795e-07,0.0308267,3.52635,6.58708e-06,3.59302,10.7214,414.099,1614.1,operable,RE_HIGH
0.308267,2.58981e-05,5.59424e-06,3.99176e-07,0.0308267,3.8587,6.58708e-06,3.93165,10.7214,374.962,1574.96,operable,RE_HIGH
0.308267,2.83389e-05,6.12148e-06,4.36797e-07,0.0308267,4.22237,6.58708e-06,4.3022,10.7214,334.731,1534.73,operable,RE_HIGH
0.308267,3.10098e-05,6.69841e-06,4.77964e-07,0.0308267,4.62032,6.58708e-06,4.70767,10.7214,293.078,1493.08,operable,RE_HIGH
0.308267,3.39323e-05,7.32972e-06,5.23011e-07,0.0308267,5.05577,6.58708e-06,5.15135,10.7214,249.667,1449.67,operable,RE_HIGH
0.308267,3.71304e-05,8.02052e-06,5.72303e-07,0.0308267,5.53227,6.58708e-06,5.63685,10.7214,204.145,1404.14,operable,RE_HIGH
0.308267,4.06298e-05,8.77644e-06,6.26242e-07,0.0308267,6.05367,6.58708e-06,6.16811,10.7214,156.142,1356.14,operable,RE_HIGH
0.308267,4.44591e-05,9.60359e-06,6.85263e-07,0.0308267,6.62421,6.58708e-06,6.74944,10.7214,105.268,1305.27,operable,RE_HIGH
0.308267,4.86492e-05,1.05087e-05,7.49847e-07,0.0308267,7.24852,6.58708e-06,7.38556,10.7214,51.1105,1251.11,operable,RE_HIGH
0.308267,5.32343e-05,1.14991e-05,8.20519e-07,0.0308267,7.93168,6.58708e-06,8.08162,10.7214,-6.76988,1193.23,operable,RE_HIGH
0.308267,5.82515e-05,1.25829e-05,8.9785e-07,0.0308267,8.67922,6.58708e-06,8.8433,10.7214,-68.8432,1131.16,operable,RE_HIGH
0.308267,6.37415e-05,1.37688e-05,9.8247e-07,0.0308267,9.49721,6.58708e-06,9.67675,10.7214,-135.613,1064.39,operable,RE_HIGH
0.308267,6.9749e-05,1.50665e-05,1.07507e-06,0.0308267,10.3923,6.58708e-06,10.5888,10.7214,-207.622,992.378,operable,RE_HIGH
0.308267,7.63227e-05,1.64864e-05,1.17639e-06,0.0308267,11.3717,6.58708e-06,11.5867,10.7214,-285.455,914.545,operable,RE_HIGH
0.308267,8.35159e-05,1.80402e-05,1.28726e-06,0.0308267,12.4435,6.58708e-06,12.6787,10.7214,-369.742,830.258,operable,RE_HIGH
0.308267,9.1387e-05,1.97405e-05,1.40858e-06,0.0308267,13.6163,6.58708e-06,13.8737,10.7214,-461.169,738.831,operable,RE_HIGH
0.308267,0.0001,2.1601e-05,1.54133e-06,0.0308267,14.8996,6.58708e-06,15.1812,10.7214,-560.478,639.522,not operable,RE_HIGH;FLOODING
0.351151,2e-07,4.3202e-08,3.51151e-09,0.0351151,0.0339446,7.18462e-06,0.0278372,9.41205,22215.5,23415.5,not operable,VERY_THIN
0.351151,2.18849e-07,4.72736e-08,3.84246e-09,0.0351151,0.0371437,7.18462e-06,0.0304608,9.41205,20358.8,21558.8,not operable,VERY_THIN
0.351151,2.39475e-07,5.1729e-08,4.2046e-09,0.0351151,0.0406444,7.18462e-06,0.0333317,9.41205,18662,19862,not operable,VERY_THIN
0.351151,2.62045e-07,5.66044e-08,4.60087e-09,0.0351151,0.0444751,7.18462e-06,0.0364731,9.41205,17111.3,18311.3,not operable,VERY_THIN
0.351151,2.86742e-07,6.19392e-08,5.03449e-09,0.0351151,0.0486667,7.18462e-06,0.0399106,9.41205,15694.1,16894.1,not operable,VERY_THIN
0.351151,3.13767e-07,6.77768e-08,5.50898e-09,0.0351151,0.0532535,7.18462e-06,0.0436721,9.41205,14398.9,15598.9,not operable,VERY_THIN
0.351151,3.43339e-07,7.41646e-08,6.02818e-09,0.0351151,0.0582724,7.18462e-06,0.047788,9.41205,13215.2,14415.2,not operable,VERY_THIN
0.351151,3.75698e-07,8.11544e-08,6.59632e-09,0.0351151,0.0637645,7.18462e-06,0.0522919,9.41205,12133.4,13333.4,not operable,VERY_THIN
0.351151,4.11106e-07,8.8803e-08,7.21801e-09,0.0351151,0.0697741,7.18462e-06,0.0572203,9.41205,11144.7,12344.7,not operable,VERY_THIN
0.351151,4.49852e-07,9.71724e-08,7.89829e-09,0.0351151,0.0763501,7.18462e-06,0.0626132,9.41205,10241.1,11441.1,not operable,VERY_THIN
0.351151,4.92249e-07,1.06331e-07,8.64268e-09,0.0351151,0.0835459,7.18462e-06,0.0685143,9.41205,9415.21,10615.2,not operable,VERY_THIN
0.351151,5.38642e-07,1.16352e-07,9.45723e-09,0.0351151,0.0914199,7.18462e-06,0.0749716,9.41205,8660.36,9860.36,not operable,VERY_THIN
0.351151,5.89408e-07,1.27318e-07,1.03486e-08,0.0351151,0.100036,7.18462e-06,0.0820375,9.41205,7970.42,9170.42,not operable,VERY_THIN
0.351151,6.44958e-07,1.39317e-07,1.13239e-08,0.0351151,0.109464,7.18462e-06,0.0897693,9.41205,7339.79,8539.79,not operable,VERY_THIN
0.351151,7.05744e-07,1.52448e-07,1.23911e-08,0.0351151,0.119781,7.18462e-06,0.0982298,9.41205,6763.35,7963.35,not operable,VERY_THIN
0.351151,7.72258e-07,1.66815e-07,1.3559e-08,0.0351151,0.13107,7.18462e-06,0.107488,9.41205,6236.41,7436.41,not operable,VERY_THIN
0.351151,8.45042e-07,1.82537e-07,1.48368e-08,0.0351151,0.143423,7.18462e-06,0.117618,9.41205,5754.71,6954.71,not operable,VERY_THIN
0.351151,9.24685e-07,1.99741e-07,1.62352e-08,0.0351151,0.15694,7.18462e-06,0.128703,9.41205,5314.34,6514.34,not operable,VERY_THIN
0.351151,1.01183e-06,2.18566e-07,1.77653e-08,0.0351151,0.171731,7.18462e-06,0.140833,9.41205,4911.71,6111.71,not operable,VERY_THIN
0.351151,1.1072e-06,2.39165e-07,1.94396e-08,0.0351151,0.187916,7.18462e-06,0.154106,9.41205,4543.56,5743.56,not operable,VERY_THIN
0.351151,1.21155e-06,2.61706e-07,2.12718e-08,0.0351151,0.205627,7.18462e-06,0.168631,9.41205,4206.9,5406.9,not operable,VERY_THIN
0.351151,1.32573e-06,2.86371e-07,2.32766e-08,0.0351151,0.225007,7.18462e-06,0.184524,9.41205,3899,5099,not operable,VERY_THIN
0.351151,1.45068e-06,3.13361e-07,2.54703e-08,0.0351151,0.246213,7.18462e-06,0.201914,9.41205,3617.36,4817.36,not operable,VERY_THIN
0.351151,1.5874e-06,3.42894e-07,2.78708e-08,0.0351151,0.269418,7.18462e-06,0.220944,9.41205,3359.69,4559.69,not operable,VERY_THIN
0.351151,1.73701e-06,3.75211e-07,3.04976e-08,0.0351151,0.29481,7.18462e-06,0.241768,9.41205,3123.9,4323.9,not operable,VERY_THIN
0.351151,1.90072e-06,4.10574e-07,3.33719e-08,0.0351151,0.322595,7.18462e-06,0.264554,9.41205,2908.08,4108.08,not operable,VERY_THIN
0.351151,2.07986e-06,4.49269e-07,3.65171e-08,0.0351151,0.352999,7.18462e-06,0.289487,9.41205,2710.48,3910.48,not operable,
0.351151,2.27588e-06,4.91612e-07,3.99588e-08,0.0351151,0.386268,7.18462e-06,0.316771,9.41205,2529.49,3729.49,not operable,
0.351151,2.49037e-06,5.37945e-07,4.37248e-08,0.0351151,0.422673,7.18462e-06,0.346625,9.41205,2363.64,3563.64,not operable,
0.351151,2.72508e-06,5.88644e-07,4.78457e-08,0.0351151,0.462509,7.18462e-06,0.379294,9.41205,2211.58,3411.58,not operable,
0.351151,2.98191e-06,6.44123e-07,5.23551e-08,0.0351151,0.506099,7.18462e-06,0.415041,9.41205,2072.09,3272.09,not operable,
0.351151,3.26295e-06,7.0483e-07,5.72894e-08,0.0351151,0.553797,7.18462e-06,0.454158,9.41205,1944.02,3144.02,not operable,
0.351151,3.57048e-06,7.71258e-07,6.26888e-08,0.0351151,0.605991,7.18462e-06,0.496961,9.41205,1826.34,3026.34,not operable,
0.351151,3.90698e-06,8.43947e-07,6.8597e-08,0.0351151,0.663104,7.18462e-06,0.543798,9.41205,1718.1,2918.1,not operable,
0.351151,4.27521e-06,9.23487e-07,7.50621e-08,0.0351151,0.7256,7.18462e-06,0.59505,9.41205,1618.42,2818.42,not operable,
0.351151,4.67814e-06,1.01052e-06,8.21365e-08,0.0351151,0.793986,7.18462e-06,0.651132,9.41205,1526.48,2726.48,not operable,
0.351151,5.11904e-06,1.10576e-06,8.98777e-08,0.0351151,0.868817,7.18462e-06,0.712499,9.41205,1441.54,2641.54,not operable,
0.351151,5.60149e-06,1.20998e-06,9.83484e-08,0.0351151,0.950701,7.18462e-06,0.779651,9.41205,1362.91,2562.91,not operable,
0.351151,6.12942e-06,1.32401e-06,1.07617e-07,0.0351151,1.0403,7.18462e-06,0.853131,9.41205,1289.95,2489.95,not operable,RE_HIGH
0.351151,6.7071e-06,1.4488e-06,1.1776e-07,0.0351151,1.13835,7.18462e-06,0.933536,9.41205,1222.07,2422.07,not operable,RE_HIGH
0.351151,7.33923e-06,1.58534e-06,1.28859e-07,0.0351151,1.24563,7.18462e-06,1.02152,9.41205,1158.72,2358.72,marginal,RE_HIGH
0.351151,8.03093e-06,1.73476e-06,1.41003e-07,0.0351151,1.36303,7.18462e-06,1.11779,9.41205,1099.39,2299.39,marginal,RE_HIGH
0.351151,8.78782e-06,1.89826e-06,1.54292e-07,0.0351151,1.49149,7.18462e-06,1.22314,9.41205,1043.59,2243.59,marginal,RE_HIGH
0.351151,9.61605e-06,2.07716e-06,1.68834e-07,0.0351151,1.63206,7.18462e-06,1.33842,9.41205,990.871,2190.87,marginal,RE_HIGH
0.351151,1.05223e-05,2.27293e-06,1.84746e-07,0.0351151,1.78588,7.18462e-06,1.46456,9.41205,940.803,2140.8,marginal,RE_HIGH
0.351151,1.1514e-05,2.48715e-06,2.02158e-07,0.0351151,1.9542,7.18462e-06,1.6026,9.41205,892.981,2092.98,operable,RE_HIGH
0.351151,1.25992e-05,2.72155e-06,2.21211e-07,0.0351151,2.13837,7.18462e-06,1.75364,9.41205,847.017,2047.02,operable,RE_HIGH
0.351151,1.37867e-05,2.97805e-06,2.4206e-07,0.0351151,2.33991,7.18462e-06,1.91891,9.41205,802.537,2002.54,operable,RE_HIGH
0.351151,1.5086e-05,3.25873e-06,2.64873e-07,0.0351151,2.56044,7.18462e-06,2.09976,9.41205,759.18,1959.18,operable,RE_HIGH
0.351151,1.65078e-05,3.56585e-06,2.89837e-07,0.0351151,2.80175,7.18462e-06,2.29766,9.41205,716.595,1916.59,operable,RE_HIGH
0.351151,1.80636e-05,3.90192e-06,3.17153e-07,0.0351151,3.06581,7.18462e-06,2.51421,9.41205,674.436,1874.44,operable,RE_HIGH
0.351151,1.97661e-05,4.26967e-06,3.47044e-07,0.0351151,3.35476,7.18462e-06,2.75117,9.41205,632.36,1832.36,operable,RE_HIGH
0.351151,2.1629e-05,4.67207e-06,3.79752e-07,0.0351151,3.67093,7.18462e-06,3.01046,9.41205,590.026,1790.03,operable,RE_HIGH
0.351151,2.36675e-05,5.1124e-06,4.15542e-07,0.0351151,4.01691,7.18462e-06,3.29419,9.41205,547.091,1747.09,operable,RE_HIGH
0.351151,2.58981e-05,5.59424e-06,4.54706e-07,0.0351151,4.39549,7.18462e-06,3.60465,9.41205,503.205,1703.21,operable,RE_HIGH
0.351151,2.83389e-05,6.12148e-06,4.97561e-07,0.0351151,4.80976,7.18462e-06,3.94438,9.41205,458.013,1658.01,operable,RE_HIGH
0.351151,3.10098e-05,6.69841e-06,5.44455e-07,0.0351151,5.26306,7.18462e-06,4.31613,9.41205,411.148,1611.15,operable,RE_HIGH
0.351151,3.39323e-05,7.32972e-06,5.95768e-07,0.0351151,5.75909,7.18462e-06,4.72292,9.41205,362.229,1562.23,operable,RE_HIGH
0.351151,3.71304e-05,8.02052e-06,6.51918e-07,0.0351151,6.30187,7.18462e-06,5.16804,9.41205,310.86,1510.86,operable,RE_HIGH
0.351151,4.06298e-05,8.77644e-06,7.13359e-07,0.0351151,6.89581,7.18462e-06,5.65511,9.41205,256.622,1456.62,operable,RE_HIGH
0.351151,4.44591e-05,9.60359e-06,7.80592e-07,0.0351151,7.54572,7.18462e-06,6.18809,9.41205,199.077,1399.08,operable,RE_HIGH
0.351151,4.86492e-05,1.05087e-05,8.5416e-07,0.0351151,8.25688,7.18462e-06,6.7713,9.41205,137.756,1337.76,operable,RE_HIGH
0.351151,5.32343e-05,1.14991e-05,9.34663e-07,0.0351151,9.03507,7.18462e-06,7.40948,9.41205,72.1625,1272.16,operable,RE_HIGH
0.351151,5.82515e-05,1.25829e-05,1.02275e-06,0.0351151,9.8866,7.18462e-06,8.1078,9.41205,1.76351,1201.76,operable,RE_HIGH
0.351151,6.37415e-05,1.37688e-05,1.11914e-06,0.0351151,10.8184,7.18462e-06,8.87194,9.41205,-74.0124,1125.99,operable,RE_HIGH
0.351151,6.9749e-05,1.50665e-05,1.22462e-06,0.0351151,11.838,7.18462e-06,9.7081,9.41205,-155.78,1044.22,operable,RE_HIGH
0.351151,7.63227e-05,1.64864e-05,1.34004e-06,0.0351151,12.9537,7.18462e-06,10.6231,9.41205,-244.204,955.796,operable,RE_HIGH
0.351151,8.35159e-05,1.80402e-05,1.46633e-06,0.0351151,14.1745,7.18462e-06,11.6243,9.41205,-340.001,859.999,operable,RE_HIGH
0.351151,9.1387e-05,1.97405e-05,1.60453e-06,0.0351151,15.5105,7.18462e-06,12.7198,9.41205,-443.949,756.051,operable,RE_HIGH
0.351151,0.0001,2.1601e-05,1.75575e-06,0.0351151,16.9723,7.18462e-06,13.9186,9.41205,-556.892,643.108,not operable,RE_HIGH;FLOODING
0.4,2e-07,4.3202e-08,4e-09,0.04,0.0386667,7.83637e-06,0.025522,8.26262,24346.2,25546.2,not operable,VERY_THIN
0.4,2.18849e-07,4.72736e-08,4.37699e-09,0.04,0.0423109,7.83637e-06,0.0279274,8.26262,22321.1,23521.1,not operable,VERY_THIN
0.4,2.39475e-07,5.1729e-08,4.78951e-09,0.04,0.0462986,7.83637e-06,0.0305595,8.26262,20470.4,21670.4,not operable,VERY_THIN
0.4,2.62045e-07,5.66044e-08,5.24091e-09,0.04,0.0506621,7.83637e-06,0.0334396,8.26262,18779,19979,not operable,VERY_THIN
0.4,2.86742e-07,6.19392e-08,5.73485e-09,0.04,0.0554369,7.83637e-06,0.0365912,8.26262,17233.2,18433.2,not operable,VERY_THIN
0.4,3.13767e-07,6.77768e-08,6.27534e-09,0.04,0.0606617,7.83637e-06,0.0400399,8.26262,15820.5,17020.5,not operable,VERY_THIN
0.4,3.43339e-07,7.41646e-08,6.86678e-09,0.04,0.0663789,7.83637e-06,0.0438135,8.26262,14529.5,15729.5,not operable,VERY_THIN
0.4,3.75698e-07,8.11544e-08,7.51395e-09,0.04,0.0726349,7.83637e-06,0.0479428,8.26262,13349.5,14549.5,not operable,VERY_THIN
0.4,4.11106e-07,8.8803e-08,8.22212e-09,0.04,0.0794805,7.83637e-06,0.0524613,8.26262,12271.1,13471.1,not operable,VERY_THIN
0.4,4.49852e-07,9.71724e-08,8.99704e-09,0.04,0.0869714,7.83637e-06,0.0574057,8.26262,11285.5,12485.5,not operable,VERY_THIN
0.4,4.92249e-07,1.06331e-07,9.84499e-09,0.04,0.0951682,7.83637e-06,0.062816,8.26262,10384.6,11584.6,not operable,VERY_THIN
0.4,5.38642e-07,1.16352e-07,1.07728e-08,0.04,0.104138,7.83637e-06,0.0687362,8.26262,9561.26,10761.3,not operable,VERY_THIN
0.4,5.89408e-07,1.27318e-07,1.17882e-08,0.04,0.113952,7.83637e-06,0.0752145,8.26262,8808.7,10008.7,not operable,VERY_THIN
0.4,6.44958e-07,1.39317e-07,1.28992e-08,0.04,0.124692,7.83637e-06,0.0823032,8.26262,8120.83,9320.83,not operable,VERY_THIN
0.4,7.05744e-07,1.52448e-07,1.41149e-08,0.04,0.136444,7.83637e-06,0.0900601,8.26262,7492.06,8692.06,not operable,VERY_THIN
0.4,7.72258e-07,1.66815e-07,1.54452e-08,0.04,0.149303,7.83637e-06,0.098548,8.26262,6917.28,8117.28,not operable,VERY_THIN
0.4,8.45042e-07,1.82537e-07,1.69008e-08,0.04,0.163375,7.83637e-06,0.107836,8.26262,6391.84,7591.84,not operable,VERY_THIN
0.4,9.24685e-07,1.99741e-07,1.84937e-08,0.04,0.178772,7.83637e-06,0.117999,8.26262,5911.47,7111.47,not operable,VERY_THIN
0.4,1.01183e-06,2.18566e-07,2.02367e-08,0.04,0.195621,7.83637e-06,0.12912,8.26262,5472.26,6672.26,not operable,VERY_THIN
0.4,1.1072e-06,2.39165e-07,2.21439e-08,0.04,0.214058,7.83637e-06,0.141289,8.26262,5070.66,6270.66,not operable,VERY_THIN
0.4,1.21155e-06,2.61706e-07,2.42309e-08,0.04,0.234232,7.83637e-06,0.154606,8.26262,4703.4,5903.4,not operable,VERY_THIN
0.4,1.32573e-06,2.86371e-07,2.65146e-08,0.04,0.256308,7.83637e-06,0.169177,8.26262,4367.49,5567.49,not operable,VERY_THIN
0.4,1.45068e-06,3.13361e-07,2.90136e-08,0.04,0.280464,7.83637e-06,0.185121,8.26262,4060.23,5260.23,not operable,VERY_THIN
0.4,1.5874e-06,3.42894e-07,3.1748e-08,0.04,0.306898,7.83637e-06,0.202568,8.26262,3779.1,4979.1,not operable,VERY_THIN
0.4,1.73701e-06,3.75211e-07,3.47402e-08,0.04,0.335822,7.83637e-06,0.22166,8.26262,3521.84,4721.84,not operable,VERY_THIN
0.4,1.90072e-06,4.10574e-07,3.80144e-08,0.04,0.367472,7.83637e-06,0.242551,8.26262,3286.34,4486.34,not operable,VERY_THIN
0.4,2.07986e-06,4.49269e-07,4.15971e-08,0.04,0.402105,7.83637e-06,0.265411,8.26262,3070.7,4270.7,not operable,
0.4,2.27588e-06,4.91612e-07,4.55175e-08,0.04,0.440003,7.83637e-06,0.290425,8.26262,2873.17,4073.17,not operable,
0.4,2.49037e-06,5.37945e-07,4.98074e-08,0.04,0.481472,7.83637e-06,0.317797,8.26262,2692.14,3892.14,not operable,
0.4,2.72508e-06,5.88644e-07,5.45017e-08,0.04,0.526849,7.83637e-06,0.347748,8.26262,2526.15,3726.15,not operable,
0.4,2.98191e-06,6.44123e-07,5.96383e-08,0.04,0.576504,7.83637e-06,0.380523,8.26262,2373.84,3573.84,not operable,
0.4,3.26295e-06,7.0483e-07,6.5259e-08,0.04,0.630837,7.83637e-06,0.416386,8.26262,2233.98,3433.98,not operable,
0.4,3.57048e-06,7.71258e-07,7.14095e-08,0.04,0.690292,7.83637e-06,0.455629,8.26262,2105.45,3305.45,not operable,
0.4,3.90698e-06,8.43947e-07,7.81397e-08,0.04,0.75535,7.83637e-06,0.498571,8.26262,1987.18,3187.18,not operable,
0.4,4.27521e-06,9.23487e-07,8.55042e-08,0.04,0.82654,7.83637e-06,0.54556,8.26262,1878.22,3078.22,not operable,
0.4,4.67814e-06,1.01052e-06,9.35627e-08,0.04,0.904439,7.83637e-06,0.596977,8.26262,1777.7,2977.7,not operable,
0.4,5.11904e-06,1.10576e-06,1.02381e-07,0.04,0.98968,7.83637e-06,0.653241,8.26262,1684.78,2884.78,not operable,
0.4,5.60149e-06,1.20998e-06,1.1203e-07,0.04,1.08296,7.83637e-06,0.714807,8.26262,1598.73,2798.73,not operable,RE_HIGH
0.4,6.12942e-06,1.32401e-06,1.22588e-07,0.04,1.18502,7.83637e-06,0.782176,8.26262,1518.83,2718.83,not operable,RE_HIGH
0.4,6.7071e-06,1.4488e-06,1.34142e-07,0.04,1.29671,7.83637e-06,0.855894,8.26262,1444.44,2644.44,not operable,RE_HIGH
0.4,7.33923e-06,1.58534e-06,1.46785e-07,0.04,1.41892,7.83637e-06,0.93656,8.26262,1374.96,2574.96,not operable,RE_HIGH
0.4,8.03093e-06,1.73476e-06,1.60619e-07,0.04,1.55265,7.83637e-06,1.02483,8.26262,1309.82,2509.82,marginal,RE_HIGH
0.4,8.78782e-06,1.89826e-06,1.75756e-07,0.04,1.69898,7.83637e-06,1.12142,8.26262,1248.49,2448.49,marginal,RE_HIGH
0.4,9.61605e-06,2.07716e-06,1.92321e-07,0.04,1.8591,7.83637e-06,1.22711,8.26262,1190.48,2390.48,marginal,RE_HIGH
0.4,1.05223e-05,2.27293e-06,2.10447e-07,0.04,2.03432,7.83637e-06,1.34276,8.26262,1135.32,2335.32,marginal,RE_HIGH
0.4,1.1514e-05,2.48715e-06,2.30281e-07,0.04,2.22605,7.83637e-06,1.46931,8.26262,1082.55,2282.55,marginal,RE_HIGH
0.4,1.25992e-05,2.72155e-06,2.51984e-07,0.04,2.43585,7.83637e-06,1.60779,8.26262,1031.76,2231.76,operable,RE_HIGH
0.4,1.37867e-05,2.97805e-06,2.75733e-07,0.04,2.66542,7.83637e-06,1.75932,8.26262,982.514,2182.51,operable,RE_HIGH
0.4,1.5086e-05,3.25873e-06,3.0172e-07,0.04,2.91663,7.83637e-06,1.92513,8.26262,934.429,2134.43,operable,RE_HIGH
0.4,1.65078e-05,3.56585e-06,3.30156e-07,0.04,3.19151,7.83637e-06,2.10657,8.26262,887.111,2087.11,operable,RE_HIGH
0.4,1.80636e-05,3.90192e-06,3.61273e-07,0.04,3.4923,7.83637e-06,2.3051,8.26262,840.175,2040.18,operable,RE_HIGH
0.4,1.97661e-05,4.26967e-06,3.95322e-07,0.04,3.82144,7.83637e-06,2.52235,8.26262,793.241,1993.24,operable,RE_HIGH
0.4,2.1629e-05,4.67207e-06,4.3258e-07,0.04,4.18161,7.83637e-06,2.76008,8.26262,745.927,1945.93,operable,RE_HIGH
0.4,2.36675e-05,5.1124e-06,4.73349e-07,0.04,4.57571,7.83637e-06,3.02021,8.26262,697.85,1897.85,operable,RE_HIGH
0.4,2.58981e-05,5.59424e-06,5.17961e-07,0.04,5.00696,7.83637e-06,3.30486,8.26262,648.619,1848.62,operable,RE_HIGH
0.4,2.83389e-05,6.12148e-06,5.66778e-07,0.04,5.47885,7.83637e-06,3.61633,8.26262,597.834,1797.83,operable,RE_HIGH
0.4,3.10098e-05,6.69841e-06,6.20195e-07,0.04,5.99522,7.83637e-06,3.95716,8.26262,545.083,1745.08,operable,RE_HIGH
0.4,3.39323e-05,7.32972e-06,6.78647e-07,0.04,6.56025,7.83637e-06,4.33011,8.26262,489.939,1689.94,operable,RE_HIGH
0.4,3.71304e-05,8.02052e-06,7.42608e-07,0.04,7.17854,7.83637e-06,4.73821,8.26262,431.953,1631.95,operable,RE_HIGH
0.4,4.06298e-05,8.77644e-06,8.12596e-07,0.04,7.8551,7.83637e-06,5.18478,8.26262,370.654,1570.65,operable,RE_HIGH
0.4,4.44591e-05,9.60359e-06,8.89182e-07,0.04,8.59542,7.83637e-06,5.67343,8.26262,305.545,1505.55,operable,RE_HIGH
0.4,4.86492e-05,1.05087e-05,9.72985e-07,0.04,9.40552,7.83637e-06,6.20813,8.26262,236.099,1436.1,operable,RE_HIGH
0.4,5.32343e-05,1.14991e-05,1.06469e-06,0.04,10.292,7.83637e-06,6.79324,8.26262,161.749,1361.75,operable,RE_HIGH
0.4,5.82515e-05,1.25829e-05,1.16503e-06,0.04,11.262,7.83637e-06,7.43348,8.26262,81.8946,1281.89,operable,RE_HIGH
0.4,6.37415e-05,1.37688e-05,1.27483e-06,0.04,12.3234,7.83637e-06,8.13407,8.26262,-4.11414,1195.89,operable,RE_HIGH
0.4,6.9749e-05,1.50665e-05,1.39498e-06,0.04,13.4848,7.83637e-06,8.90068,8.26262,-96.975,1103.03,operable,RE_HIGH
0.4,7.63227e-05,1.64864e-05,1.52645e-06,0.04,14.7557,7.83637e-06,9.73955,8.26262,-197.442,1002.56,operable,RE_HIGH
0.4,8.35159e-05,1.80402e-05,1.67032e-06,0.04,16.1464,7.83637e-06,10.6575,8.26262,-306.33,893.67,operable,RE_HIGH
0.4,9.1387e-05,1.97405e-05,1.82774e-06,0.04,17.6682,7.83637e-06,11.6619,8.26262,-424.523,775.477,operable,RE_HIGH
0.4,0.0001,2.1601e-05,2e-06,0.04,19.3333,7.83637e-06,12.761,8.26262,-552.982,647.018,not operable,RE_HIGH;FLOODING
0.455645,2e-07,4.3202e-08,4.55645e-09,0.0455645,0.0440457,8.54724e-06,0.0233994,7.25356,26678.8,27878.8,not operable,VERY_THIN
0.455645,2.18849e-07,4.72736e-08,4.98588e-09,0.0455645,0.0481969,8.54724e-06,0.0256047,7.25356,24469.9,25669.9,not operable,VERY_THIN
0.455645,2.39475e-07,5.1729e-08,5.45579e-09,0.0455645,0.0527393,8.54724e-06,0.0280179,7.25356,22451.3,23651.3,not operable,VERY_THIN
0.455645,2.62045e-07,5.66044e-08,5.96998e-09,0.0455645,0.0577098,8.54724e-06,0.0306585,7.25356,20606.5,21806.5,not operable,VERY_THIN
0.455645,2.86742e-07,6.19392e-08,6.53264e-09,0.0455645,0.0631488,8.54724e-06,0.033548,7.25356,18920.5,20120.5,not operable,VERY_THIN
0.455645,3.13767e-07,6.77768e-08,7.14832e-09,0.0455645,0.0691004,8.54724e-06,0.0367098,7.25356,17379.6,18579.6,not operable,VERY_THIN
0.455645,3.43339e-07,7.41646e-08,7.82203e-09,0.0455645,0.075613,8.54724e-06,0.0401696,7.25356,15971.4,17171.4,not operable,VERY_THIN
0.455645,3.75698e-07,8.11544e-08,8.55924e-09,0.0455645,0.0827393,8.54724e-06,0.0439555,7.25356,14684.3,15884.3,not operable,VERY_THIN
0.455645,4.11106e-07,8.8803e-08,9.36592e-09,0.0455645,0.0905373,8.54724e-06,0.0480981,7.25356,13508.1,14708.1,not operable,VERY_THIN
0.455645,4.49852e-07,9.71724e-08,1.02486e-08,0.0455645,0.0990702,8.54724e-06,0.0526313,7.25356,12433,13633,not operable,VERY_THIN
0.455645,4.92249e-07,1.06331e-07,1.12145e-08,0.0455645,0.108407,8.54724e-06,0.0575916,7.25356,11450.4,12650.4,not operable,VERY_THIN
0.455645,5.38642e-07,1.16352e-07,1.22715e-08,0.0455645,0.118624,8.54724e-06,0.0630195,7.25356,10552.4,11752.4,not operable,VERY_THIN
0.455645,5.89408e-07,1.27318e-07,1.3428e-08,0.0455645,0.129804,8.54724e-06,0.0689589,7.25356,9731.49,10931.5,not operable,VERY_THIN
0.455645,6.44958e-07,1.39317e-07,1.46936e-08,0.0455645,0.142038,8.54724e-06,0.0754581,7.25356,8981.18,10181.2,not operable,VERY_THIN
0.455645,7.05744e-07,1.52448e-07,1.60784e-08,0.0455645,0.155425,8.54724e-06,0.0825698,7.25356,8295.32,9495.32,not operable,VERY_THIN
0.455645,7.72258e-07,1.66815e-07,1.75938e-08,0.0455645,0.170073,8.54724e-06,0.0903518,7.25356,7668.36,8868.36,not operable,VERY_THIN
0.455645,8.45042e-07,1.82537e-07,1.92519e-08,0.0455645,0.186102,8.54724e-06,0.0988672,7.25356,7095.21,8295.21,not operable,VERY_THIN
0.455645,9.24685e-07,1.99741e-07,2.10664e-08,0.0455645,0.203642,8.54724e-06,0.108185,7.25356,6571.2,7771.2,not operable,VERY_THIN
0.455645,1.01183e-06,2.18566e-07,2.30518e-08,0.0455645,0.222834,8.54724e-06,0.118381,7.25356,6092.09,7292.09,not operable,VERY_THIN
0.455645,1.1072e-06,2.39165e-07,2.52244e-08,0.0455645,0.243836,8.54724e-06,0.129538,7.25356,5653.99,6853.99,not operable,VERY_THIN
0.455645,1.21155e-06,2.61706e-07,2.76018e-08,0.0455645,0.266817,8.54724e-06,0.141747,7.25356,5253.34,6453.34,not operable,VERY_THIN
0.455645,1.32573e-06,2.86371e-07,3.02031e-08,0.0455645,0.291964,8.54724e-06,0.155106,7.25356,4886.89,6086.89,not operable,VERY_THIN
0.455645,1.45068e-06,3.13361e-07,3.30497e-08,0.0455645,0.319481,8.54724e-06,0.169725,7.25356,4551.66,5751.66,not operable,VERY_THIN
0.455645,1.5874e-06,3.42894e-07,3.61646e-08,0.0455645,0.349591,8.54724e-06,0.185721,7.25356,4244.94,5444.94,not operable,VERY_THIN
0.455645,1.73701e-06,3.75211e-07,3.9573e-08,0.0455645,0.382539,8.54724e-06,0.203225,7.25356,3964.23,5164.23,not operable,VERY_THIN
0.455645,1.90072e-06,4.10574e-07,4.33026e-08,0.0455645,0.418592,8.54724e-06,0.222378,7.25356,3707.25,4907.25,not operable,VERY_THIN
0.455645,2.07986e-06,4.49269e-07,4.73838e-08,0.0455645,0.458043,8.54724e-06,0.243337,7.25356,3471.93,4671.93,not operable,
0.455645,2.27588e-06,4.91612e-07,5.18496e-08,0.0455645,0.501213,8.54724e-06,0.26627,7.25356,3256.34,4456.34,not operable,
0.455645,2.49037e-06,5.37945e-07,5.67363e-08,0.0455645,0.548451,8.54724e-06,0.291366,7.25356,3058.74,4258.74,not operable,
0.455645,2.72508e-06,5.88644e-07,6.20835e-08,0.0455645,0.600141,8.54724e-06,0.318826,7.25356,2877.53,4077.53,not operable,
0.455645,2.98191e-06,6.44123e-07,6.79347e-08,0.0455645,0.656702,8.54724e-06,0.348875,7.25356,2711.22,3911.22,not operable,
0.455645,3.26295e-06,7.0483e-07,7.43374e-08,0.0455645,0.718595,8.54724e-06,0.381755,7.25356,2558.49,3758.49,not operable,
0.455645,3.57048e-06,7.71258e-07,8.13435e-08,0.0455645,0.78632,8.54724e-06,0.417735,7.25356,2418.07,3618.07,not operable,
0.455645,3.90698e-06,8.43947e-07,8.90099e-08,0.0455645,0.860429,8.54724e-06,0.457105,7.25356,2288.84,3488.84,not operable,
0.455645,4.27521e-06,9.23487e-07,9.73988e-08,0.0455645,0.941522,8.54724e-06,0.500186,7.25356,2169.75,3369.75,not operable,
0.455645,4.67814e-06,1.01052e-06,1.06578e-07,0.0455645,1.03026,8.54724e-06,0.547327,7.25356,2059.82,3259.82,not operable,RE_HIGH
0.455645,5.11904e-06,1.10576e-06,1.16623e-07,0.0455645,1.12736,8.54724e-06,0.598911,7.25356,1958.17,3158.17,not operable,RE_HIGH
0.455645,5.60149e-06,1.20998e-06,1.27615e-07,0.0455645,1.23361,8.54724e-06,0.655357,7.25356,1863.97,3063.97,not operable,RE_HIGH
0.455645,6.12942e-06,1.32401e-06,1.39642e-07,0.0455645,1.34987,8.54724e-06,0.717123,7.25356,1776.46,2976.46,not operable,RE_HIGH
0.455645,6.7071e-06,1.4488e-06,1.52803e-07,0.0455645,1.47709,8.54724e-06,0.78471,7.25356,1694.92,2894.92,not operable,RE_HIGH
0.455645,7.33923e-06,1.58534e-06,1.67204e-07,0.0455645,1.61631,8.54724e-06,0.858666,7.25356,1618.69,2818.69,not operable,RE_HIGH
0.455645,8.03093e-06,1.73476e-06,1.82963e-07,0.0455645,1.76864,8.54724e-06,0.939593,7.25356,1547.16,2747.16,not operable,RE_HIGH
0.455645,8.78782e-06,1.89826e-06,2.00206e-07,0.0455645,1.93533,8.54724e-06,1.02815,7.25356,1479.75,2679.75,marginal,RE_HIGH
0.455645,9.61605e-06,2.07716e-06,2.19075e-07,0.0455645,2.11773,8.54724e-06,1.12505,7.25356,1415.9,2615.9,marginal,RE_HIGH
0.455645,1.05223e-05,2.27293e-06,2.39723e-07,0.0455645,2.31732,8.54724e-06,1.23108,7.25356,1355.1,2555.1,marginal,RE_HIGH
0.455645,1.1514e-05,2.48715e-06,2.62316e-07,0.0455645,2.53572,8.54724e-06,1.34711,7.25356,1296.85,2496.85,marginal,RE_HIGH
0.455645,1.25992e-05,2.72155e-06,2.87038e-07,0.0455645,2.7747,8.54724e-06,1.47407,7.25356,1240.69,2440.69,marginal,RE_HIGH
0.455645,1.37867e-05,2.97805e-06,3.14091e-07,0.0455645,3.03621,8.54724e-06,1.613,7.25356,1186.16,2386.16,operable,RE_HIGH
0.455645,1.5086e-05,3.25873e-06,3.43693e-07,0.0455645,3.32237,8.54724e-06,1.76502,7.25356,1132.8,2332.8,operable,RE_HIGH
0.455645,1.65078e-05,3.56585e-06,3.76085e-07,0.0455645,3.63549,8.54724e-06,1.93136,7.25356,1080.2,2280.2,operable,RE_HIGH
0.455645,1.80636e-05,3.90192e-06,4.1153e-07,0.0455645,3.97813,8.54724e-06,2.11339,7.25356,1027.92,2227.92,operable,RE_HIGH
0.455645,1.97661e-05,4.26967e-06,4.50316e-07,0.0455645,4.35305,8.54724e-06,2.31257,7.25356,975.546,2175.55,operable,RE_HIGH
0.455645,2.1629e-05,4.67207e-06,4.92757e-07,0.0455645,4.76332,8.54724e-06,2.53052,7.25356,922.642,2122.64,operable,RE_HIGH
0.455645,2.36675e-05,5.1124e-06,5.39198e-07,0.0455645,5.21225,8.54724e-06,2.76902,7.25356,868.782,2068.78,operable,RE_HIGH
0.455645,2.58981e-05,5.59424e-06,5.90016e-07,0.0455645,5.70349,8.54724e-06,3.02999,7.25356,813.53,2013.53,operable,RE_HIGH
0.455645,2.83389e-05,6.12148e-06,6.45624e-07,0.0455645,6.24103,8.54724e-06,3.31556,7.25356,756.437,1956.44,operable,RE_HIGH
0.455645,3.10098e-05,6.69841e-06,7.06472e-07,0.0455645,6.82923,8.54724e-06,3.62804,7.25356,697.04,1897.04,operable,RE_HIGH
0.455645,3.39323e-05,7.32972e-06,7.73055e-07,0.0455645,7.47287,8.54724e-06,3.96998,7.25356,634.856,1834.86,operable,RE_HIGH
0.455645,3.71304e-05,8.02052e-06,8.45913e-07,0.0455645,8.17716,8.54724e-06,4.34414,7.25356,569.381,1769.38,operable,RE_HIGH
0.455645,4.06298e-05,8.77644e-06,9.25639e-07,0.0455645,8.94784,8.54724e-06,4.75356,7.25356,500.083,1700.08,operable,RE_HIGH
0.455645,4.44591e-05,9.60359e-06,1.01288e-06,0.0455645,9.79115,8.54724e-06,5.20157,7.25356,426.4,1626.4,operable,RE_HIGH
0.455645,4.86492e-05,1.05087e-05,1.10834e-06,0.0455645,10.7139,8.54724e-06,5.69181,7.25356,347.733,1547.73,operable,RE_HIGH
0.455645,5.32343e-05,1.14991e-05,1.2128e-06,0.0455645,11.7237,8.54724e-06,6.22824,7.25356,263.443,1463.44,operable,RE_HIGH
0.455645,5.82515e-05,1.25829e-05,1.3271e-06,0.0455645,12.8286,8.54724e-06,6.81524,7.25356,172.848,1372.85,operable,RE_HIGH
0.455645,6.37415e-05,1.37688e-05,1.45218e-06,0.0455645,14.0377,8.54724e-06,7.45756,7.25356,75.2109,1275.21,operable,RE_HIGH
0.455645,6.9749e-05,1.50665e-05,1.58904e-06,0.0455645,15.3607,8.54724e-06,8.16041,7.25356,-30.2606,1169.74,operable,RE_HIGH
0.455645,7.63227e-05,1.64864e-05,1.7388e-06,0.0455645,16.8084,8.54724e-06,8.92951,7.25356,-144.422,1055.58,operable,RE_HIGH
0.455645,8.35159e-05,1.80402e-05,1.90268e-06,0.0455645,18.3926,8.54724e-06,9.77109,7.25356,-268.202,931.798,operable,RE_HIGH
0.455645,9.1387e-05,1.97405e-05,2.082e-06,0.0455645,20.126,8.54724e-06,10.692,7.25356,-402.603,797.397,operable,RE_HIGH
0.455645,0.0001,2.1601e-05,2.27822e-06,0.0455645,22.0228,8.54724e-06,11.6997,7.25356,-548.717,651.283,not operable,RE_HIGH;FLOODING
0.519031,2e-07,4.3202e-08,5.19031e-09,0.0519031,0.050173,9.3226e-06,0.0214533,6.36773,29232.6,30432.6,not operable,VERY_THIN
0.519031,2.18849e-07,4.72736e-08,5.67948e-09,0.0519031,0.0549016,9.3226e-06,0.0234752,6.36773,26823.3,28023.3,not operable,VERY_THIN
0.519031,2.39475e-07,5.1729e-08,6.21476e-09,0.0519031,0.060076,9.3226e-06,0.0256876,6.36773,24621.6,25821.6,not operable,VERY_THIN
0.519031,2.62045e-07,5.66044e-08,6.80048e-09,0.0519031,0.065738,9.3226e-06,0.0281086,6.36773,22609.4,23809.4,not operable,VERY_THIN
0.519031,2.86742e-07,6.19392e-08,7.44141e-09,0.0519031,0.0719336,9.3226e-06,0.0307578,6.36773,20770.4,21970.4,not operable,VERY_THIN
0.519031,3.13767e-07,6.77768e-08,8.14274e-09,0.0519031,0.0787132,9.3226e-06,0.0336566,6.36773,19089.7,20289.7,not operable,VERY_THIN
0.519031,3.43339e-07,7.41646e-08,8.91017e-09,0.0519031,0.0861317,9.3226e-06,0.0368287,6.36773,17553.7,18753.7,not operable,VERY_THIN
0.519031,3.75698e-07,8.11544e-08,9.74993e-09,0.0519031,0.0942493,9.3226e-06,0.0402997,6.36773,16149.9,17349.9,not operable,VERY_THIN
0.519031,4.11106e-07,8.8803e-08,1.06688e-08,0.0519031,0.103132,9.3226e-06,0.0440978,6.36773,14866.9,16066.9,not operable,VERY_THIN
0.519031,4.49852e-07,9.71724e-08,1.16743e-08,0.0519031,0.112852,9.3226e-06,0.0482539,6.36773,13694.3,14894.3,not operable,VERY_THIN
0.519031,4.92249e-07,1.06331e-07,1.27746e-08,0.0519031,0.123488,9.3226e-06,0.0528017,6.36773,12622.6,13822.6,not operable,VERY_THIN
0.519031,5.38642e-07,1.16352e-07,1.39786e-08,0.0519031,0.135126,9.3226e-06,0.0577782,6.36773,11643,12843,not operable,VERY_THIN
0.519031,5.89408e-07,1.27318e-07,1.5296e-08,0.0519031,0.147862,9.3226e-06,0.0632236,6.36773,10747.6,11947.6,not operable,VERY_THIN
0.519031,6.44958e-07,1.39317e-07,1.67377e-08,0.0519031,0.161797,9.3226e-06,0.0691823,6.36773,9929.2,11129.2,not operable,VERY_THIN
0.519031,7.05744e-07,1.52448e-07,1.83151e-08,0.0519031,0.177046,9.3226e-06,0.0757025,6.36773,9181.08,10381.1,not operable,VERY_THIN
0.519031,7.72258e-07,1.66815e-07,2.00413e-08,0.0519031,0.193732,9.3226e-06,0.0828373,6.36773,8497.2,9697.2,not operable,VERY_THIN
0.519031,8.45042e-07,1.82537e-07,2.19301e-08,0.0519031,0.211991,9.3226e-06,0.0906445,6.36773,7871.99,9071.99,not operable,VERY_THIN
0.519031,9.24685e-07,1.99741e-07,2.3997e-08,0.0519031,0.231971,9.3226e-06,0.0991875,6.36773,7300.38,8500.38,not operable,VERY_THIN
0.519031,1.01183e-06,2.18566e-07,2.62586e-08,0.0519031,0.253833,9.3226e-06,0.108536,6.36773,6777.74,7977.74,not operable,VERY_THIN
0.519031,1.1072e-06,2.39165e-07,2.87334e-08,0.0519031,0.277757,9.3226e-06,0.118765,6.36773,6299.82,7499.82,not operable,VERY_THIN
0.519031,1.21155e-06,2.61706e-07,3.14415e-08,0.0519031,0.303934,9.3226e-06,0.129958,6.36773,5862.75,7062.75,not operable,VERY_THIN
0.519031,1.32573e-06,2.86371e-07,3.44048e-08,0.0519031,0.332579,9.3226e-06,0.142206,6.36773,5462.96,6662.96,not operable,VERY_THIN
0.519031,1.45068e-06,3.13361e-07,3.76473e-08,0.0519031,0.363924,9.3226e-06,0.155609,6.36773,5097.23,6297.23,not operable,VERY_THIN
0.519031,1.5874e-06,3.42894e-07,4.11955e-08,0.0519031,0.398223,9.3226e-06,0.170275,6.36773,4762.57,5962.57,not operable,VERY_THIN
0.519031,1.73701e-06,3.75211e-07,4.50781e-08,0.0519031,0.435755,9.3226e-06,0.186323,6.36773,4456.28,5656.28,not operable,VERY_THIN
0.519031,1.90072e-06,4.10574e-07,4.93265e-08,0.0519031,0.476823,9.3226e-06,0.203883,6.36773,4175.86,5375.86,not operable,VERY_THIN
0.519031,2.07986e-06,4.49269e-07,5.39754e-08,0.0519031,0.521763,9.3226e-06,0.223098,6.36773,3919.04,5119.04,not operable,
0.519031,2.27588e-06,4.91612e-07,5.90625e-08,0.0519031,0.570937,9.3226e-06,0.244125,6.36773,3683.74,4883.74,not operable,
0.519031,2.49037e-06,5.37945e-07,6.4629e-08,0.0519031,0.624747,9.3226e-06,0.267133,6.36773,3468.05,4668.05,not operable,
0.519031,2.72508e-06,5.88644e-07,7.07201e-08,0.0519031,0.683627,9.3226e-06,0.292309,6.36773,3270.21,4470.21,not operable,
0.519031,2.98191e-06,6.44123e-07,7.73853e-08,0.0519031,0.748058,9.3226e-06,0.319859,6.36773,3088.62,4288.62,not operable,
0.519031,3.26295e-06,7.0483e-07,8.46786e-08,0.0519031,0.81856,9.3226e-06,0.350005,6.36773,2921.8,4121.8,not operable,
0.519031,3.57048e-06,7.71258e-07,9.26594e-08,0.0519031,0.895707,9.3226e-06,0.382992,6.36773,2768.41,3968.41,not operable,
0.519031,3.90698e-06,8.43947e-07,1.01392e-07,0.0519031,0.980125,9.3226e-06,0.419088,6.36773,2627.19,3827.19,not operable,
0.519031,4.27521e-06,9.23487e-07,1.10948e-07,0.0519031,1.0725,9.3226e-06,0.458586,6.36773,2497,3697,not operable,RE_HIGH
0.519031,4.67814e-06,1.01052e-06,1.21405e-07,0.0519031,1.17358,9.3226e-06,0.501806,6.36773,2376.78,3576.78,not operable,RE_HIGH
0.519031,5.11904e-06,1.10576e-06,1.32847e-07,0.0519031,1.28419,9.3226e-06,0.5491,6.36773,2265.56,3465.56,not operable,RE_HIGH
0.519031,5.60149e-06,1.20998e-06,1.45367e-07,0.0519031,1.40522,9.3226e-06,0.600851,6.36773,2162.43,3362.43,not operable,RE_HIGH
0.519031,6.12942e-06,1.32401e-06,1.59068e-07,0.0519031,1.53766,9.3226e-06,0.65748,6.36773,2066.56,3266.56,not operable,RE_HIGH
0.519031,6.7071e-06,1.4488e-06,1.7406e-07,0.0519031,1.68258,9.3226e-06,0.719446,6.36773,1977.16,3177.16,not operable,RE_HIGH
0.519031,7.33923e-06,1.58534e-06,1.90464e-07,0.0519031,1.84115,9.3226e-06,0.787251,6.36773,1893.52,3093.52,not operable,RE_HIGH
0.519031,8.03093e-06,1.73476e-06,2.08415e-07,0.0519031,2.01468,9.3226e-06,0.861448,6.36773,1814.95,3014.95,not operable,RE_HIGH
0.519031,8.78782e-06,1.89826e-06,2.28057e-07,0.0519031,2.20456,9.3226e-06,0.942637,6.36773,1740.82,2940.82,not operable,RE_HIGH
0.519031,9.61605e-06,2.07716e-06,2.49551e-07,0.0519031,2.41233,9.3226e-06,1.03148,6.36773,1670.52,2870.52,marginal,RE_HIGH
0.519031,1.05223e-05,2.27293e-06,2.73071e-07,0.0519031,2.63968,9.3226e-06,1.12869,6.36773,1603.49,2803.49,marginal,RE_HIGH
0.519031,1.1514e-05,2.48715e-06,2.98807e-07,0.0519031,2.88847,9.3226e-06,1.23507,6.36773,1539.17,2739.17,marginal,RE_HIGH
0.519031,1.25992e-05,2.72155e-06,3.26969e-07,0.0519031,3.1607,9.3226e-06,1.35147,6.36773,1477.05,2677.05,marginal,RE_HIGH
0.519031,1.37867e-05,2.97805e-06,3.57785e-07,0.0519031,3.45859,9.3226e-06,1.47884,6.36773,1416.63,2616.63,marginal,RE_HIGH
0.519031,1.5086e-05,3.25873e-06,3.91505e-07,0.0519031,3.78455,9.3226e-06,1.61822,6.36773,1357.4,2557.4,operable,RE_HIGH
0.519031,1.65078e-05,3.56585e-06,4.28403e-07,0.0519031,4.14123,9.3226e-06,1.77073,6.36773,1298.9,2498.9,operable,RE_HIGH
0.519031,1.80636e-05,3.90192e-06,4.68779e-07,0.0519031,4.53153,9.3226e-06,1.93762,6.36773,1240.65,2440.65,operable,RE_HIGH
0.519031,1.97661e-05,4.26967e-06,5.1296e-07,0.0519031,4.95862,9.3226e-06,2.12024,6.36773,1182.17,2382.17,operable,RE_HIGH
0.519031,2.1629e-05,4.67207e-06,5.61306e-07,0.0519031,5.42595,9.3226e-06,2.32006,6.36773,1122.98,2322.98,operable,RE_HIGH
0.519031,2.36675e-05,5.1124e-06,6.14207e-07,0.0519031,5.93734,9.3226e-06,2.53872,6.36773,1062.62,2262.62,operable,RE_HIGH
0.519031,2.58981e-05,5.59424e-06,6.72095e-07,0.0519031,6.49691,9.3226e-06,2.77799,6.36773,1000.59,2200.59,operable,RE_HIGH
0.519031,2.83389e-05,6.12148e-06,7.35438e-07,0.0519031,7.10923,9.3226e-06,3.03981,6.36773,936.376,2136.38,operable,RE_HIGH
0.519031,3.10098e-05,6.69841e-06,8.04751e-07,0.0519031,7.77926,9.3226e-06,3.3263,6.36773,869.47,2069.47,operable,RE_HIGH
0.519031,3.39323e-05,7.32972e-06,8.80596e-07,0.0519031,8.51243,9.3226e-06,3.6398,6.36773,799.325,1999.33,operable,RE_HIGH
0.519031,3.71304e-05,8.02052e-06,9.6359e-07,0.0519031,9.31471,9.3226e-06,3.98284,6.36773,725.372,1925.37,operable,RE_HIGH
0.519031,4.06298e-05,8.77644e-06,1.05441e-06,0.0519031,10.1926,9.3226e-06,4.35821,6.36773,647.009,1847.01,operable,RE_HIGH
0.519031,4.44591e-05,9.60359e-06,1.15378e-06,0.0519031,11.1532,9.3226e-06,4.76896,6.36773,563.602,1763.6,operable,RE_HIGH
0.519031,4.86492e-05,1.05087e-05,1.26252e-06,0.0519031,12.2044,9.3226e-06,5.21842,6.36773,474.472,1674.47,operable,RE_HIGH
0.519031,5.32343e-05,1.14991e-05,1.38151e-06,0.0519031,13.3546,9.3226e-06,5.71024,6.36773,378.897,1578.9,operable,RE_HIGH
0.519031,5.82515e-05,1.25829e-05,1.51172e-06,0.0519031,14.6132,9.3226e-06,6.24842,6.36773,276.1,1476.1,operable,RE_HIGH
0.519031,6.37415e-05,1.37688e-05,1.65419e-06,0.0519031,15.9905,9.3226e-06,6.83732,6.36773,165.247,1365.25,operable,RE_HIGH
0.519031,6.9749e-05,1.50665e-05,1.81009e-06,0.0519031,17.4976,9.3226e-06,7.48171,6.36773,45.4387,1245.44,operable,RE_HIGH
0.519031,7.63227e-05,1.64864e-05,1.98069e-06,0.0519031,19.1467,9.3226e-06,8.18685,6.36773,-84.2981,1115.7,operable,RE_HIGH
0.519031,8.35159e-05,1.80402e-05,2.16736e-06,0.0519031,20.9512,9.3226e-06,8.95844,6.36773,-225.016,974.984,operable,RE_HIGH
0.519031,9.1387e-05,1.97405e-05,2.37163e-06,0.0519031,22.9258,9.3226e-06,9.80274,6.36773,-377.858,822.142,operable,RE_HIGH
0.519031,0.0001,2.1601e-05,2.59515e-06,0.0519031,25.0865,9.3226e-06,10.7266,6.36773,-544.064,655.936,not operable,RE_HIGH;FLOODING
0.591234,2e-07,4.3202e-08,5.91234e-09,0.0591234,0.0571526,1.01683e-05,0.019669,5.59008,32029.1,33229.1,not operable,VERY_THIN
0.591234,2.18849e-07,4.72736e-08,6.46956e-09,0.0591234,0.0625391,1.01683e-05,0.0215227,5.59008,29401.3,30601.3,not operable,VERY_THIN
0.591234,2.39475e-07,5.1729e-08,7.0793e-09,0.0591234,0.0684333,1.01683e-05,0.0235512,5.59008,26999.7,28199.7,not operable,VERY_THIN
0.591234,2.62045e-07,5.66044e-08,7.74651e-09,0.0591234,0.0748829,1.01683e-05,0.0257708,5.59008,24805,26005,not operable,VERY_THIN
0.591234,2.86742e-07,6.19392e-08,8.4766e-09,0.0591234,0.0819404,1.01683e-05,0.0281997,5.59008,22799.2,23999.2,not operable,VERY_THIN
0.591234,3.13767e-07,6.77768e-08,9.27549e-09,0.0591234,0.0896631,1.01683e-05,0.0308574,5.59008,20966,22166,not operable,VERY_THIN
0.591234,3.43339e-07,7.41646e-08,1.01497e-08,0.0591234,0.0981136,1.01683e-05,0.0337657,5.59008,19290.7,20490.7,not operable,VERY_THIN
0.591234,3.75698e-07,8.11544e-08,1.11063e-08,0.0591234,0.107361,1.01683e-05,0.036948,5.59008,17759.5,18959.5,not operable,VERY_THIN
0.591234,4.11106e-07,8.8803e-08,1.2153e-08,0.0591234,0.117479,1.01683e-05,0.0404302,5.59008,16360.1,17560.1,not operable,VERY_THIN
0.591234,4.49852e-07,9.71724e-08,1.32984e-08,0.0591234,0.128551,1.01683e-05,0.0442407,5.59008,15081,16281,not operable,VERY_THIN
0.591234,4.92249e-07,1.06331e-07,1.45517e-08,0.0591234,0.140667,1.01683e-05,0.0484102,5.59008,13912,15112,not operable,VERY_THIN
0.591234,5.38642e-07,1.16352e-07,1.59232e-08,0.0591234,0.153924,1.01683e-05,0.0529728,5.59008,12843.6,14043.6,not operable,VERY_THIN
0.591234,5.89408e-07,1.27318e-07,1.74239e-08,0.0591234,0.168431,1.01683e-05,0.0579653,5.59008,11866.9,13066.9,not operable,VERY_THIN
0.591234,6.44958e-07,1.39317e-07,1.90661e-08,0.0591234,0.184305,1.01683e-05,0.0634284,5.59008,10974.2,12174.2,not operable,VERY_THIN
0.591234,7.05744e-07,1.52448e-07,2.0863e-08,0.0591234,0.201676,1.01683e-05,0.0694064,5.59008,10158.2,11358.2,not operable,VERY_THIN
0.591234,7.72258e-07,1.66815e-07,2.28293e-08,0.0591234,0.220683,1.01683e-05,0.0759477,5.59008,9412.18,10612.2,not operable,VERY_THIN
0.591234,8.45042e-07,1.82537e-07,2.49809e-08,0.0591234,0.241482,1.01683e-05,0.0831056,5.59008,8730.19,9930.19,not operable,VERY_THIN
0.591234,9.24685e-07,1.99741e-07,2.73353e-08,0.0591234,0.264241,1.01683e-05,0.0909381,5.59008,8106.66,9306.66,not operable,VERY_THIN
0.591234,1.01183e-06,2.18566e-07,2.99115e-08,0.0591234,0.289145,1.01683e-05,0.0995088,5.59008,7536.53,8736.53,not operable,VERY_THIN
0.591234,1.1072e-06,2.39165e-07,3.27306e-08,0.0591234,0.316396,1.01683e-05,0.108887,5.59008,7015.17,8215.17,not operable,VERY_THIN
0.591234,1.21155e-06,2.61706e-07,3.58154e-08,0.0591234,0.346215,1.01683e-05,0.11915,5.59008,6538.35,7738.35,not operable,VERY_THIN
0.591234,1.32573e-06,2.86371e-07,3.91909e-08,0.0591234,0.378845,1.01683e-05,0.130379,5.59008,6102.19,7302.19,not operable,VERY_THIN
0.591234,1.45068e-06,3.13361e-07,4.28845e-08,0.0591234,0.414551,1.01683e-05,0.142667,5.59008,5703.17,6903.17,not operable,VERY_THIN
0.591234,1.5874e-06,3.42894e-07,4.69263e-08,0.0591234,0.453621,1.01683e-05,0.156113,5.59008,5338.03,6538.03,not operable,VERY_THIN
0.591234,1.73701e-06,3.75211e-07,5.1349e-08,0.0591234,0.496373,1.01683e-05,0.170826,5.59008,5003.81,6203.81,not operable,VERY_THIN
0.591234,1.90072e-06,4.10574e-07,5.61885e-08,0.0591234,0.543155,1.01683e-05,0.186926,5.59008,4697.81,5897.81,not operable,VERY_THIN
0.591234,2.07986e-06,4.49269e-07,6.14841e-08,0.0591234,0.594346,1.01683e-05,0.204543,5.59008,4417.54,5617.54,not operable,
0.591234,2.27588e-06,4.91612e-07,6.72788e-08,0.0591234,0.650362,1.01683e-05,0.223821,5.59008,4160.72,5360.72,not operable,
0.591234,2.49037e-06,5.37945e-07,7.36197e-08,0.0591234,0.711657,1.01683e-05,0.244916,5.59008,3925.26,5125.26,not operable,
0.591234,2.72508e-06,5.88644e-07,8.05581e-08,0.0591234,0.778728,1.01683e-05,0.267998,5.59008,3709.26,4909.26,not operable,
0.591234,2.98191e-06,6.44123e-07,8.81505e-08,0.0591234,0.852121,1.01683e-05,0.293256,5.59008,3510.97,4710.97,not operable,
0.591234,3.26295e-06,7.0483e-07,9.64585e-08,0.0591234,0.932432,1.01683e-05,0.320895,5.59008,3328.76,4528.76,not operable,
0.591234,3.57048e-06,7.71258e-07,1.05549e-07,0.0591234,1.02031,1.01683e-05,0.351138,5.59008,3161.18,4361.18,not operable,RE_HIGH
0.591234,3.90698e-06,8.43947e-07,1.15497e-07,0.0591234,1.11647,1.01683e-05,0.384232,5.59008,3006.84,4206.84,not operable,RE_HIGH
0.591234,4.27521e-06,9.23487e-07,1.26382e-07,0.0591234,1.2217,1.01683e-05,0.420445,5.59008,2864.51,4064.51,not operable,RE_HIGH
0.591234,4.67814e-06,1.01052e-06,1.38294e-07,0.0591234,1.33684,1.01683e-05,0.460071,5.59008,2733.02,3933.02,not operable,RE_HIGH
0.591234,5.11904e-06,1.10576e-06,1.51327e-07,0.0591234,1.46283,1.01683e-05,0.503432,5.59008,2611.31,3811.31,not operable,RE_HIGH
0.591234,5.60149e-06,1.20998e-06,1.6559e-07,0.0591234,1.6007,1.01683e-05,0.550879,5.59008,2498.39,3698.39,not operable,RE_HIGH
0.591234,6.12942e-06,1.32401e-06,1.81196e-07,0.0591234,1.75156,1.01683e-05,0.602797,5.59008,2393.34,3593.34,not operable,RE_HIGH
0.591234,6.7071e-06,1.4488e-06,1.98273e-07,0.0591234,1.91664,1.01683e-05,0.65961,5.59008,2295.32,3495.32,not operable,RE_HIGH
0.591234,7.33923e-06,1.58534e-06,2.1696e-07,0.0591234,2.09728,1.01683e-05,0.721776,5.59008,2203.51,3403.51,not operable,RE_HIGH
0.591234,8.03093e-06,1.73476e-06,2.37408e-07,0.0591234,2.29494,1.01683e-05,0.789802,5.59008,2117.19,3317.19,not operable,RE_HIGH
0.591234,8.78782e-06,1.89826e-06,2.59783e-07,0.0591234,2.51124,1.01683e-05,0.864238,5.59008,2035.65,3235.65,not operable,RE_HIGH
0.591234,9.61605e-06,2.07716e-06,2.84267e-07,0.0591234,2.74791,1.01683e-05,0.94569,5.59008,1958.23,3158.23,not operable,RE_HIGH
0.591234,1.05223e-05,2.27293e-06,3.11058e-07,0.0591234,3.0069,1.01683e-05,1.03482,5.59008,1884.29,3084.29,marginal,RE_HIGH
0.591234,1.1514e-05,2.48715e-06,3.40375e-07,0.0591234,3.29029,1.01683e-05,1.13235,5.59008,1813.25,3013.25,marginal,RE_HIGH
0.591234,1.25992e-05,2.72155e-06,3.72454e-07,0.0591234,3.60039,1.01683e-05,1.23907,5.59008,1744.51,2944.51,marginal,RE_HIGH
0.591234,1.37867e-05,2.97805e-06,4.07557e-07,0.0591234,3.93972,1.01683e-05,1.35585,5.59008,1677.53,2877.53,marginal,RE_HIGH
0.591234,1.5086e-05,3.25873e-06,4.45968e-07,0.0591234,4.31103,1.01683e-05,1.48363,5.59008,1611.76,2811.76,marginal,RE_HIGH
0.591234,1.65078e-05,3.56585e-06,4.88e-07,0.0591234,4.71733,1.01683e-05,1.62346,5.59008,1546.66,2746.66,operable,RE_HIGH
0.591234,1.80636e-05,3.90192e-06,5.33992e-07,0.0591234,5.16192,1.01683e-05,1.77647,5.59008,1481.72,2681.72,operable,RE_HIGH
0.591234,1.97661e-05,4.26967e-06,5.8432e-07,0.0591234,5.64842,1.01683e-05,1.9439,5.59008,1416.39,2616.39,operable,RE_HIGH
0.591234,2.1629e-05,4.67207e-06,6.3939e-07,0.0591234,6.18077,1.01683e-05,2.1271,5.59008,1350.16,2550.16,operable,RE_HIGH
0.591234,2.36675e-05,5.1124e-06,6.99651e-07,0.0591234,6.76329,1.01683e-05,2.32758,5.59008,1282.47,2482.47,operable,RE_HIGH
0.591234,2.58981e-05,5.59424e-06,7.65591e-07,0.0591234,7.40072,1.01683e-05,2.54694,5.59008,1212.79,2412.79,operable,RE_HIGH
0.591234,2.83389e-05,6.12148e-06,8.37746e-07,0.0591234,8.09821,1.01683e-05,2.78699,5.59008,1140.55,2340.55,operable,RE_HIGH
0.591234,3.10098e-05,6.69841e-06,9.16702e-07,0.0591234,8.86145,1.01683e-05,3.04965,5.59008,1065.16,2265.16,operable,RE_HIGH
0.591234,3.39323e-05,7.32972e-06,1.0031e-06,0.0591234,9.69662,1.01683e-05,3.33708,5.59008,986.011,2186.01,operable,RE_HIGH
0.591234,3.71304e-05,8.02052e-06,1.09764e-06,0.0591234,10.6105,1.01683e-05,3.65159,5.59008,902.456,2102.46,operable,RE_HIGH
0.591234,4.06298e-05,8.77644e-06,1.20109e-06,0.0591234,11.6105,1.01683e-05,3.99574,5.59008,813.82,2013.82,operable,RE_HIGH
0.591234,4.44591e-05,9.60359e-06,1.31429e-06,0.0591234,12.7048,1.01683e-05,4.37233,5.59008,719.384,1919.38,operable,RE_HIGH
0.591234,4.86492e-05,1.05087e-05,1.43815e-06,0.0591234,13.9022,1.01683e-05,4.78441,5.59008,618.379,1818.38,operable,RE_HIGH
0.591234,5.32343e-05,1.14991e-05,1.5737e-06,0.0591234,15.2124,1.01683e-05,5.23532,5.59008,509.988,1709.99,operable,RE_HIGH
0.591234,5.82515e-05,1.25829e-05,1.72201e-06,0.0591234,16.6461,1.01683e-05,5.72874,5.59008,393.329,1593.33,operable,RE_HIGH
0.591234,6.37415e-05,1.37688e-05,1.88431e-06,0.0591234,18.215,1.01683e-05,6.26866,5.59008,267.455,1467.46,operable,RE_HIGH
0.591234,6.9749e-05,1.50665e-05,2.0619e-06,0.0591234,19.9317,1.01683e-05,6.85946,5.59008,131.346,1331.35,operable,RE_HIGH
0.591234,7.63227e-05,1.64864e-05,2.25623e-06,0.0591234,21.8102,1.01683e-05,7.50595,5.59008,-16.1046,1183.9,operable,RE_HIGH
0.591234,8.35159e-05,1.80402e-05,2.46887e-06,0.0591234,23.8658,1.01683e-05,8.21337,5.59008,-176.093,1023.91,operable,RE_HIGH
0.591234,9.1387e-05,1.97405e-05,2.70156e-06,0.0591234,26.115,1.01683e-05,8.98745,5.59008,-349.918,850.082,operable,RE_HIGH
0.591234,0.0001,2.1601e-05,2.95617e-06,0.0591234,28.5763,1.01683e-05,9.8345,5.59008,-538.99,661.01,not operable,RE_HIGH;FLOODING
0.673482,2e-07,4.3202e-08,6.73482e-09,0.0673482,0.0651033,1.10907e-05,0.0180331,4.9074,35091.8,36291.8,not operable,VERY_THIN
0.673482,2.18849e-07,4.72736e-08,7.36956e-09,0.0673482,0.0712391,1.10907e-05,0.0197327,4.9074,32225.6,33425.6,not operable,VERY_THIN
0.673482,2.39475e-07,5.1729e-08,8.06412e-09,0.0673482,0.0779532,1.10907e-05,0.0215925,4.9074,29606.2,30806.2,not operable,VERY_THIN
0.673482,2.62045e-07,5.66044e-08,8.82414e-09,0.0673482,0.0853001,1.10907e-05,0.0236275,4.9074,27212.3,28412.3,not operable,VERY_THIN
0.673482,2.86742e-07,6.19392e-08,9.6558e-09,0.0673482,0.0933394,1.10907e-05,0.0258543,4.9074,25024.5,26224.5,not operable,VERY_THIN
0.673482,3.13767e-07,6.77768e-08,1.05658e-08,0.0673482,0.102136,1.10907e-05,0.028291,4.9074,23025.1,24225.1,not operable,VERY_THIN
0.673482,3.43339e-07,7.41646e-08,1.15616e-08,0.0673482,0.111762,1.10907e-05,0.0309574,4.9074,21197.7,22397.7,not operable,VERY_THIN
0.673482,3.75698e-07,8.11544e-08,1.26513e-08,0.0673482,0.122296,1.10907e-05,0.033875,4.9074,19527.6,20727.6,not operable,VERY_THIN
0.673482,4.11106e-07,8.8803e-08,1.38436e-08,0.0673482,0.133822,1.10907e-05,0.0370677,4.9074,18001.2,19201.2,not operable,VERY_THIN
0.673482,4.49852e-07,9.71724e-08,1.51484e-08,0.0673482,0.146434,1.10907e-05,0.0405612,4.9074,16606.1,17806.1,not operable,VERY_THIN
0.673482,4.92249e-07,1.06331e-07,1.65761e-08,0.0673482,0.160235,1.10907e-05,0.044384,4.9074,15331,16531,not operable,VERY_THIN
0.673482,5.38642e-07,1.16352e-07,1.81383e-08,0.0673482,0.175337,1.10907e-05,0.048567,4.9074,14165.5,15365.5,not operable,VERY_THIN
0.673482,5.89408e-07,1.27318e-07,1.98478e-08,0.0673482,0.191862,1.10907e-05,0.0531444,4.9074,13100.2,14300.2,not operable,VERY_THIN
0.673482,6.44958e-07,1.39317e-07,2.17184e-08,0.0673482,0.209944,1.10907e-05,0.0581531,4.9074,12126.5,13326.5,not operable,VERY_THIN
0.673482,7.05744e-07,1.52448e-07,2.37653e-08,0.0673482,0.229731,1.10907e-05,0.0636339,4.9074,11236.4,12436.4,not operable,VERY_THIN
0.673482,7.72258e-07,1.66815e-07,2.60051e-08,0.0673482,0.251383,1.10907e-05,0.0696312,4.9074,10422.6,11622.6,not operable,VERY_THIN
0.673482,8.45042e-07,1.82537e-07,2.8456e-08,0.0673482,0.275075,1.10907e-05,0.0761937,4.9074,9678.71,10878.7,not operable,VERY_THIN
0.673482,9.24685e-07,1.99741e-07,3.11379e-08,0.0673482,0.301,1.10907e-05,0.0833748,4.9074,8998.54,10198.5,not operable,VERY_THIN
0.673482,1.01183e-06,2.18566e-07,3.40726e-08,0.0673482,0.329368,1.10907e-05,0.0912326,4.9074,8376.6,9576.6,not operable,VERY_THIN
0.673482,1.1072e-06,2.39165e-07,3.72838e-08,0.0673482,0.360411,1.10907e-05,0.0998311,4.9074,7807.84,9007.84,not operable,VERY_THIN
0.673482,1.21155e-06,2.61706e-07,4.07978e-08,0.0673482,0.394378,1.10907e-05,0.10924,4.9074,7287.66,8487.66,not operable,VERY_THIN
0.673482,1.32573e-06,2.86371e-07,4.46428e-08,0.0673482,0.431547,1.10907e-05,0.119535,4.9074,6811.82,8011.82,not operable,VERY_THIN
0.673482,1.45068e-06,3.13361e-07,4.88503e-08,0.0673482,0.47222,1.10907e-05,0.130801,4.9074,6376.47,7576.47,not operable,VERY_THIN
0.673482,1.5874e-06,3.42894e-07,5.34543e-08,0.0673482,0.516725,1.10907e-05,0.143129,4.9074,5978.07,7178.07,not operable,VERY_THIN
0.673482,1.73701e-06,3.75211e-07,5.84922e-08,0.0673482,0.565425,1.10907e-05,0.156619,4.9074,5613.38,6813.38,not operable,VERY_THIN
0.673482,1.90072e-06,4.10574e-07,6.4005e-08,0.0673482,0.618715,1.10907e-05,0.171379,4.9074,5279.45,6479.45,not operable,VERY_THIN
0.673482,2.07986e-06,4.49269e-07,7.00373e-08,0.0673482,0.677027,1.10907e-05,0.187532,4.9074,4973.57,6173.57,not operable,
0.673482,2.27588e-06,4.91612e-07,7.66381e-08,0.0673482,0.740835,1.10907e-05,0.205206,4.9074,4693.25,5893.25,not operable,
0.673482,2.49037e-06,5.37945e-07,8.3861e-08,0.0673482,0.810657,1.10907e-05,0.224546,4.9074,4436.21,5636.21,not operable,
0.673482,2.72508e-06,5.88644e-07,9.17647e-08,0.0673482,0.887059,1.10907e-05,0.245709,4.9074,4200.38,5400.38,not operable,
0.673482,2.98191e-06,6.44123e-07,1.00413e-07,0.0673482,0.970662,1.10907e-05,0.268866,4.9074,3983.83,5183.83,not operable,
0.673482,3.26295e-06,7.0483e-07,1.09877e-07,0.0673482,1.06214,1.10907e-05,0.294206,4.9074,3784.81,4984.81,not operable,RE_HIGH
0.673482,3.57048e-06,7.71258e-07,1.20233e-07,0.0673482,1.16225,1.10907e-05,0.321934,4.9074,3601.7,4801.7,not operable,RE_HIGH
0.673482,3.90698e-06,8.43947e-07,1.31564e-07,0.0673482,1.27179,1.10907e-05,0.352276,4.9074,3433.02,4633.02,not operable,RE_HIGH
0.673482,4.27521e-06,9.23487e-07,1.43964e-07,0.0673482,1.39165,1.10907e-05,0.385477,4.9074,3277.4,4477.4,not operable,RE_HIGH
0.673482,4.67814e-06,1.01052e-06,1.57532e-07,0.0673482,1.52281,1.10907e-05,0.421807,4.9074,3133.56,4333.56,not operable,RE_HIGH
0.673482,5.11904e-06,1.10576e-06,1.72379e-07,0.0673482,1.66633,1.10907e-05,0.461561,4.9074,3000.36,4200.36,not operable,RE_HIGH
0.673482,5.60149e-06,1.20998e-06,1.88625e-07,0.0673482,1.82338,1.10907e-05,0.505062,4.9074,2876.7,4076.7,not operable,RE_HIGH
0.673482,6.12942e-06,1.32401e-06,2.06403e-07,0.0673482,1.99523,1.10907e-05,0.552663,4.9074,2761.58,3961.58,not operable,RE_HIGH
0.673482,6.7071e-06,1.4488e-06,2.25856e-07,0.0673482,2.18327,1.10907e-05,0.60475,4.9074,2654.07,3854.07,not operable,RE_HIGH
0.673482,7.33923e-06,1.58534e-06,2.47142e-07,0.0673482,2.38904,1.10907e-05,0.661746,4.9074,2553.29,3753.29,not operable,RE_HIGH
0.673482,8.03093e-06,1.73476e-06,2.70434e-07,0.0673482,2.6142,1.10907e-05,0.724114,4.9074,2458.42,3658.42,not operable,RE_HIGH
0.673482,8.78782e-06,1.89826e-06,2.95922e-07,0.0673482,2.86058,1.10907e-05,0.79236,4.9074,2368.7,3568.7,not operable,RE_HIGH
0.673482,9.61605e-06,2.07716e-06,3.23812e-07,0.0673482,3.13018,1.10907e-05,0.867038,4.9074,2283.4,3483.4,not operable,RE_HIGH
0.673482,1.05223e-05,2.27293e-06,3.5433e-07,0.0673482,3.42519,1.10907e-05,0.948754,4.9074,2201.83,3401.83,not operable,RE_HIGH
0.673482,1.1514e-05,2.48715e-06,3.87725e-07,0.0673482,3.74801,1.10907e-05,1.03817,4.9074,2123.31,3323.31,marginal,RE_HIGH
0.673482,1.25992e-05,2.72155e-06,4.24267e-07,0.0673482,4.10125,1.10907e-05,1.13602,4.9074,2047.22,3247.22,marginal,RE_HIGH
0.673482,1.37867e-05,2.97805e-06,4.64253e-07,0.0673482,4.48778,1.10907e-05,1.24308,4.9074,1972.94,3172.94,marginal,RE_HIGH
0.673482,1.5086e-05,3.25873e-06,5.08008e-07,0.0673482,4.91074,1.10907e-05,1.36024,4.9074,1899.87,3099.87,marginal,RE_HIGH
0.673482,1.65078e-05,3.56585e-06,5.55886e-07,0.0673482,5.37357,1.10907e-05,1.48844,4.9074,1827.4,3027.4,marginal,RE_HIGH
0.673482,1.80636e-05,3.90192e-06,6.08277e-07,0.0673482,5.88001,1.10907e-05,1.62872,4.9074,1754.96,2954.96,operable,RE_HIGH
0.673482,1.97661e-05,4.26967e-06,6.65606e-07,0.0673482,6.43419,1.10907e-05,1.78222,4.9074,1681.96,2881.96,operable,RE_HIGH
0.673482,2.1629e-05,4.67207e-06,7.28337e-07,0.0673482,7.04059,1.10907e-05,1.95019,4.9074,1607.79,2807.79,operable,RE_HIGH
0.673482,2.36675e-05,5.1124e-06,7.96981e-07,0.0673482,7.70415,1.10907e-05,2.13399,4.9074,1531.87,2731.87,operable,RE_HIGH
0.673482,2.58981e-05,5.59424e-06,8.72094e-07,0.0673482,8.43025,1.10907e-05,2.33512,4.9074,1453.57,2653.57,operable,RE_HIGH
0.673482,2.83389e-05,6.12148e-06,9.54287e-07,0.0673482,9.22477,1.10907e-05,2.55519,4.9074,1372.26,2572.26,operable,RE_HIGH
0.673482,3.10098e-05,6.69841e-06,1.04423e-06,0.0673482,10.0942,1.10907e-05,2.79602,4.9074,1287.28,2487.28,operable,RE_HIGH
0.673482,3.39323e-05,7.32972e-06,1.14264e-06,0.0673482,11.0455,1.10907e-05,3.05953,4.9074,1197.94,2397.94,operable,RE_HIGH
0.673482,3.71304e-05,8.02052e-06,1.25033e-06,0.0673482,12.0865,1.10907e-05,3.34789,4.9074,1103.51,2303.51,operable,RE_HIGH
0.673482,4.06298e-05,8.77644e-06,1.36817e-06,0.0673482,13.2257,1.10907e-05,3.66341,4.9074,1003.23,2203.23,operable,RE_HIGH
0.673482,4.44591e-05,9.60359e-06,1.49712e-06,0.0673482,14.4722,1.10907e-05,4.00868,4.9074,896.285,2096.28,operable,RE_HIGH
0.673482,4.86492e-05,1.05087e-05,1.63822e-06,0.0673482,15.8361,1.10907e-05,4.38649,4.9074,781.801,1981.8,operable,RE_HIGH
0.673482,5.32343e-05,1.14991e-05,1.79262e-06,0.0673482,17.3286,1.10907e-05,4.7999,4.9074,658.854,1858.85,operable,RE_HIGH
0.673482,5.82515e-05,1.25829e-05,1.96157e-06,0.0673482,18.9618,1.10907e-05,5.25228,4.9074,526.444,1726.44,operable,RE_HIGH
0.673482,6.37415e-05,1.37688e-05,2.14644e-06,0.0673482,20.7489,1.10907e-05,5.7473,4.9074,383.497,1583.5,operable,RE_HIGH
0.673482,6.9749e-05,1.50665e-05,2.34874e-06,0.0673482,22.7044,1.10907e-05,6.28896,4.9074,228.852,1428.85,operable,RE_HIGH
0.673482,7.63227e-05,1.64864e-05,2.5701e-06,0.0673482,24.8443,1.10907e-05,6.88168,4.9074,61.2536,1261.25,operable,RE_HIGH
0.673482,8.35159e-05,1.80402e-05,2.81232e-06,0.0673482,27.1858,1.10907e-05,7.53026,4.9074,-120.658,1079.34,operable,RE_HIGH
0.673482,9.1387e-05,1.97405e-05,3.07738e-06,0.0673482,29.748,1.10907e-05,8.23997,4.9074,-318.359,881.641,operable,RE_HIGH
0.673482,0.0001,2.1601e-05,3.36741e-06,0.0673482,32.5516,1.10907e-05,9.01657,4.9074,-533.456,666.544,not operable,RE_HIGH;FLOODING
0.767172,2e-07,4.3202e-08,7.67172e-09,0.0767172,0.0741599,1.20968e-05,0.0165333,4.30809,38446.6,39646.6,not operable,VERY_THIN
0.767172,2.18849e-07,4.72736e-08,8.39476e-09,0.0767172,0.0811493,1.20968e-05,0.0180915,4.30809,35320.4,36520.4,not operable,VERY_THIN
0.767172,2.39475e-07,5.1729e-08,9.18594e-09,0.0767172,0.0887974,1.20968e-05,0.0197966,4.30809,32463.4,33663.4,not operable,VERY_THIN
0.767172,2.62045e-07,5.66044e-08,1.00517e-08,0.0767172,0.0971663,1.20968e-05,0.0216624,4.30809,29852.3,31052.3,not operable,VERY_THIN
0.767172,2.86742e-07,6.19392e-08,1.0999e-08,0.0767172,0.106324,1.20968e-05,0.023704,4.30809,27466.1,28666.1,not operable,VERY_THIN
0.767172,3.13767e-07,6.77768e-08,1.20357e-08,0.0767172,0.116345,1.20968e-05,0.0259381,4.30809,25285.2,26485.2,not operable,VERY_THIN
0.767172,3.43339e-07,7.41646e-08,1.317e-08,0.0767172,0.12731,1.20968e-05,0.0283827,4.30809,23292,24492,not operable,VERY_THIN
0.767172,3.75698e-07,8.11544e-08,1.44112e-08,0.0767172,0.139309,1.20968e-05,0.0310577,4.30809,21470.4,22670.4,not operable,VERY_THIN
0.767172,4.11106e-07,8.8803e-08,1.57695e-08,0.0767172,0.152438,1.20968e-05,0.0339848,4.30809,19805.4,21005.4,not operable,VERY_THIN
0.767172,4.49852e-07,9.71724e-08,1.72557e-08,0.0767172,0.166805,1.20968e-05,0.0371877,4.30809,18283.7,19483.7,not operable,VERY_THIN
0.767172,4.92249e-07,1.06331e-07,1.8882e-08,0.0767172,0.182526,1.20968e-05,0.0406926,4.30809,16892.9,18092.9,not operable,VERY_THIN
0.767172,5.38642e-07,1.16352e-07,2.06616e-08,0.0767172,0.199728,1.20968e-05,0.0445277,4.30809,15621.7,16821.7,not operable,VERY_THIN
0.767172,5.89408e-07,1.27318e-07,2.26089e-08,0.0767172,0.218552,1.20968e-05,0.0487244,4.30809,14459.7,15659.7,not operable,VERY_THIN
0.767172,6.44958e-07,1.39317e-07,2.47397e-08,0.0767172,0.23915,1.20968e-05,0.0533165,4.30809,13397.6,14597.6,not operable,VERY_THIN
0.767172,7.05744e-07,1.52448e-07,2.70713e-08,0.0767172,0.26169,1.20968e-05,0.0583415,4.30809,12426.6,13626.6,not operable,VERY_THIN
0.767172,7.72258e-07,1.66815e-07,2.96227e-08,0.0767172,0.286353,1.20968e-05,0.06384,4.30809,11539,12739,not operable,VERY_THIN
0.767172,8.45042e-07,1.82537e-07,3.24146e-08,0.0767172,0.313341,1.20968e-05,0.0698567,4.30809,10727.5,11927.5,not operable,VERY_THIN
0.767172,9.24685e-07,1.99741e-07,3.54696e-08,0.0767172,0.342873,1.20968e-05,0.0764405,4.30809,9985.52,11185.5,not operable,VERY_THIN
0.767172,1.01183e-06,2.18566e-07,3.88125e-08,0.0767172,0.375188,1.20968e-05,0.0836449,4.30809,9307.06,10507.1,not operable,VERY_THIN
0.767172,1.1072e-06,2.39165e-07,4.24705e-08,0.0767172,0.410548,1.20968e-05,0.0915282,4.30809,8686.6,9886.6,not operable,VERY_THIN
0.767172,1.21155e-06,2.61706e-07,4.64732e-08,0.0767172,0.449241,1.20968e-05,0.100154,4.30809,8119.1,9319.1,not operable,VERY_THIN
0.767172,1.32573e-06,2.86371e-07,5.08532e-08,0.0767172,0.491581,1.20968e-05,0.109594,4.30809,7599.97,8799.97,not operable,VERY_THIN
0.767172,1.45068e-06,3.13361e-07,5.5646e-08,0.0767172,0.537911,1.20968e-05,0.119923,4.30809,7124.98,8324.98,not operable,VERY_THIN
0.767172,1.5874e-06,3.42894e-07,6.08905e-08,0.0767172,0.588608,1.20968e-05,0.131225,4.30809,6690.27,7890.27,not operable,VERY_THIN
0.767172,1.73701e-06,3.75211e-07,6.66292e-08,0.0767172,0.644083,1.20968e-05,0.143593,4.30809,6292.33,7492.33,not operable,VERY_THIN
0.767172,1.90072e-06,4.10574e-07,7.29089e-08,0.0767172,0.704786,1.20968e-05,0.157126,4.30809,5927.92,7127.92,not operable,VERY_THIN
0.767172,2.07986e-06,4.49269e-07,7.97803e-08,0.0767172,0.77121,1.20968e-05,0.171935,4.30809,5594.08,6794.08,not operable,
0.767172,2.27588e-06,4.91612e-07,8.72994e-08,0.0767172,0.843894,1.20968e-05,0.188139,4.30809,5288.09,6488.09,not operable,
0.767172,2.49037e-06,5.37945e-07,9.55271e-08,0.0767172,0.923429,1.20968e-05,0.205871,4.30809,5007.49,6207.49,not operable,
0.767172,2.72508e-06,5.88644e-07,1.0453e-07,0.0767172,1.01046,1.20968e-05,0.225273,4.30809,4749.99,5949.99,not operable,RE_HIGH
0.767172,2.98191e-06,6.44123e-07,1.14382e-07,0.0767172,1.10569,1.20968e-05,0.246505,4.30809,4513.49,5713.49,not operable,RE_HIGH
0.767172,3.26295e-06,7.0483e-07,1.25162e-07,0.0767172,1.2099,1.20968e-05,0.269737,4.30809,4296.09,5496.09,not operable,RE_HIGH
0.767172,3.57048e-06,7.71258e-07,1.36958e-07,0.0767172,1.32393,1.20968e-05,0.295159,4.30809,4096.01,5296.01,not operable,RE_HIGH
0.767172,3.90698e-06,8.43947e-07,1.49866e-07,0.0767172,1.44871,1.20968e-05,0.322977,4.30809,3911.63,5111.63,not operable,RE_HIGH
0.767172,4.27521e-06,9.23487e-07,1.63991e-07,0.0767172,1.58525,1.20968e-05,0.353417,4.30809,3741.46,4941.46,not operable,RE_HIGH
0.767172,4.67814e-06,1.01052e-06,1.79447e-07,0.0767172,1.73465,1.20968e-05,0.386726,4.30809,3584.1,4784.1,not operable,RE_HIGH
0.767172,5.11904e-06,1.10576e-06,1.96359e-07,0.0767172,1.89814,1.20968e-05,0.423173,4.30809,3438.3,4638.3,not operable,RE_HIGH
0.767172,5.60149e-06,1.20998e-06,2.14865e-07,0.0767172,2.07703,1.20968e-05,0.463056,4.30809,3302.85,4502.85,not operable,RE_HIGH
0.767172,6.12942e-06,1.32401e-06,2.35116e-07,0.0767172,2.27279,1.20968e-05,0.506698,4.30809,3176.67,4376.67,not operable,RE_HIGH
0.767172,6.7071e-06,1.4488e-06,2.57275e-07,0.0767172,2.48699,1.20968e-05,0.554453,4.30809,3058.73,4258.73,not operable,RE_HIGH
0.767172,7.33923e-06,1.58534e-06,2.81522e-07,0.0767172,2.72138,1.20968e-05,0.606709,4.30809,2948.06,4148.06,not operable,RE_HIGH
0.767172,8.03093e-06,1.73476e-06,3.08055e-07,0.0767172,2.97787,1.20968e-05,0.66389,4.30809,2843.78,4043.78,not operable,RE_HIGH
0.767172,8.78782e-06,1.89826e-06,3.37088e-07,0.0767172,3.25852,1.20968e-05,0.72646,4.30809,2745.04,3945.04,not operable,RE_HIGH
0.767172,9.61605e-06,2.07716e-06,3.68858e-07,0.0767172,3.56563,1.20968e-05,0.794926,4.30809,2651.03,3851.03,not operable,RE_HIGH
0.767172,1.05223e-05,2.27293e-06,4.03622e-07,0.0767172,3.90168,1.20968e-05,0.869846,4.30809,2560.99,3760.99,not operable,RE_HIGH
0.767172,1.1514e-05,2.48715e-06,4.41662e-07,0.0767172,4.2694,1.20968e-05,0.951827,4.30809,2474.19,3674.19,not operable,RE_HIGH
0.767172,1.25992e-05,2.72155e-06,4.83288e-07,0.0767172,4.67178,1.20968e-05,1.04153,4.30809,2389.92,3589.92,marginal,RE_HIGH
0.767172,1.37867e-05,2.97805e-06,5.28837e-07,0.0767172,5.11209,1.20968e-05,1.1397,4.30809,2307.51,3507.51,marginal,RE_HIGH
0.767172,1.5086e-05,3.25873e-06,5.78678e-07,0.0767172,5.59389,1.20968e-05,1.24711,4.30809,2226.28,3426.28,marginal,RE_HIGH
0.767172,1.65078e-05,3.56585e-06,6.33217e-07,0.0767172,6.1211,1.20968e-05,1.36465,4.30809,2145.58,3345.58,marginal,RE_HIGH
0.767172,1.80636e-05,3.90192e-06,6.92896e-07,0.0767172,6.69799,1.20968e-05,1.49326,4.30809,2064.74,3264.74,marginal,RE_HIGH
0.767172,1.97661e-05,4.26967e-06,7.58199e-07,0.0767172,7.32926,1.20968e-05,1.634,4.30809,1983.11,3183.11,operable,RE_HIGH
0.767172,2.1629e-05,4.67207e-06,8.29658e-07,0.0767172,8.02003,1.20968e-05,1.788,4.30809,1900.04,3100.04,operable,RE_HIGH
0.767172,2.36675e-05,5.1124e-06,9.07851e-07,0.0767172,8.77589,1.20968e-05,1.95651,4.30809,1814.83,3014.83,operable,RE_HIGH
0.767172,2.58981e-05,5.59424e-06,9.93413e-07,0.0767172,9.603,1.20968e-05,2.14091,4.30809,1726.82,2926.82,operable,RE_HIGH
0.767172,2.83389e-05,6.12148e-06,1.08704e-06,0.0767172,10.5081,1.20968e-05,2.34268,4.30809,1635.27,2835.27,operable,RE_HIGH
0.767172,3.10098e-05,6.69841e-06,1.18949e-06,0.0767172,11.4984,1.20968e-05,2.56347,4.30809,1539.44,2739.44,operable,RE_HIGH
0.767172,3.39323e-05,7.32972e-06,1.3016e-06,0.0767172,12.5821,1.20968e-05,2.80507,4.30809,1438.57,2638.57,operable,RE_HIGH
0.767172,3.71304e-05,8.02052e-06,1.42427e-06,0.0767172,13.7679,1.20968e-05,3.06944,4.30809,1331.82,2531.82,operable,RE_HIGH
0.767172,4.06298e-05,8.77644e-06,1.5585e-06,0.0767172,15.0655,1.20968e-05,3.35873,4.30809,1218.34,2418.34,operable,RE_HIGH
0.767172,4.44591e-05,9.60359e-06,1.70539e-06,0.0767172,16.4854,1.20968e-05,3.67528,4.30809,1097.19,2297.19,operable,RE_HIGH
0.767172,4.86492e-05,1.05087e-05,1.86612e-06,0.0767172,18.0391,1.20968e-05,4.02167,4.30809,967.407,2167.41,operable,RE_HIGH
0.767172,5.32343e-05,1.14991e-05,2.04199e-06,0.0767172,19.7393,1.20968e-05,4.4007,4.30809,827.926,2027.93,operable,RE_HIGH
0.767172,5.82515e-05,1.25829e-05,2.23444e-06,0.0767172,21.5996,1.20968e-05,4.81545,4.30809,677.617,1877.62,operable,RE_HIGH
0.767172,6.37415e-05,1.37688e-05,2.44503e-06,0.0767172,23.6353,1.20968e-05,5.2693,4.30809,515.26,1715.26,operable,RE_HIGH
0.767172,6.9749e-05,1.50665e-05,2.67547e-06,0.0767172,25.8629,1.20968e-05,5.76591,4.30809,339.538,1539.54,operable,RE_HIGH
0.767172,7.63227e-05,1.64864e-05,2.92763e-06,0.0767172,28.3004,1.20968e-05,6.30934,4.30809,149.022,1349.02,operable,RE_HIGH
0.767172,8.35159e-05,1.80402e-05,3.20355e-06,0.0767172,30.9677,1.20968e-05,6.90397,4.30809,-57.8317,1142.17,operable,RE_HIGH
0.767172,9.1387e-05,1.97405e-05,3.50548e-06,0.0767172,33.8863,1.20968e-05,7.55465,4.30809,-282.704,917.296,operable,RE_HIGH
0.767172,0.0001,2.1601e-05,3.83586e-06,0.0767172,37.08,1.20968e-05,8.26666,4.30809,-527.419,672.581,not operable,RE_HIGH;FLOODING
0.873895,2e-07,4.3202e-08,8.73895e-09,0.0873895,0.0844765,1.31941e-05,0.0151583,3.78198,42122.1,43322.1,not operable,VERY_THIN
0.873895,2.18849e-07,4.72736e-08,9.56257e-09,0.0873895,0.0924382,1.31941e-05,0.0165869,3.78198,38712.3,39912.3,not operable,VERY_THIN
0.873895,2.39475e-07,5.1729e-08,1.04638e-08,0.0873895,0.10115,1.31941e-05,0.0181501,3.78198,35596.1,36796.1,not operable,VERY_THIN
0.873895,2.62045e-07,5.66044e-08,1.145e-08,0.0873895,0.110683,1.31941e-05,0.0198607,3.78198,32748.1,33948.1,not operable,VERY_THIN
0.873895,2.86742e-07,6.19392e-08,1.25291e-08,0.0873895,0.121115,1.31941e-05,0.0217326,3.78198,30145.3,31345.3,not operable,VERY_THIN
0.873895,3.13767e-07,6.77768e-08,1.371e-08,0.0873895,0.13253,1.31941e-05,0.0237808,3.78198,27766.6,28966.6,not operable,VERY_THIN
0.873895,3.43339e-07,7.41646e-08,1.50021e-08,0.0873895,0.14502,1.31941e-05,0.0260221,3.78198,25592.6,26792.6,not operable,VERY_THIN
0.873895,3.75698e-07,8.11544e-08,1.6416e-08,0.0873895,0.158688,1.31941e-05,0.0284746,3.78198,23605.6,24805.6,not operable,VERY_THIN
0.873895,4.11106e-07,8.8803e-08,1.79632e-08,0.0873895,0.173644,1.31941e-05,0.0311583,3.78198,21789.6,22989.6,not operable,VERY_THIN
0.873895,4.49852e-07,9.71724e-08,1.96562e-08,0.0873895,0.19001,1.31941e-05,0.0340948,3.78198,20129.8,21329.8,not operable,VERY_THIN
0.873895,4.92249e-07,1.06331e-07,2.15087e-08,0.0873895,0.207917,1.31941e-05,0.0373082,3.78198,18612.8,19812.8,not operable,VERY_THIN
0.873895,5.38642e-07,1.16352e-07,2.35358e-08,0.0873895,0.227513,1.31941e-05,0.0408244,3.78198,17226.2,18426.2,not operable,VERY_THIN
0.873895,5.89408e-07,1.27318e-07,2.5754e-08,0.0873895,0.248956,1.31941e-05,0.044672,3.78198,15958.7,17158.7,not operable,VERY_THIN
0.873895,6.44958e-07,1.39317e-07,2.81813e-08,0.0873895,0.272419,1.31941e-05,0.0488822,3.78198,14800.1,16000.1,not operable,VERY_THIN
0.873895,7.05744e-07,1.52448e-07,3.08373e-08,0.0873895,0.298094,1.31941e-05,0.0534892,3.78198,13741,14941,not operable,VERY_THIN
0.873895,7.72258e-07,1.66815e-07,3.37436e-08,0.0873895,0.326188,1.31941e-05,0.0585304,3.78198,12772.8,13972.8,not operable,VERY_THIN
0.873895,8.45042e-07,1.82537e-07,3.69239e-08,0.0873895,0.356931,1.31941e-05,0.0640468,3.78198,11887.6,13087.6,not operable,VERY_THIN
0.873895,9.24685e-07,1.99741e-07,4.04038e-08,0.0873895,0.390571,1.31941e-05,0.070083,3.78198,11078.2,12278.2,not operable,VERY_THIN
0.873895,1.01183e-06,2.18566e-07,4.42118e-08,0.0873895,0.427381,1.31941e-05,0.0766881,3.78198,10338.1,11538.1,not operable,VERY_THIN
0.873895,1.1072e-06,2.39165e-07,4.83787e-08,0.0873895,0.46766,1.31941e-05,0.0839158,3.78198,9661.21,10861.2,not operable,VERY_THIN
0.873895,1.21155e-06,2.61706e-07,5.29382e-08,0.0873895,0.511736,1.31941e-05,0.0918246,3.78198,9042.1,10242.1,not operable,VERY_THIN
0.873895,1.32573e-06,2.86371e-07,5.79275e-08,0.0873895,0.559966,1.31941e-05,0.100479,3.78198,8475.72,9675.72,not operable,VERY_THIN
0.873895,1.45068e-06,3.13361e-07,6.3387e-08,0.0873895,0.612741,1.31941e-05,0.109949,3.78198,7957.47,9157.47,not operable,VERY_THIN
0.873895,1.5874e-06,3.42894e-07,6.93611e-08,0.0873895,0.67049,1.31941e-05,0.120311,3.78198,7483.15,8683.15,not operable,VERY_THIN
0.873895,1.73701e-06,3.75211e-07,7.58982e-08,0.0873895,0.733682,1.31941e-05,0.13165,3.78198,7048.91,8248.91,not operable,VERY_THIN
0.873895,1.90072e-06,4.10574e-07,8.30514e-08,0.0873895,0.80283,1.31941e-05,0.144058,3.78198,6651.22,7851.22,not operable,VERY_THIN
0.873895,2.07986e-06,4.49269e-07,9.08787e-08,0.0873895,0.878495,1.31941e-05,0.157635,3.78198,6286.85,7486.85,not operable,
0.873895,2.27588e-06,4.91612e-07,9.94438e-08,0.0873895,0.96129,1.31941e-05,0.172492,3.78198,5952.85,7152.85,not operable,
0.873895,2.49037e-06,5.37945e-07,1.08816e-07,0.0873895,1.05189,1.31941e-05,0.188748,3.78198,5646.51,6846.51,not operable,RE_HIGH
0.873895,2.72508e-06,5.88644e-07,1.19072e-07,0.0873895,1.15103,1.31941e-05,0.206537,3.78198,5365.33,6565.33,not operable,RE_HIGH
0.873895,2.98191e-06,6.44123e-07,1.30294e-07,0.0873895,1.25951,1.31941e-05,0.226003,3.78198,5107.04,6307.04,not operable,RE_HIGH
0.873895,3.26295e-06,7.0483e-07,1.42574e-07,0.0873895,1.37821,1.31941e-05,0.247303,3.78198,4869.54,6069.54,not operable,RE_HIGH
0.873895,3.57048e-06,7.71258e-07,1.56011e-07,0.0873895,1.50811,1.31941e-05,0.270611,3.78198,4650.9,5850.9,not operable,RE_HIGH
0.873895,3.90698e-06,8.43947e-07,1.70715e-07,0.0873895,1.65024,1.31941e-05,0.296115,3.78198,4449.34,5649.34,not operable,RE_HIGH
0.873895,4.27521e-06,9.23487e-07,1.86804e-07,0.0873895,1.80577,1.31941e-05,0.324023,3.78198,4263.24,5463.24,not operable,RE_HIGH
0.873895,4.67814e-06,1.01052e-06,2.0441e-07,0.0873895,1.97596,1.31941e-05,0.354562,3.78198,4091.08,5291.08,not operable,RE_HIGH
0.873895,5.11904e-06,1.10576e-06,2.23675e-07,0.0873895,2.16219,1.31941e-05,0.387978,3.78198,3931.45,5131.45,not operable,RE_HIGH
0.873895,5.60149e-06,1.20998e-06,2.44756e-07,0.0873895,2.36597,1.31941e-05,0.424544,3.78198,3783.08,4983.08,not operable,RE_HIGH
0.873895,6.12942e-06,1.32401e-06,2.67823e-07,0.0873895,2.58896,1.31941e-05,0.464556,3.78198,3644.74,4844.74,not operable,RE_HIGH
0.873895,6.7071e-06,1.4488e-06,2.93065e-07,0.0873895,2.83296,1.31941e-05,0.50834,3.78198,3515.33,4715.33,not operable,RE_HIGH
0.873895,7.33923e-06,1.58534e-06,3.20686e-07,0.0873895,3.09996,1.31941e-05,0.556249,3.78198,3393.78,4593.78,not operable,RE_HIGH
0.873895,8.03093e-06,1.73476e-06,3.50909e-07,0.0873895,3.39212,1.31941e-05,0.608674,3.78198,3279.12,4479.12,not operable,RE_HIGH
0.873895,8.78782e-06,1.89826e-06,3.83982e-07,0.0873895,3.71182,1.31941e-05,0.66604,3.78198,3170.4,4370.4,not operable,RE_HIGH
0.873895,9.61605e-06,2.07716e-06,4.20171e-07,0.0873895,4.06165,1.31941e-05,0.728813,3.78198,3066.75,4266.75,not operable,RE_HIGH
0.873895,1.05223e-05,2.27293e-06,4.59771e-07,0.0873895,4.44445,1.31941e-05,0.797501,3.78198,2967.34,4167.34,not operable,RE_HIGH
0.873895,1.1514e-05,2.48715e-06,5.03103e-07,0.0873895,4.86333,1.31941e-05,0.872664,3.78198,2871.34,4071.34,not operable,RE_HIGH
0.873895,1.25992e-05,2.72155e-06,5.50519e-07,0.0873895,5.32169,1.31941e-05,0.95491,3.78198,2777.98,3977.98,not operable,RE_HIGH
0.873895,1.37867e-05,2.97805e-06,6.02404e-07,0.0873895,5.82324,1.31941e-05,1.04491,3.78198,2686.5,3886.5,marginal,RE_HIGH
0.873895,1.5086e-05,3.25873e-06,6.59179e-07,0.0873895,6.37207,1.31941e-05,1.14339,3.78198,2596.17,3796.17,marginal,RE_HIGH
0.873895,1.65078e-05,3.56585e-06,7.21305e-07,0.0873895,6.97262,1.31941e-05,1.25115,3.78198,2506.24,3706.24,marginal,RE_HIGH
0.873895,1.80636e-05,3.90192e-06,7.89286e-07,0.0873895,7.62977,1.31941e-05,1.36907,3.78198,2415.99,3615.99,marginal,RE_HIGH
0.873895,1.97661e-05,4.26967e-06,8.63674e-07,0.0873895,8.34885,1.31941e-05,1.4981,3.78198,2324.68,3524.68,marginal,RE_HIGH
0.873895,2.1629e-05,4.67207e-06,9.45073e-07,0.0873895,9.13571,1.31941e-05,1.63929,3.78198,2231.58,3431.58,operable,RE_HIGH
0.873895,2.36675e-05,5.1124e-06,1.03414e-06,0.0873895,9.99673,1.31941e-05,1.79379,3.78198,2135.93,3335.93,operable,RE_HIGH
0.873895,2.58981e-05,5.59424e-06,1.13161e-06,0.0873895,10.9389,1.31941e-05,1.96285,3.78198,2036.94,3236.94,operable,RE_HIGH
0.873895,2.83389e-05,6.12148e-06,1.23826e-06,0.0873895,11.9699,1.31941e-05,2.14784,3.78198,1933.82,3133.82,operable,RE_HIGH
0.873895,3.10098e-05,6.69841e-06,1.35496e-06,0.0873895,13.098,1.31941e-05,2.35027,3.78198,1825.74,3025.74,operable,RE_HIGH
0.873895,3.39323e-05,7.32972e-06,1.48267e-06,0.0873895,14.3324,1.31941e-05,2.57178,3.78198,1711.8,2911.8,operable,RE_HIGH
0.873895,3.71304e-05,8.02052e-06,1.6224e-06,0.0873895,15.6832,1.31941e-05,2.81416,3.78198,1591.1,2791.1,operable,RE_HIGH
0.873895,4.06298e-05,8.77644e-06,1.77531e-06,0.0873895,17.1613,1.31941e-05,3.07939,3.78198,1462.64,2662.64,operable,RE_HIGH
0.873895,4.44591e-05,9.60359e-06,1.94263e-06,0.0873895,18.7787,1.31941e-05,3.36961,3.78198,1325.39,2525.39,operable,RE_HIGH
0.873895,4.86492e-05,1.05087e-05,2.12572e-06,0.0873895,20.5486,1.31941e-05,3.68719,3.78198,1178.23,2378.23,operable,RE_HIGH
0.873895,5.32343e-05,1.14991e-05,2.32606e-06,0.0873895,22.4852,1.31941e-05,4.03469,3.78198,1019.97,2219.97,operable,RE_HIGH
0.873895,5.82515e-05,1.25829e-05,2.54528e-06,0.0873895,24.6044,1.31941e-05,4.41495,3.78198,849.319,2049.32,operable,RE_HIGH
0.873895,6.37415e-05,1.37688e-05,2.78517e-06,0.0873895,26.9233,1.31941e-05,4.83105,3.78198,664.896,1864.9,operable,RE_HIGH
0.873895,6.9749e-05,1.50665e-05,3.04766e-06,0.0873895,29.4608,1.31941e-05,5.28636,3.78198,465.202,1665.2,operable,RE_HIGH
0.873895,7.63227e-05,1.64864e-05,3.3349e-06,0.0873895,32.2374,1.31941e-05,5.78459,3.78198,248.618,1448.62,operable,RE_HIGH
0.873895,8.35159e-05,1.80402e-05,3.6492e-06,0.0873895,35.2756,1.31941e-05,6.32977,3.78198,13.3845,1213.38,operable,RE_HIGH
0.873895,9.1387e-05,1.97405e-05,3.99313e-06,0.0873895,38.6003,1.31941e-05,6.92634,3.78198,-242.408,957.592,operable,RE_HIGH
0.873895,0.0001,2.1601e-05,4.36947e-06,0.0873895,42.2382,1.31941e-05,7.57913,3.78198,-520.835,679.165,not operable,RE_HIGH;FLOODING
0.995464,2e-07,4.3202e-08,9.95464e-09,0.0995464,0.0962282,1.4391e-05,0.0138975,3.32011,46149.6,47349.6,not operable,VERY_THIN
0.995464,2.18849e-07,4.72736e-08,1.08928e-08,0.0995464,0.105297,1.4391e-05,0.0152074,3.32011,42430.4,43630.4,not operable,VERY_THIN
0.995464,2.39475e-07,5.1729e-08,1.19195e-08,0.0995464,0.115221,1.4391e-05,0.0166406,3.32011,39031.5,40231.5,not operable,VERY_THIN
0.995464,2.62045e-07,5.66044e-08,1.30428e-08,0.0995464,0.126081,1.4391e-05,0.0182089,3.32011,35925.1,37125.1,not operable,VERY_THIN
0.995464,2.86742e-07,6.19392e-08,1.42721e-08,0.0995464,0.137964,1.4391e-05,0.0199251,3.32011,33086.2,34286.2,not operable,VERY_THIN
0.995464,3.13767e-07,6.77768e-08,1.56172e-08,0.0995464,0.150966,1.4391e-05,0.021803,3.32011,30491.6,31691.6,not operable,VERY_THIN
0.995464,3.43339e-07,7.41646e-08,1.70891e-08,0.0995464,0.165194,1.4391e-05,0.0238578,3.32011,28120.3,29320.3,not operable,VERY_THIN
0.995464,3.75698e-07,8.11544e-08,1.86997e-08,0.0995464,0.180764,1.4391e-05,0.0261064,3.32011,25953.1,27153.1,not operable,VERY_THIN
0.995464,4.11106e-07,8.8803e-08,2.04621e-08,0.0995464,0.1978,1.4391e-05,0.0285668,3.32011,23972.3,25172.3,not operable,VERY_THIN
0.995464,4.49852e-07,9.71724e-08,2.23906e-08,0.0995464,0.216442,1.4391e-05,0.0312592,3.32011,22161.9,23361.9,not operable,VERY_THIN
0.995464,4.92249e-07,1.06331e-07,2.45008e-08,0.0995464,0.236841,1.4391e-05,0.0342053,3.32011,20507.2,21707.2,not operable,VERY_THIN
0.995464,5.38642e-07,1.16352e-07,2.681e-08,0.0995464,0.259163,1.4391e-05,0.037429,3.32011,18994.7,20194.7,not operable,VERY_THIN
0.995464,5.89408e-07,1.27318e-07,2.93367e-08,0.0995464,0.283588,1.4391e-05,0.0409566,3.32011,17612.2,18812.2,not operable,VERY_THIN
0.995464,6.44958e-07,1.39317e-07,3.21016e-08,0.0995464,0.310316,1.4391e-05,0.0448167,3.32011,16348.4,17548.4,not operable,VERY_THIN
0.995464,7.05744e-07,1.52448e-07,3.51271e-08,0.0995464,0.339562,1.4391e-05,0.0490405,3.32011,15193.2,16393.2,not operable,VERY_THIN
0.995464,7.72258e-07,1.66815e-07,3.84378e-08,0.0995464,0.371565,1.4391e-05,0.0536625,3.32011,14137,15337,not operable,VERY_THIN
0.995464,8.45042e-07,1.82537e-07,4.20604e-08,0.0995464,0.406584,1.4391e-05,0.05872,3.32011,13171.4,14371.4,not operable,VERY_THIN
0.995464,9.24685e-07,1.99741e-07,4.60245e-08,0.0995464,0.444904,1.4391e-05,0.0642542,3.32011,12288.4,13488.4,not operable,VERY_THIN
0.995464,1.01183e-06,2.18566e-07,5.03622e-08,0.0995464,0.486835,1.4391e-05,0.07031,3.32011,11481,12681,not operable,VERY_THIN
0.995464,1.1072e-06,2.39165e-07,5.51087e-08,0.0995464,0.532718,1.4391e-05,0.0769366,3.32011,10742.6,11942.6,not operable,VERY_THIN
0.995464,1.21155e-06,2.61706e-07,6.03026e-08,0.0995464,0.582925,1.4391e-05,0.0841876,3.32011,10067.2,11267.2,not operable,VERY_THIN
0.995464,1.32573e-06,2.86371e-07,6.59859e-08,0.0995464,0.637864,1.4391e-05,0.0921221,3.32011,9449.26,10649.3,not operable,VERY_THIN
0.995464,1.45068e-06,3.13361e-07,7.22049e-08,0.0995464,0.697981,1.4391e-05,0.100804,3.32011,8883.81,10083.8,not operable,VERY_THIN
0.995464,1.5874e-06,3.42894e-07,7.901e-08,0.0995464,0.763764,1.4391e-05,0.110305,3.32011,8366.25,9566.25,not operable,VERY_THIN
0.995464,1.73701e-06,3.75211e-07,8.64565e-08,0.0995464,0.835746,1.4391e-05,0.120701,3.32011,7892.39,9092.39,not operable,VERY_THIN
0.995464,1.90072e-06,4.10574e-07,9.46048e-08,0.0995464,0.914513,1.4391e-05,0.132077,3.32011,7458.37,8658.37,not operable,VERY_THIN
0.995464,2.07986e-06,4.49269e-07,1.03521e-07,0.0995464,1.0007,1.4391e-05,0.144524,3.32011,7060.68,8260.68,not operable,RE_HIGH
0.995464,2.27588e-06,4.91612e-07,1.13278e-07,0.0995464,1.09502,1.4391e-05,0.158145,3.32011,6696.09,7896.09,not operable,RE_HIGH
0.995464,2.49037e-06,5.37945e-07,1.23954e-07,0.0995464,1.19822,1.4391e-05,0.17305,3.32011,6361.62,7561.62,not operable,RE_HIGH
0.995464,2.72508e-06,5.88644e-07,1.35636e-07,0.0995464,1.31115,1.4391e-05,0.18936,3.32011,6054.58,7254.58,not operable,RE_HIGH
0.995464,2.98191e-06,6.44123e-07,1.48419e-07,0.0995464,1.43472,1.4391e-05,0.207206,3.32011,5772.47,6972.47,not operable,RE_HIGH
0.995464,3.26295e-06,7.0483e-07,1.62408e-07,0.0995464,1.56994,1.4391e-05,0.226735,3.32011,5513,6713,not operable,RE_HIGH
0.995464,3.57048e-06,7.71258e-07,1.77714e-07,0.0995464,1.7179,1.4391e-05,0.248104,3.32011,5274.05,6474.05,not operable,RE_HIGH
0.995464,3.90698e-06,8.43947e-07,1.94463e-07,0.0995464,1.87981,1.4391e-05,0.271488,3.32011,5053.7,6253.7,not operable,RE_HIGH
0.995464,4.27521e-06,9.23487e-07,2.12791e-07,0.0995464,2.05698,1.4391e-05,0.297074,3.32011,4850.16,6050.16,not operable,RE_HIGH
0.995464,4.67814e-06,1.01052e-06,2.32846e-07,0.0995464,2.25084,1.4391e-05,0.325073,3.32011,4661.76,5861.76,not operable,RE_HIGH
0.995464,5.11904e-06,1.10576e-06,2.54791e-07,0.0995464,2.46298,1.4391e-05,0.35571,3.32011,4486.99,5686.99,not operable,RE_HIGH
0.995464,5.60149e-06,1.20998e-06,2.78804e-07,0.0995464,2.69511,1.4391e-05,0.389235,3.32011,4324.42,5524.42,not operable,RE_HIGH
0.995464,6.12942e-06,1.32401e-06,3.05081e-07,0.0995464,2.94911,1.4391e-05,0.425919,3.32011,4172.73,5372.73,not operable,RE_HIGH
0.995464,6.7071e-06,1.4488e-06,3.33834e-07,0.0995464,3.22706,1.4391e-05,0.466061,3.32011,4030.7,5230.7,not operable,RE_HIGH
0.995464,7.33923e-06,1.58534e-06,3.65297e-07,0.0995464,3.5312,1.4391e-05,0.509986,3.32011,3897.16,5097.16,not operable,RE_HIGH
0.995464,8.03093e-06,1.73476e-06,3.99725e-07,0.0995464,3.86401,1.4391e-05,0.558051,3.32011,3771.04,4971.04,not operable,RE_HIGH
0.995464,8.78782e-06,1.89826e-06,4.37398e-07,0.0995464,4.22818,1.4391e-05,0.610646,3.32011,3651.31,4851.31,not operable,RE_HIGH
0.995464,9.61605e-06,2.07716e-06,4.78622e-07,0.0995464,4.62668,1.4391e-05,0.668198,3.32011,3537,4737,not operable,RE_HIGH
0.995464,1.05223e-05,2.27293e-06,5.23731e-07,0.0995464,5.06273,1.4391e-05,0.731173,3.32011,3427.18,4627.18,not operable,RE_HIGH
0.995464,1.1514e-05,2.48715e-06,5.73091e-07,0.0995464,5.53988,1.4391e-05,0.800085,3.32011,3320.97,4520.97,not operable,RE_HIGH
0.995464,1.25992e-05,2.72155e-06,6.27103e-07,0.0995464,6.062,1.4391e-05,0.87549,3.32011,3217.49,4417.49,not operable,RE_HIGH
0.995464,1.37867e-05,2.97805e-06,6.86206e-07,0.0995464,6.63332,1.4391e-05,0.958003,3.32011,3115.91,4315.91,not operable,RE_HIGH
0.995464,1.5086e-05,3.25873e-06,7.50879e-07,0.0995464,7.2585,1.4391e-05,1.04829,3.32011,3015.4,4215.4,marginal,RE_HIGH
0.995464,1.65078e-05,3.56585e-06,8.21647e-07,0.0995464,7.94259,1.4391e-05,1.14709,3.32011,2915.15,4115.15,marginal,RE_HIGH
0.995464,1.80636e-05,3.90192e-06,8.99086e-07,0.0995464,8.69116,1.4391e-05,1.2552,3.32011,2814.34,4014.34,marginal,RE_HIGH
0.995464,1.97661e-05,4.26967e-06,9.83822e-07,0.0995464,9.51028,1.4391e-05,1.3735,3.32011,2712.16,3912.16,marginal,RE_HIGH
0.995464,2.1629e-05,4.67207e-06,1.07654e-06,0.0995464,10.4066,1.4391e-05,1.50295,3.32011,2607.77,3807.77,operable,RE_HIGH
0.995464,2.36675e-05,5.1124e-06,1.17801e-06,0.0995464,11.3874,1.4391e-05,1.6446,3.32011,2500.34,3700.34,operable,RE_HIGH
0.995464,2.58981e-05,5.59424e-06,1.28903e-06,0.0995464,12.4606,1.4391e-05,1.7996,3.32011,2388.98,3588.98,operable,RE_HIGH
0.995464,2.83389e-05,6.12148e-06,1.41052e-06,0.0995464,13.635,1.4391e-05,1.96921,3.32011,2272.79,3472.79,operable,RE_HIGH
0.995464,3.10098e-05,6.69841e-06,1.54346e-06,0.0995464,14.9201,1.4391e-05,2.1548,3.32011,2150.83,3350.83,operable,RE_HIGH
0.995464,3.39323e-05,7.32972e-06,1.68892e-06,0.0995464,16.3262,1.4391e-05,2.35788,3.32011,2022.11,3222.11,operable,RE_HIGH
0.995464,3.71304e-05,8.02052e-06,1.8481e-06,0.0995464,17.865,1.4391e-05,2.58011,3.32011,1885.59,3085.59,operable,RE_HIGH
0.995464,4.06298e-05,8.77644e-06,2.02228e-06,0.0995464,19.5487,1.4391e-05,2.82327,3.32011,1740.15,2940.15,operable,RE_HIGH
0.995464,4.44591e-05,9.60359e-06,2.21287e-06,0.0995464,21.3911,1.4391e-05,3.08936,3.32011,1584.62,2784.62,operable,RE_HIGH
0.995464,4.86492e-05,1.05087e-05,2.42143e-06,0.0995464,23.4071,1.4391e-05,3.38052,3.32011,1417.73,2617.73,operable,RE_HIGH
0.995464,5.32343e-05,1.14991e-05,2.64964e-06,0.0995464,25.6132,1.4391e-05,3.69913,3.32011,1238.13,2438.13,operable,RE_HIGH
0.995464,5.82515e-05,1.25829e-05,2.89936e-06,0.0995464,28.0272,1.4391e-05,4.04776,3.32011,1044.36,2244.36,operable,RE_HIGH
0.995464,6.37415e-05,1.37688e-05,3.17262e-06,0.0995464,30.6687,1.4391e-05,4.42925,3.32011,834.847,2034.85,operable,RE_HIGH
0.995464,6.9749e-05,1.50665e-05,3.47163e-06,0.0995464,33.5591,1.4391e-05,4.8467,3.32011,607.892,1807.89,operable,RE_HIGH
0.995464,7.63227e-05,1.64864e-05,3.79882e-06,0.0995464,36.722,1.4391e-05,5.30349,3.32011,361.651,1561.65,operable,RE_HIGH
0.995464,8.35159e-05,1.80402e-05,4.15685e-06,0.0995464,40.1829,1.4391e-05,5.80333,3.32011,94.1261,1294.13,operable,RE_HIGH
0.995464,9.1387e-05,1.97405e-05,4.54863e-06,0.0995464,43.97,1.4391e-05,6.35028,3.32011,-196.855,1003.15,operable,RE_HIGH
0.995464,0.0001,2.1601e-05,4.97732e-06,0.0995464,48.1141,1.4391e-05,6.94877,3.32011,-513.654,686.346,not operable,RE_HIGH;FLOODING
1.13395,2e-07,4.3202e-08,1.13395e-08,0.113395,0.109615,1.56965e-05,0.0127417,2.91465,50563.5,51763.5,not operable,VERY_THIN
1.13395,2.18849e-07,4.72736e-08,1.24082e-08,0.113395,0.119946,1.56965e-05,0.0139426,2.91465,46507,47707,not operable,VERY_THIN
1.13395,2.39475e-07,5.1729e-08,1.35776e-08,0.113395,0.13125,1.56965e-05,0.0152566,2.91465,42799.6,43999.6,not operable,VERY_THIN
1.13395,2.62045e-07,5.66044e-08,1.48573e-08,0.113395,0.14362,1.56965e-05,0.0166945,2.91465,39411.5,40611.5,not operable,VERY_THIN
1.13395,2.86742e-07,6.19392e-08,1.62575e-08,0.113395,0.157156,1.56965e-05,0.0182679,2.91465,36315,37515,not operable,VERY_THIN
1.13395,3.13767e-07,6.77768e-08,1.77897e-08,0.113395,0.171968,1.56965e-05,0.0199896,2.91465,33485,34685,not operable,VERY_THIN
1.13395,3.43339e-07,7.41646e-08,1.94664e-08,0.113395,0.188175,1.56965e-05,0.0218736,2.91465,30898.5,32098.5,not operable,VERY_THIN
1.13395,3.75698e-07,8.11544e-08,2.1301e-08,0.113395,0.20591,1.56965e-05,0.0239351,2.91465,28534.6,29734.6,not operable,VERY_THIN
1.13395,4.11106e-07,8.8803e-08,2.33086e-08,0.113395,0.225316,1.56965e-05,0.0261909,2.91465,26374.1,27574.1,not operable,VERY_THIN
1.13395,4.49852e-07,9.71724e-08,2.55054e-08,0.113395,0.246552,1.56965e-05,0.0286594,2.91465,24399.4,25599.4,not operable,VERY_THIN
1.13395,4.92249e-07,1.06331e-07,2.79092e-08,0.113395,0.269789,1.56965e-05,0.0313604,2.91465,22594.5,23794.5,not operable,VERY_THIN
1.13395,5.38642e-07,1.16352e-07,3.05396e-08,0.113395,0.295216,1.56965e-05,0.0343161,2.91465,20944.7,22144.7,not operable,VERY_THIN
1.13395,5.89408e-07,1.27318e-07,3.34178e-08,0.113395,0.323039,1.56965e-05,0.0375503,2.91465,19436.7,20636.7,not operable,VERY_THIN
1.13395,6.44958e-07,1.39317e-07,3.65674e-08,0.113395,0.353485,1.56965e-05,0.0410893,2.91465,18058.2,19258.2,not operable,VERY_THIN
1.13395,7.05744e-07,1.52448e-07,4.00138e-08,0.113395,0.3868,1.56965e-05,0.0449619,2.91465,16798,17998,not operable,VERY_THIN
1.13395,7.72258e-07,1.66815e-07,4.37849e-08,0.113395,0.423254,1.56965e-05,0.0491994,2.91465,15646,16846,not operable,VERY_THIN
1.13395,8.45042e-07,1.82537e-07,4.79116e-08,0.113395,0.463145,1.56965e-05,0.0538363,2.91465,14592.6,15792.6,not operable,VERY_THIN
1.13395,9.24685e-07,1.99741e-07,5.24271e-08,0.113395,0.506795,1.56965e-05,0.0589102,2.91465,13629.4,14829.4,not operable,VERY_THIN
1.13395,1.01183e-06,2.18566e-07,5.73682e-08,0.113395,0.554559,1.56965e-05,0.0644624,2.91465,12748.7,13948.7,not operable,VERY_THIN
1.13395,1.1072e-06,2.39165e-07,6.2775e-08,0.113395,0.606825,1.56965e-05,0.0705378,2.91465,11943.1,13143.1,not operable,VERY_THIN
1.13395,1.21155e-06,2.61706e-07,6.86914e-08,0.113395,0.664017,1.56965e-05,0.0771858,2.91465,11206.2,12406.2,not operable,VERY_THIN
1.13395,1.32573e-06,2.86371e-07,7.51654e-08,0.113395,0.726599,1.56965e-05,0.0844603,2.91465,10532,11732,not operable,VERY_THIN
1.13395,1.45068e-06,3.13361e-07,8.22495e-08,0.113395,0.795079,1.56965e-05,0.0924205,2.91465,9915.05,11115.1,not operable,VERY_THIN
1.13395,1.5874e-06,3.42894e-07,9.00013e-08,0.113395,0.870013,1.56965e-05,0.101131,2.91465,9350.31,10550.3,not operable,VERY_THIN
1.13395,1.73701e-06,3.75211e-07,9.84837e-08,0.113395,0.952009,1.56965e-05,0.110662,2.91465,8833.2,10033.2,not operable,VERY_THIN
1.13395,1.90072e-06,4.10574e-07,1.07766e-07,0.113395,1.04173,1.56965e-05,0.121092,2.91465,8359.53,9559.53,not operable,RE_HIGH;VERY_THIN
1.13395,2.07986e-06,4.49269e-07,1.17922e-07,0.113395,1.13991,1.56965e-05,0.132504,2.91465,7925.45,9125.45,not operable,RE_HIGH
1.13395,2.27588e-06,4.91612e-07,1.29036e-07,0.113395,1.24735,1.56965e-05,0.144993,2.91465,7527.44,8727.44,not operable,RE_HIGH
1.13395,2.49037e-06,5.37945e-07,1.41197e-07,0.113395,1.36491,1.56965e-05,0.158658,2.91465,7162.27,8362.27,not operable,RE_HIGH
1.13395,2.72508e-06,5.88644e-07,1.54505e-07,0.113395,1.49355,1.56965e-05,0.173611,2.91465,6826.97,8026.97,not operable,RE_HIGH
1.13395,2.98191e-06,6.44123e-07,1.69066e-07,0.113395,1.63431,1.56965e-05,0.189973,2.91465,6518.82,7718.82,not operable,RE_HIGH
1.13395,3.26295e-06,7.0483e-07,1.85e-07,0.113395,1.78834,1.56965e-05,0.207878,2.91465,6235.32,7435.32,not operable,RE_HIGH
1.13395,3.57048e-06,7.71258e-07,2.02436e-07,0.113395,1.95688,1.56965e-05,0.22747,2.91465,5974.16,7174.16,not operable,RE_HIGH
1.13395,3.90698e-06,8.43947e-07,2.21515e-07,0.113395,2.14132,1.56965e-05,0.248908,2.91465,5733.24,6933.24,not operable,RE_HIGH
1.13395,4.27521e-06,9.23487e-07,2.42393e-07,0.113395,2.34313,1.56965e-05,0.272367,2.91465,5510.59,6710.59,not operable,RE_HIGH
1.13395,4.67814e-06,1.01052e-06,2.65237e-07,0.113395,2.56396,1.56965e-05,0.298037,2.91465,5304.41,6504.41,not operable,RE_HIGH
1.13395,5.11904e-06,1.10576e-06,2.90235e-07,0.113395,2.80561,1.56965e-05,0.326126,2.91465,5113.01,6313.01,not operable,RE_HIGH
1.13395,5.60149e-06,1.20998e-06,3.17589e-07,0.113395,3.07003,1.56965e-05,0.356862,2.91465,4934.86,6134.86,not operable,RE_HIGH
1.13395,6.12942e-06,1.32401e-06,3.47521e-07,0.113395,3.35937,1.56965e-05,0.390496,2.91465,4768.5,5968.5,not operable,RE_HIGH
1.13395,6.7071e-06,1.4488e-06,3.80274e-07,0.113395,3.67598,1.56965e-05,0.427299,2.91465,4612.58,5812.58,not operable,RE_HIGH
1.13395,7.33923e-06,1.58534e-06,4.16114e-07,0.113395,4.02244,1.56965e-05,0.467571,2.91465,4465.83,5665.83,not operable,RE_HIGH
1.13395,8.03093e-06,1.73476e-06,4.55332e-07,0.113395,4.40154,1.56965e-05,0.511638,2.91465,4327.07,5527.07,not operable,RE_HIGH
1.13395,8.78782e-06,1.89826e-06,4.98246e-07,0.113395,4.81637,1.56965e-05,0.559859,2.91465,4195.17,5395.17,not operable,RE_HIGH
1.13395,9.61605e-06,2.07716e-06,5.45204e-07,0.113395,5.2703,1.56965e-05,0.612624,2.91465,4069.05,5269.05,not operable,RE_HIGH
1.13395,1.05223e-05,2.27293e-06,5.96588e-07,0.113395,5.76702,1.56965e-05,0.670362,2.91465,3947.7,5147.7,not operable,RE_HIGH
1.13395,1.1514e-05,2.48715e-06,6.52815e-07,0.113395,6.31054,1.56965e-05,0.733542,2.91465,3830.13,5030.13,not operable,RE_HIGH
1.13395,1.25992e-05,2.72155e-06,7.14341e-07,0.113395,6.9053,1.56965e-05,0.802676,2.91465,3715.38,4915.38,not operable,RE_HIGH
1.13395,1.37867e-05,2.97805e-06,7.81666e-07,0.113395,7.5561,1.56965e-05,0.878326,2.91465,3602.52,4802.52,not operable,RE_HIGH
1.13395,1.5086e-05,3.25873e-06,8.55336e-07,0.113395,8.26824,1.56965e-05,0.961106,2.91465,3490.64,4690.64,not operable,RE_HIGH
1.13395,1.65078e-05,3.56585e-06,9.35949e-07,0.113395,9.0475,1.56965e-05,1.05169,2.91465,3378.83,4578.83,marginal,RE_HIGH
1.13395,1.80636e-05,3.90192e-06,1.02416e-06,0.113395,9.90021,1.56965e-05,1.15081,2.91465,3266.18,4466.18,marginal,RE_HIGH
1.13395,1.97661e-05,4.26967e-06,1.12068e-06,0.113395,10.8333,1.56965e-05,1.25927,2.91465,3151.78,4351.78,marginal,RE_HIGH
1.13395,2.1629e-05,4.67207e-06,1.22631e-06,0.113395,11.8543,1.56965e-05,1.37795,2.91465,3034.69,4234.69,marginal,RE_HIGH
1.13395,2.36675e-05,5.1124e-06,1.34188e-06,0.113395,12.9715,1.56965e-05,1.50782,2.91465,2913.98,4113.98,operable,RE_HIGH
1.13395,2.58981e-05,5.59424e-06,1.46835e-06,0.113395,14.194,1.56965e-05,1.64993,2.91465,2788.64,3988.64,operable,RE_HIGH
1.13395,2.83389e-05,6.12148e-06,1.60674e-06,0.113395,15.5318,1.56965e-05,1.80543,2.91465,2657.68,3857.68,operable,RE_HIGH
1.13395,3.10098e-05,6.69841e-06,1.75817e-06,0.113395,16.9956,1.56965e-05,1.97558,2.91465,2520.03,3720.03,operable,RE_HIGH
1.13395,3.39323e-05,7.32972e-06,1.92387e-06,0.113395,18.5974,1.56965e-05,2.16178,2.91465,2374.57,3574.57,operable,RE_HIGH
1.13395,3.71304e-05,8.02052e-06,2.10519e-06,0.113395,20.3502,1.56965e-05,2.36552,2.91465,2220.11,3420.11,operable,RE_HIGH
1.13395,4.06298e-05,8.77644e-06,2.3036e-06,0.113395,22.2681,1.56965e-05,2.58846,2.91465,2055.41,3255.41,operable,RE_HIGH
1.13395,4.44591e-05,9.60359e-06,2.52071e-06,0.113395,24.3668,1.56965e-05,2.83242,2.91465,1879.13,3079.13,operable,RE_HIGH
1.13395,4.86492e-05,1.05087e-05,2.75828e-06,0.113395,26.6634,1.56965e-05,3.09937,2.91465,1689.83,2889.83,operable,RE_HIGH
1.13395,5.32343e-05,1.14991e-05,3.01824e-06,0.113395,29.1763,1.56965e-05,3.39147,2.91465,1485.99,2685.99,operable,RE_HIGH
1.13395,5.82515e-05,1.25829e-05,3.3027e-06,0.113395,31.9261,1.56965e-05,3.71111,2.91465,1265.94,2465.94,operable,RE_HIGH
1.13395,6.37415e-05,1.37688e-05,3.61397e-06,0.113395,34.9351,1.56965e-05,4.06087,2.91465,1027.9,2227.9,operable,RE_HIGH
1.13395,6.9749e-05,1.50665e-05,3.95458e-06,0.113395,38.2276,1.56965e-05,4.4436,2.91465,769.933,1969.93,operable,RE_HIGH
1.13395,7.63227e-05,1.64864e-05,4.32729e-06,0.113395,41.8304,1.56965e-05,4.8624,2.91465,489.953,1689.95,operable,RE_HIGH
1.13395,8.35159e-05,1.80402e-05,4.73512e-06,0.113395,45.7728,1.56965e-05,5.32067,2.91465,185.684,1385.68,operable,RE_HIGH
1.13395,9.1387e-05,1.97405e-05,5.18139e-06,0.113395,50.0868,1.56965e-05,5.82213,2.91465,-145.345,1054.65,operable,RE_HIGH
1.13395,0.0001,2.1601e-05,5.66973e-06,0.113395,54.8074,1.56965e-05,6.37085,2.91465,-505.821,694.179,not operable,RE_HIGH;FLOODING
1.29169,2e-07,4.3202e-08,1.29169e-08,0.129169,0.124863,1.71204e-05,0.011682,2.5587,55402,56602,not operable,VERY_THIN
1.29169,2.18849e-07,4.72736e-08,1.41343e-08,0.129169,0.136632,1.71204e-05,0.012783,2.5587,50977.4,52177.4,not operable,VERY_THIN
1.29169,2.39475e-07,5.1729e-08,1.54664e-08,0.129169,0.149509,1.71204e-05,0.0139877,2.5587,46933.7,48133.7,not operable,VERY_THIN
1.29169,2.62045e-07,5.66044e-08,1.69241e-08,0.129169,0.163599,1.71204e-05,0.015306,2.5587,43238.1,44438.1,not operable,VERY_THIN
1.29169,2.86742e-07,6.19392e-08,1.85191e-08,0.129169,0.179018,1.71204e-05,0.0167486,2.5587,39860.7,41060.7,not operable,VERY_THIN
1.29169,3.13767e-07,6.77768e-08,2.02645e-08,0.129169,0.19589,1.71204e-05,0.0183271,2.5587,36773.9,37973.9,not operable,VERY_THIN
1.29169,3.43339e-07,7.41646e-08,2.21744e-08,0.129169,0.214352,1.71204e-05,0.0200544,2.5587,33952.8,35152.8,not operable,VERY_THIN
1.29169,3.75698e-07,8.11544e-08,2.42643e-08,0.129169,0.234555,1.71204e-05,0.0219444,2.5587,31374.4,32574.4,not operable,VERY_THIN
1.29169,4.11106e-07,8.8803e-08,2.65511e-08,0.129169,0.256661,1.71204e-05,0.0240127,2.5587,29017.8,30217.8,not operable,VERY_THIN
1.29169,4.49852e-07,9.71724e-08,2.90535e-08,0.129169,0.28085,1.71204e-05,0.0262758,2.5587,26863.9,28063.9,not operable,VERY_THIN
1.29169,4.92249e-07,1.06331e-07,3.17917e-08,0.129169,0.30732,1.71204e-05,0.0287522,2.5587,24895.2,26095.2,not operable,VERY_THIN
1.29169,5.38642e-07,1.16352e-07,3.4788e-08,0.129169,0.336284,1.71204e-05,0.031462,2.5587,23095.7,24295.7,not operable,VERY_THIN
1.29169,5.89408e-07,1.27318e-07,3.80667e-08,0.129169,0.367978,1.71204e-05,0.0344272,2.5587,21450.7,22650.7,not operable,VERY_THIN
1.29169,6.44958e-07,1.39317e-07,4.16543e-08,0.129169,0.402659,1.71204e-05,0.0376719,2.5587,19947.1,21147.1,not operable,VERY_THIN
1.29169,7.05744e-07,1.52448e-07,4.55802e-08,0.129169,0.440608,1.71204e-05,0.0412224,2.5587,18572.5,19772.5,not operable,VERY_THIN
1.29169,7.72258e-07,1.66815e-07,4.9876e-08,0.129169,0.482134,1.71204e-05,0.0451075,2.5587,17315.7,18515.7,not operable,VERY_THIN
1.29169,8.45042e-07,1.82537e-07,5.45766e-08,0.129169,0.527574,1.71204e-05,0.0493588,2.5587,16166.7,17366.7,not operable,VERY_THIN
1.29169,9.24685e-07,1.99741e-07,5.97203e-08,0.129169,0.577297,1.71204e-05,0.0540107,2.5587,15116,16316,not operable,VERY_THIN
1.29169,1.01183e-06,2.18566e-07,6.53488e-08,0.129169,0.631705,1.71204e-05,0.0591011,2.5587,14155.1,15355.1,not operable,VERY_THIN
1.29169,1.1072e-06,2.39165e-07,7.15078e-08,0.129169,0.691242,1.71204e-05,0.0646712,2.5587,13276.3,14476.3,not operable,VERY_THIN
1.29169,1.21155e-06,2.61706e-07,7.82472e-08,0.129169,0.75639,1.71204e-05,0.0707663,2.5587,12472.4,13672.4,not operable,VERY_THIN
1.29169,1.32573e-06,2.86371e-07,8.56218e-08,0.129169,0.827677,1.71204e-05,0.0774358,2.5587,11736.8,12936.8,not operable,VERY_THIN
1.29169,1.45068e-06,3.13361e-07,9.36914e-08,0.129169,0.905684,1.71204e-05,0.0847339,2.5587,11063.6,12263.6,not operable,VERY_THIN
1.29169,1.5874e-06,3.42894e-07,1.02522e-07,0.129169,0.991042,1.71204e-05,0.0927199,2.5587,10447.4,11647.4,not operable,VERY_THIN
1.29169,1.73701e-06,3.75211e-07,1.12184e-07,0.129169,1.08445,1.71204e-05,0.101458,2.5587,9883.07,11083.1,not operable,RE_HIGH;VERY_THIN
1.29169,1.90072e-06,4.10574e-07,1.22757e-07,0.129169,1.18665,1.71204e-05,0.111021,2.5587,9366.1,10566.1,not operable,RE_HIGH;VERY_THIN
1.29169,2.07986e-06,4.49269e-07,1.34327e-07,0.129169,1.29849,1.71204e-05,0.121484,2.5587,8892.29,10092.3,not operable,RE_HIGH
1.29169,2.27588e-06,4.91612e-07,1.46986e-07,0.129169,1.42087,1.71204e-05,0.132934,2.5587,8457.79,9657.79,not operable,RE_HIGH
1.29169,2.49037e-06,5.37945e-07,1.6084e-07,0.129169,1.55478,1.71204e-05,0.145462,2.5587,8059.07,9259.07,not operable,RE_HIGH
1.29169,2.72508e-06,5.88644e-07,1.75998e-07,0.129169,1.70132,1.71204e-05,0.159172,2.5587,7692.88,8892.88,not operable,RE_HIGH
1.29169,2.98191e-06,6.44123e-07,1.92586e-07,0.129169,1.86166,1.71204e-05,0.174173,2.5587,7356.27,8556.27,not operable,RE_HIGH
1.29169,3.26295e-06,7.0483e-07,2.10736e-07,0.129169,2.03712,1.71204e-05,0.190589,2.5587,7046.5,8246.5,not operable,RE_HIGH
1.29169,3.57048e-06,7.71258e-07,2.30598e-07,0.129169,2.22911,1.71204e-05,0.208551,2.5587,6761.05,7961.05,not operable,RE_HIGH
1.29169,3.90698e-06,8.43947e-07,2.52331e-07,0.129169,2.4392,1.71204e-05,0.228206,2.5587,6497.61,7697.61,not operable,RE_HIGH
1.29169,4.27521e-06,9.23487e-07,2.76112e-07,0.129169,2.66909,1.71204e-05,0.249714,2.5587,6254.03,7454.03,not operable,RE_HIGH
1.29169,4.67814e-06,1.01052e-06,3.02135e-07,0.129169,2.92064,1.71204e-05,0.273249,2.5587,6028.35,7228.35,not operable,RE_HIGH
1.29169,5.11904e-06,1.10576e-06,3.30611e-07,0.129169,3.1959,1.71204e-05,0.299002,2.5587,5818.72,7018.72,not operable,RE_HIGH
1.29169,5.60149e-06,1.20998e-06,3.6177e-07,0.129169,3.49711,1.71204e-05,0.327182,2.5587,5623.45,6823.45,not operable,RE_HIGH
1.29169,6.12942e-06,1.32401e-06,3.95866e-07,0.129169,3.8267,1.71204e-05,0.358018,2.5587,5440.96,6640.96,not operable,RE_HIGH
1.29169,6.7071e-06,1.4488e-06,4.33175e-07,0.129169,4.18736,1.71204e-05,0.391761,2.5587,5269.75,6469.75,not operable,RE_HIGH
1.29169,7.33923e-06,1.58534e-06,4.74001e-07,0.129169,4.58201,1.71204e-05,0.428683,2.5587,5108.44,6308.44,not operable,RE_HIGH
1.29169,8.03093e-06,1.73476e-06,5.18674e-07,0.129169,5.01385,1.71204e-05,0.469085,2.5587,4955.73,6155.73,not operable,RE_HIGH
1.29169,8.78782e-06,1.89826e-06,5.67558e-07,0.129169,5.48639,1.71204e-05,0.513295,2.5587,4810.36,6010.36,not operable,RE_HIGH
1.29169,9.61605e-06,2.07716e-06,6.21048e-07,0.129169,6.00347,1.71204e-05,0.561672,2.5587,4671.17,5871.17,not operable,RE_HIGH
1.29169,1.05223e-05,2.27293e-06,6.79581e-07,0.129169,6.56928,1.71204e-05,0.614608,2.5587,4537.02,5737.02,not operable,RE_HIGH
1.29169,1.1514e-05,2.48715e-06,7.43629e-07,0.129169,7.18842,1.71204e-05,0.672533,2.5587,4406.82,5606.82,not operable,RE_HIGH
1.29169,1.25992e-05,2.72155e-06,8.13714e-07,0.129169,7.86591,1.71204e-05,0.735918,2.5587,4279.52,5479.52,not operable,RE_HIGH
1.29169,1.37867e-05,2.97805e-06,8.90405e-07,0.129169,8.60725,1.71204e-05,0.805276,2.5587,4154.08,5354.08,not operable,RE_HIGH
1.29169,1.5086e-05,3.25873e-06,9.74323e-07,0.129169,9.41846,1.71204e-05,0.881171,2.5587,4029.49,5229.49,not operable,RE_HIGH
1.29169,1.65078e-05,3.56585e-06,1.06615e-06,0.129169,10.3061,1.71204e-05,0.96422,2.5587,3904.72,5104.72,not operable,RE_HIGH
1.29169,1.80636e-05,3.90192e-06,1.16663e-06,0.129169,11.2774,1.71204e-05,1.05509,2.5587,3778.78,4978.78,marginal,RE_HIGH
1.29169,1.97661e-05,4.26967e-06,1.27658e-06,0.129169,12.3403,1.71204e-05,1.15453,2.5587,3650.64,4850.64,marginal,RE_HIGH
1.29169,2.1629e-05,4.67207e-06,1.3969e-06,0.129169,13.5034,1.71204e-05,1.26335,2.5587,3519.25,4719.25,marginal,RE_HIGH
1.29169,2.36675e-05,5.1124e-06,1.52855e-06,0.129169,14.776,1.71204e-05,1.38241,2.5587,3383.55,4583.55,marginal,RE_HIGH
1.29169,2.58981e-05,5.59424e-06,1.67262e-06,0.129169,16.1686,1.71204e-05,1.5127,2.5587,3242.45,4442.45,operable,RE_HIGH
1.29169,2.83389e-05,6.12148e-06,1.83025e-06,0.129169,17.6925,1.71204e-05,1.65527,2.5587,3094.78,4294.78,operable,RE_HIGH
1.29169,3.10098e-05,6.69841e-06,2.00275e-06,0.129169,19.3599,1.71204e-05,1.81128,2.5587,2939.37,4139.37,operable,RE_HIGH
1.29169,3.39323e-05,7.32972e-06,2.19151e-06,0.129169,21.1846,1.71204e-05,1.98198,2.5587,2774.93,3974.93,operable,RE_HIGH
1.29169,3.71304e-05,8.02052e-06,2.39805e-06,0.129169,23.1811,1.71204e-05,2.16878,2.5587,2600.15,3800.15,operable,RE_HIGH
1.29169,4.06298e-05,8.77644e-06,2.62406e-06,0.129169,25.3659,1.71204e-05,2.37318,2.5587,2413.59,3613.59,operable,RE_HIGH
1.29169,4.44591e-05,9.60359e-06,2.87137e-06,0.129169,27.7566,1.71204e-05,2.59685,2.5587,2213.75,3413.75,operable,RE_HIGH
1.29169,4.86492e-05,1.05087e-05,3.14199e-06,0.129169,30.3726,1.71204e-05,2.84159,2.5587,1999.01,3199.01,operable,RE_HIGH
1.29169,5.32343e-05,1.14991e-05,3.43811e-06,0.129169,33.2351,1.71204e-05,3.10941,2.5587,1767.61,2967.61,operable,RE_HIGH
1.29169,5.82515e-05,1.25829e-05,3.76215e-06,0.129169,36.3674,1.71204e-05,3.40246,2.5587,1517.69,2717.69,operable,RE_HIGH
1.29169,6.37415e-05,1.37688e-05,4.11672e-06,0.129169,39.7949,1.71204e-05,3.72313,2.5587,1247.21,2447.21,operable,RE_HIGH
1.29169,6.9749e-05,1.50665e-05,4.50471e-06,0.129169,43.5455,1.71204e-05,4.07403,2.5587,953.973,2153.97,operable,RE_HIGH
1.29169,7.63227e-05,1.64864e-05,4.92927e-06,0.129169,47.6496,1.71204e-05,4.45799,2.5587,635.607,1835.61,operable,RE_HIGH
1.29169,8.35159e-05,1.80402e-05,5.39384e-06,0.129169,52.1404,1.71204e-05,4.87815,2.5587,289.524,1489.52,operable,RE_HIGH
1.29169,9.1387e-05,1.97405e-05,5.90219e-06,0.129169,57.0545,1.71204e-05,5.3379,2.5587,-87.0849,1112.92,operable,RE_HIGH
1.29169,0.0001,2.1601e-05,6.45846e-06,0.129169,62.4317,1.71204e-05,5.84098,2.5587,-497.278,702.722,not operable,RE_HIGH;FLOODING
1.47138,2e-07,4.3202e-08,1.47138e-08,0.147138,0.142234,1.86735e-05,0.0107104,2.24622,60706.8,61906.8,not operable,VERY_THIN
1.47138,2.18849e-07,4.72736e-08,1.61006e-08,0.147138,0.155639,1.86735e-05,0.0117198,2.24622,55880.8,57080.8,not operable,VERY_THIN
1.47138,2.39475e-07,5.1729e-08,1.7618e-08,0.147138,0.170307,1.86735e-05,0.0128244,2.24622,51470.2,52670.2,not operable,VERY_THIN
1.47138,2.62045e-07,5.66044e-08,1.92784e-08,0.147138,0.186358,1.86735e-05,0.014033,2.24622,47439.3,48639.3,not operable,VERY_THIN
1.47138,2.86742e-07,6.19392e-08,2.10954e-08,0.147138,0.203922,1.86735e-05,0.0153556,2.24622,43755.5,44955.5,not operable,VERY_THIN
1.47138,3.13767e-07,6.77768e-08,2.30836e-08,0.147138,0.223141,1.86735e-05,0.0168028,2.24622,40388.6,41588.6,not operable,VERY_THIN
1.47138,3.43339e-07,7.41646e-08,2.52591e-08,0.147138,0.244172,1.86735e-05,0.0183865,2.24622,37311.5,38511.5,not operable,VERY_THIN
1.47138,3.75698e-07,8.11544e-08,2.76397e-08,0.147138,0.267184,1.86735e-05,0.0201193,2.24622,34499.1,35699.1,not operable,VERY_THIN
1.47138,4.11106e-07,8.8803e-08,3.02447e-08,0.147138,0.292365,1.86735e-05,0.0220155,2.24622,31928.7,33128.7,not operable,VERY_THIN
1.47138,4.49852e-07,9.71724e-08,3.30952e-08,0.147138,0.31992,1.86735e-05,0.0240904,2.24622,29579.3,30779.3,not operable,VERY_THIN
1.47138,4.92249e-07,1.06331e-07,3.62143e-08,0.147138,0.350072,1.86735e-05,0.0263609,2.24622,27431.9,28631.9,not operable,VERY_THIN
1.47138,5.38642e-07,1.16352e-07,3.96274e-08,0.147138,0.383065,1.86735e-05,0.0288453,2.24622,25469,26669,not operable,VERY_THIN
1.47138,5.89408e-07,1.27318e-07,4.33622e-08,0.147138,0.419168,1.86735e-05,0.0315639,2.24622,23674.8,24874.8,not operable,VERY_THIN
1.47138,6.44958e-07,1.39317e-07,4.7449e-08,0.147138,0.458673,1.86735e-05,0.0345388,2.24622,22034.6,23234.6,not operable,VERY_THIN
1.47138,7.05744e-07,1.52448e-07,5.19209e-08,0.147138,0.501902,1.86735e-05,0.0377939,2.24622,20535.2,21735.2,not operable,VERY_THIN
1.47138,7.72258e-07,1.66815e-07,5.68143e-08,0.147138,0.549205,1.86735e-05,0.0413559,2.24622,19164.3,20364.3,not operable,VERY_THIN
1.47138,8.45042e-07,1.82537e-07,6.21689e-08,0.147138,0.600966,1.86735e-05,0.0452536,2.24622,17910.8,19110.8,not operable,VERY_THIN
1.47138,9.24685e-07,1.99741e-07,6.80282e-08,0.147138,0.657606,1.86735e-05,0.0495186,2.24622,16764.6,17964.6,not operable,VERY_THIN
1.47138,1.01183e-06,2.18566e-07,7.44397e-08,0.147138,0.719583,1.86735e-05,0.0541856,2.24622,15716.4,16916.4,not operable,VERY_THIN
1.47138,1.1072e-06,2.39165e-07,8.14554e-08,0.147138,0.787402,1.86735e-05,0.0592925,2.24622,14757.6,15957.6,not operable,VERY_THIN
1.47138,1.21155e-06,2.61706e-07,8.91323e-08,0.147138,0.861613,1.86735e-05,0.0648807,2.24622,13880.5,15080.5,not operable,VERY_THIN
1.47138,1.32573e-06,2.86371e-07,9.75328e-08,0.147138,0.942817,1.86735e-05,0.0709955,2.24622,13078,14278,not operable,VERY_THIN
1.47138,1.45068e-06,3.13361e-07,1.06725e-07,0.147138,1.03168,1.86735e-05,0.0776866,2.24622,12343.5,13543.5,not operable,RE_HIGH;VERY_THIN
1.47138,1.5874e-06,3.42894e-07,1.16784e-07,0.147138,1.12891,1.86735e-05,0.0850084,2.24622,11671,12871,not operable,RE_HIGH;VERY_THIN
1.47138,1.73701e-06,3.75211e-07,1.2779e-07,0.147138,1.2353,1.86735e-05,0.0930202,2.24622,11055.2,12255.2,not operable,RE_HIGH;VERY_THIN
1.47138,1.90072e-06,4.10574e-07,1.39834e-07,0.147138,1.35173,1.86735e-05,0.101787,2.24622,10490.9,11690.9,not operable,RE_HIGH;VERY_THIN
1.47138,2.07986e-06,4.49269e-07,1.53013e-07,0.147138,1.47913,1.86735e-05,0.11138,2.24622,9973.75,11173.8,not operable,RE_HIGH
1.47138,2.27588e-06,4.91612e-07,1.67434e-07,0.147138,1.61853,1.86735e-05,0.121878,2.24622,9499.39,10699.4,not operable,RE_HIGH
1.47138,2.49037e-06,5.37945e-07,1.83214e-07,0.147138,1.77107,1.86735e-05,0.133364,2.24622,9064.02,10264,not operable,RE_HIGH
1.47138,2.72508e-06,5.88644e-07,2.00482e-07,0.147138,1.93799,1.86735e-05,0.145933,2.24622,8664.09,9864.09,not operable,RE_HIGH
1.47138,2.98191e-06,6.44123e-07,2.19377e-07,0.147138,2.12064,1.86735e-05,0.159687,2.24622,8296.37,9496.37,not operable,RE_HIGH
1.47138,3.26295e-06,7.0483e-07,2.40052e-07,0.147138,2.32051,1.86735e-05,0.174737,2.24622,7957.86,9157.86,not operable,RE_HIGH
1.47138,3.57048e-06,7.71258e-07,2.62677e-07,0.147138,2.53921,1.86735e-05,0.191206,2.24622,7645.82,8845.82,not operable,RE_HIGH
1.47138,3.90698e-06,8.43947e-07,2.87433e-07,0.147138,2.77852,1.86735e-05,0.209227,2.24622,7357.73,8557.73,not operable,RE_HIGH
1.47138,4.27521e-06,9.23487e-07,3.14523e-07,0.147138,3.04039,1.86735e-05,0.228946,2.24622,7091.23,8291.23,not operable,RE_HIGH
1.47138,4.67814e-06,1.01052e-06,3.44166e-07,0.147138,3.32694,1.86735e-05,0.250523,2.24622,6844.16,8044.16,not operable,RE_HIGH
1.47138,5.11904e-06,1.10576e-06,3.76603e-07,0.147138,3.64049,1.86735e-05,0.274134,2.24622,6614.53,7814.53,not operable,RE_HIGH
1.47138,5.60149e-06,1.20998e-06,4.12097e-07,0.147138,3.9836,1.86735e-05,0.299971,2.24622,6400.46,7600.46,not operable,RE_HIGH
1.47138,6.12942e-06,1.32401e-06,4.50936e-07,0.147138,4.35904,1.86735e-05,0.328242,2.24622,6200.22,7400.22,not operable,RE_HIGH
1.47138,6.7071e-06,1.4488e-06,4.93435e-07,0.147138,4.76987,1.86735e-05,0.359178,2.24622,6012.18,7212.18,not operable,RE_HIGH
1.47138,7.33923e-06,1.58534e-06,5.3994e-07,0.147138,5.21942,1.86735e-05,0.39303,2.24622,5834.82,7034.82,not operable,RE_HIGH
1.47138,8.03093e-06,1.73476e-06,5.90828e-07,0.147138,5.71134,1.86735e-05,0.430072,2.24622,5666.69,6866.69,not operable,RE_HIGH
1.47138,8.78782e-06,1.89826e-06,6.46512e-07,0.147138,6.24961,1.86735e-05,0.470605,2.24622,5506.44,6706.44,not operable,RE_HIGH
1.47138,9.61605e-06,2.07716e-06,7.07444e-07,0.147138,6.83862,1.86735e-05,0.514958,2.24622,5352.76,6552.76,not operable,RE_HIGH
1.47138,1.05223e-05,2.27293e-06,7.74119e-07,0.147138,7.48315,1.86735e-05,0.563492,2.24622,5204.4,6404.4,not operable,RE_HIGH
1.47138,1.1514e-05,2.48715e-06,8.47077e-07,0.147138,8.18841,1.86735e-05,0.616599,2.24622,5060.16,6260.16,not operable,RE_HIGH
1.47138,1.25992e-05,2.72155e-06,9.26912e-07,0.147138,8.96015,1.86735e-05,0.674712,2.24622,4918.86,6118.86,not operable,RE_HIGH
1.47138,1.37867e-05,2.97805e-06,1.01427e-06,0.147138,9.80462,1.86735e-05,0.738302,2.24622,4779.37,5979.37,not operable,RE_HIGH
1.47138,1.5086e-05,3.25873e-06,1.10986e-06,0.147138,10.7287,1.86735e-05,0.807885,2.24622,4640.55,5840.55,not operable,RE_HIGH
1.47138,1.65078e-05,3.56585e-06,1.21447e-06,0.147138,11.7398,1.86735e-05,0.884026,2.24622,4501.27,5701.27,not operable,RE_HIGH
1.47138,1.80636e-05,3.90192e-06,1.32893e-06,0.147138,12.8463,1.86735e-05,0.967343,2.24622,4360.4,5560.4,not operable,RE_HIGH
1.47138,1.97661e-05,4.26967e-06,1.45417e-06,0.147138,14.057,1.86735e-05,1.05851,2.24622,4216.8,5416.8,marginal,RE_HIGH
1.47138,2.1629e-05,4.67207e-06,1.59122e-06,0.147138,15.3818,1.86735e-05,1.15827,2.24622,4069.3,5269.3,marginal,RE_HIGH
1.47138,2.36675e-05,5.1124e-06,1.74119e-06,0.147138,16.8315,1.86735e-05,1.26744,2.24622,3916.71,5116.71,marginal,RE_HIGH
1.47138,2.58981e-05,5.59424e-06,1.9053e-06,0.147138,18.4179,1.86735e-05,1.38689,2.24622,3757.78,4957.78,marginal,RE_HIGH
1.47138,2.83389e-05,6.12148e-06,2.08487e-06,0.147138,20.1537,1.86735e-05,1.5176,2.24622,3591.23,4791.23,operable,RE_HIGH
1.47138,3.10098e-05,6.69841e-06,2.28136e-06,0.147138,22.0531,1.86735e-05,1.66063,2.24622,3415.7,4615.7,operable,RE_HIGH
1.47138,3.39323e-05,7.32972e-06,2.49637e-06,0.147138,24.1316,1.86735e-05,1.81714,2.24622,3229.77,4429.77,operable,RE_HIGH
1.47138,3.71304e-05,8.02052e-06,2.73165e-06,0.147138,26.4059,1.86735e-05,1.9884,2.24622,3031.94,4231.94,operable,RE_HIGH
1.47138,4.06298e-05,8.77644e-06,2.9891e-06,0.147138,28.8946,1.86735e-05,2.17581,2.24622,2820.58,4020.58,operable,RE_HIGH
1.47138,4.44591e-05,9.60359e-06,3.27081e-06,0.147138,31.6179,1.86735e-05,2.38087,2.24622,2594,3794,operable,RE_HIGH
1.47138,4.86492e-05,1.05087e-05,3.57908e-06,0.147138,34.5978,1.86735e-05,2.60526,2.24622,2350.34,3550.34,operable,RE_HIGH
1.47138,5.32343e-05,1.14991e-05,3.9164e-06,0.147138,37.8585,1.86735e-05,2.8508,2.24622,2087.63,3287.63,operable,RE_HIGH
1.47138,5.82515e-05,1.25829e-05,4.28551e-06,0.147138,41.4266,1.86735e-05,3.11948,2.24622,1803.75,3003.75,operable,RE_HIGH
1.47138,6.37415e-05,1.37688e-05,4.6894e-06,0.147138,45.3309,1.86735e-05,3.41348,2.24622,1496.37,2696.37,operable,RE_HIGH
1.47138,6.9749e-05,1.50665e-05,5.13137e-06,0.147138,49.6032,1.86735e-05,3.73519,2.24622,1163.02,2363.02,operable,RE_HIGH
1.47138,7.63227e-05,1.64864e-05,5.61499e-06,0.147138,54.2782,1.86735e-05,4.08722,2.24622,800.981,2000.98,operable,RE_HIGH
1.47138,8.35159e-05,1.80402e-05,6.14418e-06,0.147138,59.3938,1.86735e-05,4.47244,2.24622,407.315,1607.32,operable,RE_HIGH
1.47138,9.1387e-05,1.97405e-05,6.72326e-06,0.147138,64.9915,1.86735e-05,4.89395,2.24622,-21.1722,1178.83,operable,RE_HIGH
1.47138,0.0001,2.1601e-05,7.35691e-06,0.147138,71.1168,1.86735e-05,5.35519,2.24622,-487.959,712.041,not operable,RE_HIGH;FLOODING
1.67607,2e-07,4.3202e-08,1.67607e-08,0.167607,0.16202,2.03674e-05,0.00981961,1.97191,66524,67724,not operable,VERY_THIN
1.67607,2.18849e-07,4.72736e-08,1.83403e-08,0.167607,0.17729,2.03674e-05,0.0107451,1.97191,61260.2,62460.2,not operable,VERY_THIN
1.67607,2.39475e-07,5.1729e-08,2.00689e-08,0.167607,0.193999,2.03674e-05,0.0117578,1.97191,56449.5,57649.5,not operable,VERY_THIN
1.67607,2.62045e-07,5.66044e-08,2.19603e-08,0.167607,0.212283,2.03674e-05,0.0128659,1.97191,52052.9,53252.9,not operable,VERY_THIN
1.67607,2.86742e-07,6.19392e-08,2.403e-08,0.167607,0.23229,2.03674e-05,0.0140785,1.97191,48034.8,49234.8,not operable,VERY_THIN
1.67607,3.13767e-07,6.77768e-08,2.62948e-08,0.167607,0.254183,2.03674e-05,0.0154054,1.97191,44362.4,45562.4,not operable,VERY_THIN
1.67607,3.43339e-07,7.41646e-08,2.8773e-08,0.167607,0.278139,2.03674e-05,0.0168573,1.97191,41006.1,42206.1,not operable,VERY_THIN
1.67607,3.75698e-07,8.11544e-08,3.14848e-08,0.167607,0.304353,2.03674e-05,0.018446,1.97191,37938.5,39138.5,not operable,VERY_THIN
1.67607,4.11106e-07,8.8803e-08,3.44521e-08,0.167607,0.333037,2.03674e-05,0.0201845,1.97191,35134.8,36334.8,not operable,VERY_THIN
1.67607,4.49852e-07,9.71724e-08,3.76991e-08,0.167607,0.364425,2.03674e-05,0.0220868,1.97191,32572.2,33772.2,not operable,VERY_THIN
1.67607,4.92249e-07,1.06331e-07,4.12522e-08,0.167607,0.398771,2.03674e-05,0.0241685,1.97191,30229.9,31429.9,not operable,VERY_THIN
1.67607,5.38642e-07,1.16352e-07,4.51401e-08,0.167607,0.436354,2.03674e-05,0.0264463,1.97191,28088.8,29288.8,not operable,VERY_THIN
1.67607,5.89408e-07,1.27318e-07,4.93944e-08,0.167607,0.477479,2.03674e-05,0.0289388,1.97191,26131.7,27331.7,not operable,VERY_THIN
1.67607,6.44958e-07,1.39317e-07,5.40497e-08,0.167607,0.52248,2.03674e-05,0.0316662,1.97191,24342.6,25542.6,not operable,VERY_THIN
1.67607,7.05744e-07,1.52448e-07,5.91437e-08,0.167607,0.571723,2.03674e-05,0.0346506,1.97191,22707,23907,not operable,VERY_THIN
1.67607,7.72258e-07,1.66815e-07,6.47179e-08,0.167607,0.625606,2.03674e-05,0.0379164,1.97191,21211.6,22411.6,not operable,VERY_THIN
1.67607,8.45042e-07,1.82537e-07,7.08174e-08,0.167607,0.684568,2.03674e-05,0.0414899,1.97191,19844.2,21044.2,not operable,VERY_THIN
1.67607,9.24685e-07,1.99741e-07,7.74917e-08,0.167607,0.749087,2.03674e-05,0.0454002,1.97191,18593.9,19793.9,not operable,VERY_THIN
1.67607,1.01183e-06,2.18566e-07,8.47951e-08,0.167607,0.819686,2.03674e-05,0.049679,1.97191,17450.3,18650.3,not operable,VERY_THIN
1.67607,1.1072e-06,2.39165e-07,9.27868e-08,0.167607,0.896939,2.03674e-05,0.0543612,1.97191,16404.3,17604.3,not operable,VERY_THIN
1.67607,1.21155e-06,2.61706e-07,1.01532e-07,0.167607,0.981474,2.03674e-05,0.0594846,1.97191,15447.4,16647.4,not operable,VERY_THIN
1.67607,1.32573e-06,2.86371e-07,1.11101e-07,0.167607,1.07397,2.03674e-05,0.0650908,1.97191,14571.7,15771.7,not operable,RE_HIGH;VERY_THIN
1.67607,1.45068e-06,3.13361e-07,1.21572e-07,0.167607,1.17519,2.03674e-05,0.0712254,1.97191,13770.3,14970.3,not operable,RE_HIGH;VERY_THIN
1.67607,1.5874e-06,3.42894e-07,1.3303e-07,0.167607,1.28595,2.03674e-05,0.0779383,1.97191,13036.5,14236.5,not operable,RE_HIGH;VERY_THIN
1.67607,1.73701e-06,3.75211e-07,1.45567e-07,0.167607,1.40715,2.03674e-05,0.0852837,1.97191,12364.4,13564.4,not operable,RE_HIGH;VERY_THIN
1.67607,1.90072e-06,4.10574e-07,1.59287e-07,0.167607,1.53977,2.03674e-05,0.0933215,1.97191,11748.5,12948.5,not operable,RE_HIGH;VERY_THIN
1.67607,2.07986e-06,4.49269e-07,1.74299e-07,0.167607,1.68489,2.03674e-05,0.102117,1.97191,11184,12384,not operable,RE_HIGH
1.67607,2.27588e-06,4.91612e-07,1.90726e-07,0.167607,1.84369,2.03674e-05,0.111741,1.97191,10666.1,11866.1,not operable,RE_HIGH
1.67607,2.49037e-06,5.37945e-07,2.08702e-07,0.167607,2.01745,2.03674e-05,0.122272,1.97191,10190.7,11390.7,not operable,RE_HIGH
1.67607,2.72508e-06,5.88644e-07,2.28371e-07,0.167607,2.20759,2.03674e-05,0.133796,1.97191,9753.85,10953.9,not operable,RE_HIGH
1.67607,2.98191e-06,6.44123e-07,2.49895e-07,0.167607,2.41565,2.03674e-05,0.146406,1.97191,9352.11,10552.1,not operable,RE_HIGH
1.67607,3.26295e-06,7.0483e-07,2.73447e-07,0.167607,2.64332,2.03674e-05,0.160205,1.97191,8982.18,10182.2,not operable,RE_HIGH
1.67607,3.57048e-06,7.71258e-07,2.99218e-07,0.167607,2.89244,2.03674e-05,0.175303,1.97191,8641.05,9841.05,not operable,RE_HIGH
1.67607,3.90698e-06,8.43947e-07,3.27419e-07,0.167607,3.16505,2.03674e-05,0.191825,1.97191,8325.95,9525.95,not operable,RE_HIGH
1.67607,4.27521e-06,9.23487e-07,3.58277e-07,0.167607,3.46334,2.03674e-05,0.209904,1.97191,8034.33,9234.33,not operable,RE_HIGH
1.67607,4.67814e-06,1.01052e-06,3.92044e-07,0.167607,3.78976,2.03674e-05,0.229687,1.97191,7763.82,8963.82,not operable,RE_HIGH
1.67607,5.11904e-06,1.10576e-06,4.28993e-07,0.167607,4.14693,2.03674e-05,0.251335,1.97191,7512.23,8712.23,not operable,RE_HIGH
1.67607,5.60149e-06,1.20998e-06,4.69424e-07,0.167607,4.53777,2.03674e-05,0.275022,1.97191,7277.5,8477.5,not operable,RE_HIGH
1.67607,6.12942e-06,1.32401e-06,5.13666e-07,0.167607,4.96544,2.03674e-05,0.300942,1.97191,7057.74,8257.74,not operable,RE_HIGH
1.67607,6.7071e-06,1.4488e-06,5.62078e-07,0.167607,5.43342,2.03674e-05,0.329305,1.97191,6851.17,8051.17,not operable,RE_HIGH
1.67607,7.33923e-06,1.58534e-06,6.15052e-07,0.167607,5.94551,2.03674e-05,0.360342,1.97191,6656.1,7856.1,not operable,RE_HIGH
1.67607,8.03093e-06,1.73476e-06,6.73019e-07,0.167607,6.50585,2.03674e-05,0.394303,1.97191,6470.95,7670.95,not operable,RE_HIGH
1.67607,8.78782e-06,1.89826e-06,7.3645e-07,0.167607,7.11901,2.03674e-05,0.431465,1.97191,6294.21,7494.21,not operable,RE_HIGH
1.67607,9.61605e-06,2.07716e-06,8.05858e-07,0.167607,7.78996,2.03674e-05,0.472129,1.97191,6124.47,7324.47,not operable,RE_HIGH
1.67607,1.05223e-05,2.27293e-06,8.81808e-07,0.167607,8.52414,2.03674e-05,0.516626,1.97191,5960.33,7160.33,not operable,RE_HIGH
1.67607,1.1514e-05,2.48715e-06,9.64916e-07,0.167607,9.32752,2.03674e-05,0.565317,1.97191,5800.46,7000.46,not operable,RE_HIGH
1.67607,1.25992e-05,2.72155e-06,1.05586e-06,0.167607,10.2066,2.03674e-05,0.618596,1.97191,5643.57,6843.57,not operable,RE_HIGH
1.67607,1.37867e-05,2.97805e-06,1.15537e-06,0.167607,11.1686,2.03674e-05,0.676897,1.97191,5488.38,6688.38,not operable,RE_HIGH
1.67607,1.5086e-05,3.25873e-06,1.26426e-06,0.167607,12.2212,2.03674e-05,0.740693,1.97191,5333.63,6533.63,not operable,RE_HIGH
1.67607,1.65078e-05,3.56585e-06,1.38341e-06,0.167607,13.373,2.03674e-05,0.810502,1.97191,5178.07,6378.07,not operable,RE_HIGH
1.67607,1.80636e-05,3.90192e-06,1.5138e-06,0.167607,14.6334,2.03674e-05,0.886889,1.97191,5020.44,6220.44,not operable,RE_HIGH
1.67607,1.97661e-05,4.26967e-06,1.65647e-06,0.167607,16.0125,2.03674e-05,0.970476,1.97191,4859.44,6059.44,not operable,RE_HIGH
1.67607,2.1629e-05,4.67207e-06,1.81258e-06,0.167607,17.5216,2.03674e-05,1.06194,1.97191,4693.79,5893.79,marginal,RE_HIGH
1.67607,2.36675e-05,5.1124e-06,1.98342e-06,0.167607,19.173,2.03674e-05,1.16203,1.97191,4522.13,5722.13,marginal,RE_HIGH
1.67607,2.58981e-05,5.59424e-06,2.17035e-06,0.167607,20.98,2.03674e-05,1.27154,1.97191,4343.06,5543.06,marginal,RE_HIGH
1.67607,2.83389e-05,6.12148e-06,2.3749e-06,0.167607,22.9573,2.03674e-05,1.39138,1.97191,4155.15,5355.15,marginal,RE_HIGH
1.67607,3.10098e-05,6.69841e-06,2.59872e-06,0.167607,25.121,2.03674e-05,1.52252,1.97191,3956.85,5156.85,operable,RE_HIGH
1.67607,3.39323e-05,7.32972e-06,2.84365e-06,0.167607,27.4886,2.03674e-05,1.66601,1.97191,3746.56,4946.56,operable,RE_HIGH
1.67607,3.71304e-05,8.02052e-06,3.11165e-06,0.167607,30.0793,2.03674e-05,1.82303,1.97191,3522.58,4722.58,operable,RE_HIGH
1.67607,4.06298e-05,8.77644e-06,3.40492e-06,0.167607,32.9142,2.03674e-05,1.99484,1.97191,3283.08,4483.08,operable,RE_HIGH
1.67607,4.44591e-05,9.60359e-06,3.72582e-06,0.167607,36.0163,2.03674e-05,2.18285,1.97191,3026.12,4226.12,operable,RE_HIGH
1.67607,4.86492e-05,1.05087e-05,4.07697e-06,0.167607,39.4107,2.03674e-05,2.38858,1.97191,2749.62,3949.62,operable,RE_HIGH
1.67607,5.32343e-05,1.14991e-05,4.46122e-06,0.167607,43.1251,2.03674e-05,2.6137,1.97191,2451.33,3651.33,operable,RE_HIGH
1.67607,5.82515e-05,1.25829e-05,4.88167e-06,0.167607,47.1895,2.03674e-05,2.86003,1.97191,2128.83,3328.83,operable,RE_HIGH
1.67607,6.37415e-05,1.37688e-05,5.34176e-06,0.167607,51.637,2.03674e-05,3.12958,1.97191,1779.5,2979.5,operable,RE_HIGH
1.67607,6.9749e-05,1.50665e-05,5.8452e-06,0.167607,56.5036,2.03674e-05,3.42454,1.97191,1400.51,2600.51,operable,RE_HIGH
1.67607,7.63227e-05,1.64864e-05,6.3961e-06,0.167607,61.829,2.03674e-05,3.74729,1.97191,988.77,2188.77,operable,RE_HIGH
1.67607,8.35159e-05,1.80402e-05,6.99891e-06,0.167607,67.6562,2.03674e-05,4.10046,1.97191,540.952,1740.95,operable,RE_HIGH
1.67607,9.1387e-05,1.97405e-05,7.65854e-06,0.167607,74.0326,2.03674e-05,4.48692,1.97191,53.4162,1253.42,operable,RE_HIGH
1.67607,0.0001,2.1601e-05,8.38034e-06,0.167607,81.01,2.03674e-05,4.9098,1.97191,-477.795,722.205,not operable,RE_HIGH;FLOODING
1.90923,2e-07,4.3202e-08,1.90923e-08,0.190923,0.184559,2.2215e-05,0.00900291,1.73109,72904.6,74104.6,not operable,VERY_THIN
1.90923,2.18849e-07,4.72736e-08,2.08917e-08,0.190923,0.201953,2.2215e-05,0.00985141,1.73109,67163.2,68363.2,not operable,VERY_THIN
1.90923,2.39475e-07,5.1729e-08,2.28607e-08,0.190923,0.220987,2.2215e-05,0.0107799,1.73109,61916,63116,not operable,VERY_THIN
1.90923,2.62045e-07,5.66044e-08,2.50152e-08,0.190923,0.241814,2.2215e-05,0.0117959,1.73109,57120.5,58320.5,not operable,VERY_THIN
1.90923,2.86742e-07,6.19392e-08,2.73729e-08,0.190923,0.264604,2.2215e-05,0.0129076,1.73109,52737.8,53937.8,not operable,VERY_THIN
1.90923,3.13767e-07,6.77768e-08,2.99527e-08,0.190923,0.289543,2.2215e-05,0.0141241,1.73109,48732.3,49932.3,not operable,VERY_THIN
1.90923,3.43339e-07,7.41646e-08,3.27756e-08,0.190923,0.316831,2.2215e-05,0.0154553,1.73109,45071.4,46271.4,not operable,VERY_THIN
1.90923,3.75698e-07,8.11544e-08,3.58647e-08,0.190923,0.346692,2.2215e-05,0.0169119,1.73109,41725.4,42925.4,not operable,VERY_THIN
1.90923,4.11106e-07,8.8803e-08,3.92448e-08,0.190923,0.379367,2.2215e-05,0.0185058,1.73109,38667.3,39867.3,not operable,VERY_THIN
1.90923,4.49852e-07,9.71724e-08,4.29435e-08,0.190923,0.415121,2.2215e-05,0.0202499,1.73109,35872.1,37072.1,not operable,VERY_THIN
1.90923,4.92249e-07,1.06331e-07,4.69909e-08,0.190923,0.454245,2.2215e-05,0.0221584,1.73109,33317.2,34517.2,not operable,VERY_THIN
1.90923,5.38642e-07,1.16352e-07,5.14196e-08,0.190923,0.497056,2.2215e-05,0.0242468,1.73109,30981.8,32181.8,not operable,VERY_THIN
1.90923,5.89408e-07,1.27318e-07,5.62658e-08,0.190923,0.543903,2.2215e-05,0.0265319,1.73109,28847,30047,not operable,VERY_THIN
1.90923,6.44958e-07,1.39317e-07,6.15687e-08,0.190923,0.595164,2.2215e-05,0.0290325,1.73109,26895.4,28095.4,not operable,VERY_THIN
1.90923,7.05744e-07,1.52448e-07,6.73714e-08,0.190923,0.651257,2.2215e-05,0.0317688,1.73109,25111.2,26311.2,not operable,VERY_THIN
1.90923,7.72258e-07,1.66815e-07,7.37209e-08,0.190923,0.712636,2.2215e-05,0.0347629,1.73109,23479.9,24679.9,not operable,VERY_THIN
1.90923,8.45042e-07,1.82537e-07,8.06689e-08,0.190923,0.7798,2.2215e-05,0.0380392,1.73109,21988.4,23188.4,not operable,VERY_THIN
1.90923,9.24685e-07,1.99741e-07,8.82718e-08,0.190923,0.853294,2.2215e-05,0.0416243,1.73109,20624.3,21824.3,not operable,VERY_THIN
1.90923,1.01183e-06,2.18566e-07,9.65912e-08,0.190923,0.933715,2.2215e-05,0.0455472,1.73109,19376.8,20576.8,not operable,VERY_THIN
1.90923,1.1072e-06,2.39165e-07,1.05695e-07,0.190923,1.02171,2.2215e-05,0.04984,1.73109,18235.7,19435.7,not operable,RE_HIGH;VERY_THIN
1.90923,1.21155e-06,2.61706e-07,1.15656e-07,0.190923,1.11801,2.2215e-05,0.0545372,1.73109,17191.6,18391.6,not operable,RE_HIGH;VERY_THIN
1.90923,1.32573e-06,2.86371e-07,1.26556e-07,0.190923,1.22338,2.2215e-05,0.0596772,1.73109,16236.2,17436.2,not operable,RE_HIGH;VERY_THIN
1.90923,1.45068e-06,3.13361e-07,1.38484e-07,0.190923,1.33868,2.2215e-05,0.0653017,1.73109,15361.6,16561.6,not operable,RE_HIGH;VERY_THIN
1.90923,1.5874e-06,3.42894e-07,1.51536e-07,0.190923,1.46484,2.2215e-05,0.0714562,1.73109,14560.9,15760.9,not operable,RE_HIGH;VERY_THIN
1.90923,1.73701e-06,3.75211e-07,1.65818e-07,0.190923,1.6029,2.2215e-05,0.0781907,1.73109,13827.4,15027.4,not operable,RE_HIGH;VERY_THIN
1.90923,1.90072e-06,4.10574e-07,1.81445e-07,0.190923,1.75397,2.2215e-05,0.08556,1.73109,13155.2,14355.2,not operable,RE_HIGH;VERY_THIN
1.90923,2.07986e-06,4.49269e-07,1.98546e-07,0.190923,1.91928,2.2215e-05,0.0936238,1.73109,12538.9,13738.9,not operable,RE_HIGH
1.90923,2.27588e-06,4.91612e-07,2.17259e-07,0.190923,2.10017,2.2215e-05,0.102448,1.73109,11973.5,13173.5,not operable,RE_HIGH
1.90923,2.49037e-06,5.37945e-07,2.37735e-07,0.190923,2.2981,2.2215e-05,0.112103,1.73109,11454.3,12654.3,not operable,RE_HIGH
1.90923,2.72508e-06,5.88644e-07,2.6014e-07,0.190923,2.51469,2.2215e-05,0.122668,1.73109,10977.2,12177.2,not operable,RE_HIGH
1.90923,2.98191e-06,6.44123e-07,2.84658e-07,0.190923,2.75169,2.2215e-05,0.13423,1.73109,10538.2,11738.2,not operable,RE_HIGH
1.90923,3.26295e-06,7.0483e-07,3.11486e-07,0.190923,3.01103,2.2215e-05,0.14688,1.73109,10133.9,11333.9,not operable,RE_HIGH
1.90923,3.57048e-06,7.71258e-07,3.40843e-07,0.190923,3.29482,2.2215e-05,0.160723,1.73109,9760.94,10960.9,not operable,RE_HIGH
1.90923,3.90698e-06,8.43947e-07,3.72967e-07,0.190923,3.60534,2.2215e-05,0.175871,1.73109,9416.28,10616.3,not operable,RE_HIGH
1.90923,4.27521e-06,9.23487e-07,4.08118e-07,0.190923,3.94514,2.2215e-05,0.192447,1.73109,9097.13,10297.1,not operable,RE_HIGH
1.90923,4.67814e-06,1.01052e-06,4.46582e-07,0.190923,4.31696,2.2215e-05,0.210584,1.73109,8800.91,10000.9,not operable,RE_HIGH
1.90923,5.11904e-06,1.10576e-06,4.88671e-07,0.190923,4.72382,2.2215e-05,0.230431,1.73109,8525.2,9725.2,not operable,RE_HIGH
1.90923,5.60149e-06,1.20998e-06,5.34727e-07,0.190923,5.16903,2.2215e-05,0.252149,1.73109,8267.77,9467.77,not operable,RE_HIGH
1.90923,6.12942e-06,1.32401e-06,5.85123e-07,0.190923,5.65619,2.2215e-05,0.275913,1.73109,8026.54,9226.54,not operable,RE_HIGH
1.90923,6.7071e-06,1.4488e-06,6.4027e-07,0.190923,6.18927,2.2215e-05,0.301917,1.73109,7799.53,8999.53,not operable,RE_HIGH
1.90923,7.33923e-06,1.58534e-06,7.00614e-07,0.190923,6.7726,2.2215e-05,0.330372,1.73109,7584.92,8784.92,not operable,RE_HIGH
1.90923,8.03093e-06,1.73476e-06,7.66645e-07,0.190923,7.4109,2.2215e-05,0.361509,1.73109,7380.95,8580.95,not operable,RE_HIGH
1.90923,8.78782e-06,1.89826e-06,8.38899e-07,0.190923,8.10935,2.2215e-05,0.39558,1.73109,7185.98,8385.98,not operable,RE_HIGH
1.90923,9.61605e-06,2.07716e-06,9.17963e-07,0.190923,8.87364,2.2215e-05,0.432862,1.73109,6998.42,8198.42,not operable,RE_HIGH
1.90923,1.05223e-05,2.27293e-06,1.00448e-06,0.190923,9.70996,2.2215e-05,0.473659,1.73109,6816.74,8016.74,not operable,RE_HIGH
1.90923,1.1514e-05,2.48715e-06,1.09915e-06,0.190923,10.6251,2.2215e-05,0.5183,1.73109,6639.47,7839.47,not operable,RE_HIGH
1.90923,1.25992e-05,2.72155e-06,1.20274e-06,0.190923,11.6265,2.2215e-05,0.567148,1.73109,6465.18,7665.18,not operable,RE_HIGH
1.90923,1.37867e-05,2.97805e-06,1.31609e-06,0.190923,12.7222,2.2215e-05,0.6206,1.73109,6292.45,7492.45,not operable,RE_HIGH
1.90923,1.5086e-05,3.25873e-06,1.44013e-06,0.190923,13.9213,2.2215e-05,0.67909,1.73109,6119.87,7319.87,not operable,RE_HIGH
1.90923,1.65078e-05,3.56585e-06,1.57586e-06,0.190923,15.2333,2.2215e-05,0.743093,1.73109,5946.04,7146.04,not operable,RE_HIGH
1.90923,1.80636e-05,3.90192e-06,1.72438e-06,0.190923,16.669,2.2215e-05,0.813127,1.73109,5769.56,6969.56,not operable,RE_HIGH
1.90923,1.97661e-05,4.26967e-06,1.8869e-06,0.190923,18.24,2.2215e-05,0.889762,1.73109,5589,6789,not operable,RE_HIGH
1.90923,2.1629e-05,4.67207e-06,2.06474e-06,0.190923,19.9591,2.2215e-05,0.97362,1.73109,5402.87,6602.87,not operable,RE_HIGH
1.90923,2.36675e-05,5.1124e-06,2.25933e-06,0.190923,21.8402,2.2215e-05,1.06538,1.73109,5209.69,6409.69,marginal,RE_HIGH
1.90923,2.58981e-05,5.59424e-06,2.47227e-06,0.190923,23.8986,2.2215e-05,1.16579,1.73109,5007.87,6207.87,marginal,RE_HIGH
1.90923,2.83389e-05,6.12148e-06,2.70527e-06,0.190923,26.151,2.2215e-05,1.27566,1.73109,4795.77,5995.77,marginal,RE_HIGH
1.90923,3.10098e-05,6.69841e-06,2.96024e-06,0.190923,28.6156,2.2215e-05,1.39589,1.73109,4571.69,5771.69,marginal,RE_HIGH
1.90923,3.39323e-05,7.32972e-06,3.23923e-06,0.190923,31.3126,2.2215e-05,1.52745,1.73109,4333.79,5533.79,operable,RE_HIGH
1.90923,3.71304e-05,8.02052e-06,3.54452e-06,0.190923,34.2637,2.2215e-05,1.67141,1.73109,4080.15,5280.15,operable,RE_HIGH
1.90923,4.06298e-05,8.77644e-06,3.87858e-06,0.190923,37.493,2.2215e-05,1.82893,1.73109,3808.71,5008.71,operable,RE_HIGH
1.90923,4.44591e-05,9.60359e-06,4.24413e-06,0.190923,41.0266,2.2215e-05,2.00131,1.73109,3517.26,4717.26,operable,RE_HIGH
1.90923,4.86492e-05,1.05087e-05,4.64413e-06,0.190923,44.8932,2.2215e-05,2.18992,1.73109,3203.44,4403.44,operable,RE_HIGH
1.90923,5.32343e-05,1.14991e-05,5.08182e-06,0.190923,49.1243,2.2215e-05,2.39632,1.73109,2864.7,4064.7,operable,RE_HIGH
1.90923,5.82515e-05,1.25829e-05,5.56077e-06,0.190923,53.7541,2.2215e-05,2.62216,1.73109,2498.29,3698.29,operable,RE_HIGH
1.90923,6.37415e-05,1.37688e-05,6.08486e-06,0.190923,58.8203,2.2215e-05,2.8693,1.73109,2101.24,3301.24,operable,RE_HIGH
1.90923,6.9749e-05,1.50665e-05,6.65834e-06,0.190923,64.364,2.2215e-05,3.13972,1.73109,1670.32,2870.32,operable,RE_HIGH
1.90923,7.63227e-05,1.64864e-05,7.28588e-06,0.190923,70.4301,2.2215e-05,3.43563,1.73109,1202.04,2402.04,operable,RE_HIGH
1.90923,8.35159e-05,1.80402e-05,7.97255e-06,0.190923,77.068,2.2215e-05,3.75943,1.73109,692.591,1892.59,operable,RE_HIGH
1.90923,9.1387e-05,1.97405e-05,8.72394e-06,0.190923,84.3314,2.2215e-05,4.11375,1.73109,137.843,1337.84,operable,RE_HIGH
1.90923,0.0001,2.1601e-05,9.54615e-06,0.190923,92.2795,2.2215e-05,4.50146,1.73109,-466.71,733.29,not operable,RE_HIGH;FLOODING
2.17483,2e-07,4.3202e-08,2.17483e-08,0.217483,0.210233,2.42303e-05,0.00825414,1.51968,79904.5,81104.5,not operable,VERY_THIN
2.17483,2.18849e-07,4.72736e-08,2.3798e-08,0.217483,0.230047,2.42303e-05,0.00903207,1.51968,73642.2,74842.2,not operable,VERY_THIN
2.17483,2.39475e-07,5.1729e-08,2.60409e-08,0.217483,0.251729,2.42303e-05,0.00988332,1.51968,67919,69119,not operable,VERY_THIN
2.17483,2.62045e-07,5.66044e-08,2.84952e-08,0.217483,0.275453,2.42303e-05,0.0108148,1.51968,62688.4,63888.4,not operable,VERY_THIN
2.17483,2.86742e-07,6.19392e-08,3.11808e-08,0.217483,0.301414,2.42303e-05,0.0118341,1.51968,57908,59108,not operable,VERY_THIN
2.17483,3.13767e-07,6.77768e-08,3.41195e-08,0.217483,0.329822,2.42303e-05,0.0129494,1.51968,53539,54739,not operable,VERY_THIN
2.17483,3.43339e-07,7.41646e-08,3.73351e-08,0.217483,0.360906,2.42303e-05,0.0141698,1.51968,49545.9,50745.9,not operable,VERY_THIN
2.17483,3.75698e-07,8.11544e-08,4.08539e-08,0.217483,0.394921,2.42303e-05,0.0155053,1.51968,45896.4,47096.4,not operable,VERY_THIN
2.17483,4.11106e-07,8.8803e-08,4.47043e-08,0.217483,0.432141,2.42303e-05,0.0169666,1.51968,42560.7,43760.7,not operable,VERY_THIN
2.17483,4.49852e-07,9.71724e-08,4.89175e-08,0.217483,0.472869,2.42303e-05,0.0185657,1.51968,39511.8,40711.8,not operable,VERY_THIN
2.17483,4.92249e-07,1.06331e-07,5.35279e-08,0.217483,0.517436,2.42303e-05,0.0203155,1.51968,36725,37925,not operable,VERY_THIN
2.17483,5.38642e-07,1.16352e-07,5.85727e-08,0.217483,0.566203,2.42303e-05,0.0222302,1.51968,34177.6,35377.6,not operable,VERY_THIN
2.17483,5.89408e-07,1.27318e-07,6.4093e-08,0.217483,0.619566,2.42303e-05,0.0243253,1.51968,31848.9,33048.9,not operable,VERY_THIN
2.17483,6.44958e-07,1.39317e-07,7.01336e-08,0.217483,0.677958,2.42303e-05,0.0266179,1.51968,29720.1,30920.1,not operable,VERY_THIN
2.17483,7.05744e-07,1.52448e-07,7.67435e-08,0.217483,0.741854,2.42303e-05,0.0291266,1.51968,27773.9,28973.9,not operable,VERY_THIN
2.17483,7.72258e-07,1.66815e-07,8.39764e-08,0.217483,0.811772,2.42303e-05,0.0318717,1.51968,25994.4,27194.4,not operable,VERY_THIN
2.17483,8.45042e-07,1.82537e-07,9.1891e-08,0.217483,0.888279,2.42303e-05,0.0348755,1.51968,24367.3,25567.3,not operable,VERY_THIN
2.17483,9.24685e-07,1.99741e-07,1.00551e-07,0.217483,0.971997,2.42303e-05,0.0381624,1.51968,22879.3,24079.3,not operable,VERY_THIN
2.17483,1.01183e-06,2.18566e-07,1.10028e-07,0.217483,1.06361,2.42303e-05,0.0417591,1.51968,21518.3,22718.3,not operable,RE_HIGH;VERY_THIN
2.17483,1.1072e-06,2.39165e-07,1.20398e-07,0.217483,1.16385,2.42303e-05,0.0456948,1.51968,20273.3,21473.3,not operable,RE_HIGH;VERY_THIN
2.17483,1.21155e-06,2.61706e-07,1.31745e-07,0.217483,1.27354,2.42303e-05,0.0500014,1.51968,19134.2,20334.2,not operable,RE_HIGH;VERY_THIN
2.17483,1.32573e-06,2.86371e-07,1.44162e-07,0.217483,1.39356,2.42303e-05,0.0547139,1.51968,18091.7,19291.7,not operable,RE_HIGH;VERY_THIN
2.17483,1.45068e-06,3.13361e-07,1.57749e-07,0.217483,1.5249,2.42303e-05,0.0598705,1.51968,17137.4,18337.4,not operable,RE_HIGH;VERY_THIN
2.17483,1.5874e-06,3.42894e-07,1.72616e-07,0.217483,1.66862,2.42303e-05,0.0655132,1.51968,16263.6,17463.6,not operable,RE_HIGH;VERY_THIN
2.17483,1.73701e-06,3.75211e-07,1.88885e-07,0.217483,1.82589,2.42303e-05,0.0716876,1.51968,15463,16663,not operable,RE_HIGH;VERY_THIN
2.17483,1.90072e-06,4.10574e-07,2.06687e-07,0.217483,1.99797,2.42303e-05,0.078444,1.51968,14729.3,15929.3,not operable,RE_HIGH;VERY_THIN
2.17483,2.07986e-06,4.49269e-07,2.26166e-07,0.217483,2.18627,2.42303e-05,0.0858371,1.51968,14056.5,15256.5,not operable,RE_HIGH
2.17483,2.27588e-06,4.91612e-07,2.47482e-07,0.217483,2.39233,2.42303e-05,0.0939271,1.51968,13439.1,14639.1,not operable,RE_HIGH
2.17483,2.49037e-06,5.37945e-07,2.70806e-07,0.217483,2.6178,2.42303e-05,0.102779,1.51968,12872.1,14072.1,not operable,RE_HIGH
2.17483,2.72508e-06,5.88644e-07,2.96329e-07,0.217483,2.86452,2.42303e-05,0.112466,1.51968,12351,13551,not operable,RE_HIGH
2.17483,2.98191e-06,6.44123e-07,3.24257e-07,0.217483,3.13449,2.42303e-05,0.123066,1.51968,11871.4,13071.4,not operable,RE_HIGH
2.17483,3.26295e-06,7.0483e-07,3.54818e-07,0.217483,3.42991,2.42303e-05,0.134664,1.51968,11429.4,12629.4,not operable,RE_HIGH
2.17483,3.57048e-06,7.71258e-07,3.88259e-07,0.217483,3.75317,2.42303e-05,0.147356,1.51968,11021.6,12221.6,not operable,RE_HIGH
2.17483,3.90698e-06,8.43947e-07,4.24851e-07,0.217483,4.10689,2.42303e-05,0.161244,1.51968,10644.6,11844.6,not operable,RE_HIGH
2.17483,4.27521e-06,9.23487e-07,4.64892e-07,0.217483,4.49396,2.42303e-05,0.176441,1.51968,10295.2,11495.2,not operable,RE_HIGH
2.17483,4.67814e-06,1.01052e-06,5.08707e-07,0.217483,4.9175,2.42303e-05,0.19307,1.51968,9970.79,11170.8,not operable,RE_HIGH
2.17483,5.11904e-06,1.10576e-06,5.56651e-07,0.217483,5.38096,2.42303e-05,0.211266,1.51968,9668.61,10868.6,not operable,RE_HIGH
2.17483,5.60149e-06,1.20998e-06,6.09114e-07,0.217483,5.8881,2.42303e-05,0.231178,1.51968,9386.22,10586.2,not operable,RE_HIGH
2.17483,6.12942e-06,1.32401e-06,6.66521e-07,0.217483,6.44304,2.42303e-05,0.252965,1.51968,9121.35,10321.3,not operable,RE_HIGH
2.17483,6.7071e-06,1.4488e-06,7.29339e-07,0.217483,7.05028,2.42303e-05,0.276807,1.51968,8871.83,10071.8,not operable,RE_HIGH
2.17483,7.33923e-06,1.58534e-06,7.98077e-07,0.217483,7.71475,2.42303e-05,0.302895,1.51968,8635.65,9835.65,not operable,RE_HIGH
2.17483,8.03093e-06,1.73476e-06,8.73294e-07,0.217483,8.44184,2.42303e-05,0.331442,1.51968,8410.88,9610.88,not operable,RE_HIGH
2.17483,8.78782e-06,1.89826e-06,9.556e-07,0.217483,9.23747,2.42303e-05,0.36268,1.51968,8195.7,9395.7,not operable,RE_HIGH
2.17483,9.61605e-06,2.07716e-06,1.04566e-06,0.217483,10.1081,2.42303e-05,0.396861,1.51968,7988.36,9188.36,not operable,RE_HIGH
2.17483,1.05223e-05,2.27293e-06,1.14421e-06,0.217483,11.0607,2.42303e-05,0.434265,1.51968,7787.19,8987.19,not operable,RE_HIGH
2.17483,1.1514e-05,2.48715e-06,1.25205e-06,0.217483,12.1032,2.42303e-05,0.475193,1.51968,7590.55,8790.55,not operable,RE_HIGH
2.17483,1.25992e-05,2.72155e-06,1.37006e-06,0.217483,13.2439,2.42303e-05,0.519978,1.51968,7396.83,8596.83,not operable,RE_HIGH
2.17483,1.37867e-05,2.97805e-06,1.49918e-06,0.217483,14.4921,2.42303e-05,0.568985,1.51968,7204.48,8404.48,not operable,RE_HIGH
2.17483,1.5086e-05,3.25873e-06,1.64047e-06,0.217483,15.8579,2.42303e-05,0.62261,1.51968,7011.92,8211.92,not operable,RE_HIGH
2.17483,1.65078e-05,3.56585e-06,1.79508e-06,0.217483,17.3525,2.42303e-05,0.68129,1.51968,6817.6,8017.6,not operable,RE_HIGH
2.17483,1.80636e-05,3.90192e-06,1.96427e-06,0.217483,18.9879,2.42303e-05,0.7455,1.51968,6619.94,7819.94,not operable,RE_HIGH
2.17483,1.97661e-05,4.26967e-06,2.14939e-06,0.217483,20.7775,2.42303e-05,0.815761,1.51968,6417.33,7617.33,not operable,RE_HIGH
2.17483,2.1629e-05,4.67207e-06,2.35197e-06,0.217483,22.7357,2.42303e-05,0.892644,1.51968,6208.12,7408.12,not operable,RE_HIGH
2.17483,2.36675e-05,5.1124e-06,2.57363e-06,0.217483,24.8785,2.42303e-05,0.976774,1.51968,5990.63,7190.63,not operable,RE_HIGH
2.17483,2.58981e-05,5.59424e-06,2.81619e-06,0.217483,27.2232,2.42303e-05,1.06883,1.51968,5763.08,6963.08,marginal,RE_HIGH
2.17483,2.83389e-05,6.12148e-06,3.08161e-06,0.217483,29.7889,2.42303e-05,1.16957,1.51968,5523.63,6723.63,marginal,RE_HIGH
2.17483,3.10098e-05,6.69841e-06,3.37204e-06,0.217483,32.5964,2.42303e-05,1.2798,1.51968,5270.33,6470.33,marginal,RE_HIGH
2.17483,3.39323e-05,7.32972e-06,3.68985e-06,0.217483,35.6685,2.42303e-05,1.40041,1.51968,5001.13,6201.13,marginal,RE_HIGH
2.17483,3.71304e-05,8.02052e-06,4.03761e-06,0.217483,39.0302,2.42303e-05,1.5324,1.51968,4713.84,5913.84,operable,RE_HIGH
2.17483,4.06298e-05,8.77644e-06,4.41814e-06,0.217483,42.7087,2.42303e-05,1.67682,1.51968,4406.14,5606.14,operable,RE_HIGH
2.17483,4.44591e-05,9.60359e-06,4.83454e-06,0.217483,46.7339,2.42303e-05,1.83486,1.51968,4075.51,5275.51,operable,RE_HIGH
2.17483,4.86492e-05,1.05087e-05,5.29018e-06,0.217483,51.1384,2.42303e-05,2.00779,1.51968,3719.28,4919.28,operable,RE_HIGH
2.17483,5.32343e-05,1.14991e-05,5.78877e-06,0.217483,55.9581,2.42303e-05,2.19702,1.51968,3334.56,4534.56,operable,RE_HIGH
2.17483,5.82515e-05,1.25829e-05,6.33435e-06,0.217483,61.232,2.42303e-05,2.40408,1.51968,2918.23,4118.23,operable,RE_HIGH
2.17483,6.37415e-05,1.37688e-05,6.93134e-06,0.217483,67.003,2.42303e-05,2.63066,1.51968,2466.89,3666.89,operable,RE_HIGH
2.17483,6.9749e-05,1.50665e-05,7.5846e-06,0.217483,73.3178,2.42303e-05,2.87859,1.51968,1976.9,3176.9,operable,RE_HIGH
2.17483,7.63227e-05,1.64864e-05,8.29943e-06,0.217483,80.2278,2.42303e-05,3.14989,1.51968,1444.27,2644.27,operable,RE_HIGH
2.17483,8.35159e-05,1.80402e-05,9.08163e-06,0.217483,87.7891,2.42303e-05,3.44676,1.51968,864.682,2064.68,operable,RE_HIGH
2.17483,9.1387e-05,1.97405e-05,9.93755e-06,0.217483,96.063,2.42303e-05,3.77161,1.51968,233.427,1433.43,operable,RE_HIGH
2.17483,0.0001,2.1601e-05,1.08741e-05,0.217483,105.117,2.42303e-05,4.12707,1.51968,-454.618,745.382,not operable,RE_HIGH;FLOODING
2.47737,2e-07,4.3202e-08,2.47737e-08,0.247737,0.239479,2.64283e-05,0.00756765,1.33409,87585.6,88785.6,not operable,VERY_THIN
2.47737,2.18849e-07,4.72736e-08,2.71086e-08,0.247737,0.26205,2.64283e-05,0.00828088,1.33409,80755.1,81955.1,not operable,VERY_THIN
2.47737,2.39475e-07,5.1729e-08,2.96635e-08,0.247737,0.286747,2.64283e-05,0.00906133,1.33409,74512.6,75712.6,not operable,VERY_THIN
2.47737,2.62045e-07,5.66044e-08,3.24592e-08,0.247737,0.313772,2.64283e-05,0.00991534,1.33409,68807.5,70007.5,not operable,VERY_THIN
2.47737,2.86742e-07,6.19392e-08,3.55184e-08,0.247737,0.343344,2.64283e-05,0.0108498,1.33409,63593.4,64793.4,not operable,VERY_THIN
2.47737,3.13767e-07,6.77768e-08,3.88659e-08,0.247737,0.375704,2.64283e-05,0.0118724,1.33409,58827.9,60027.9,not operable,VERY_THIN
2.47737,3.43339e-07,7.41646e-08,4.25289e-08,0.247737,0.411113,2.64283e-05,0.0129913,1.33409,54472.5,55672.5,not operable,VERY_THIN
2.47737,3.75698e-07,8.11544e-08,4.65372e-08,0.247737,0.449859,2.64283e-05,0.0142157,1.33409,50491.8,51691.8,not operable,VERY_THIN
2.47737,4.11106e-07,8.8803e-08,5.09232e-08,0.247737,0.492257,2.64283e-05,0.0155555,1.33409,46853.3,48053.3,not operable,VERY_THIN
2.47737,4.49852e-07,9.71724e-08,5.57225e-08,0.247737,0.538651,2.64283e-05,0.0170216,1.33409,43527.7,44727.7,not operable,VERY_THIN
2.47737,4.92249e-07,1.06331e-07,6.09742e-08,0.247737,0.589418,2.64283e-05,0.0186258,1.33409,40487.9,41687.9,not operable,VERY_THIN
2.47737,5.38642e-07,1.16352e-07,6.67209e-08,0.247737,0.644969,2.64283e-05,0.0203813,1.33409,37709.3,38909.3,not operable,VERY_THIN
2.47737,5.89408e-07,1.27318e-07,7.30092e-08,0.247737,0.705755,2.64283e-05,0.0223022,1.33409,35169.2,36369.2,not operable,VERY_THIN
2.47737,6.44958e-07,1.39317e-07,7.98901e-08,0.247737,0.772271,2.64283e-05,0.0244041,1.33409,32847.1,34047.1,not operable,VERY_THIN
2.47737,7.05744e-07,1.52448e-07,8.74195e-08,0.247737,0.845055,2.64283e-05,0.0267041,1.33409,30724.1,31924.1,not operable,VERY_THIN
2.47737,7.72258e-07,1.66815e-07,9.56586e-08,0.247737,0.9247,2.64283e-05,0.0292209,1.33409,28782.9,29982.9,not operable,VERY_THIN
2.47737,8.45042e-07,1.82537e-07,1.04674e-07,0.247737,1.01185,2.64283e-05,0.0319749,1.33409,27007.9,28207.9,not operable,RE_HIGH;VERY_THIN
2.47737,9.24685e-07,1.99741e-07,1.14539e-07,0.247737,1.10721,2.64283e-05,0.0349884,1.33409,25384.6,26584.6,not operable,RE_HIGH;VERY_THIN
2.47737,1.01183e-06,2.18566e-07,1.25334e-07,0.247737,1.21157,2.64283e-05,0.038286,1.33409,23899.8,25099.8,not operable,RE_HIGH;VERY_THIN
2.47737,1.1072e-06,2.39165e-07,1.37147e-07,0.247737,1.32575,2.64283e-05,0.0418944,1.33409,22541.5,23741.5,not operable,RE_HIGH;VERY_THIN
2.47737,1.21155e-06,2.61706e-07,1.50073e-07,0.247737,1.4507,2.64283e-05,0.0458428,1.33409,21298.7,22498.7,not operable,RE_HIGH;VERY_THIN
2.47737,1.32573e-06,2.86371e-07,1.64217e-07,0.247737,1.58743,2.64283e-05,0.0501634,1.33409,20161.2,21361.2,not operable,RE_HIGH;VERY_THIN
2.47737,1.45068e-06,3.13361e-07,1.79694e-07,0.247737,1.73704,2.64283e-05,0.0548911,1.33409,19119.9,20319.9,not operable,RE_HIGH;VERY_THIN
2.47737,1.5874e-06,3.42894e-07,1.96629e-07,0.247737,1.90075,2.64283e-05,0.0600645,1.33409,18166.2,19366.2,not operable,RE_HIGH;VERY_THIN
2.47737,1.73701e-06,3.75211e-07,2.15161e-07,0.247737,2.07989,2.64283e-05,0.0657254,1.33409,17292.5,18492.5,not operable,RE_HIGH;VERY_THIN
2.47737,1.90072e-06,4.10574e-07,2.35439e-07,0.247737,2.27591,2.64283e-05,0.0719198,1.33409,16491.6,17691.6,not operable,RE_HIGH;VERY_THIN
2.47737,2.07986e-06,4.49269e-07,2.57629e-07,0.247737,2.49041,2.64283e-05,0.0786981,1.33409,15757.1,16957.1,not operable,RE_HIGH
2.47737,2.27588e-06,4.91612e-07,2.8191e-07,0.247737,2.72513,2.64283e-05,0.0861152,1.33409,15083,16283,not operable,RE_HIGH
2.47737,2.49037e-06,5.37945e-07,3.08479e-07,0.247737,2.98196,2.64283e-05,0.0942313,1.33409,14463.7,15663.7,not operable,RE_HIGH
2.47737,2.72508e-06,5.88644e-07,3.37552e-07,0.247737,3.26301,2.64283e-05,0.103112,1.33409,13894.4,15094.4,not operable,RE_HIGH
2.47737,2.98191e-06,6.44123e-07,3.69366e-07,0.247737,3.57053,2.64283e-05,0.11283,1.33409,13370.3,14570.3,not operable,RE_HIGH
2.47737,3.26295e-06,7.0483e-07,4.04177e-07,0.247737,3.90705,2.64283e-05,0.123464,1.33409,12887.2,14087.2,not operable,RE_HIGH
2.47737,3.57048e-06,7.71258e-07,4.4227e-07,0.247737,4.27528,2.64283e-05,0.135101,1.33409,12441.2,13641.2,not operable,RE_HIGH
2.47737,3.90698e-06,8.43947e-07,4.83953e-07,0.247737,4.67821,2.64283e-05,0.147833,1.33409,12028.7,13228.7,not operable,RE_HIGH
2.47737,4.27521e-06,9.23487e-07,5.29564e-07,0.247737,5.11912,2.64283e-05,0.161766,1.33409,11646.3,12846.3,not operable,RE_HIGH
2.47737,4.67814e-06,1.01052e-06,5.79474e-07,0.247737,5.60158,2.64283e-05,0.177012,1.33409,11290.9,12490.9,not operable,RE_HIGH
2.47737,5.11904e-06,1.10576e-06,6.34088e-07,0.247737,6.12952,2.64283e-05,0.193695,1.33409,10959.6,12159.6,not operable,RE_HIGH
2.47737,5.60149e-06,1.20998e-06,6.93849e-07,0.247737,6.70721,2.64283e-05,0.211951,1.33409,10649.8,11849.8,not operable,RE_HIGH
2.47737,6.12942e-06,1.32401e-06,7.59243e-07,0.247737,7.33935,2.64283e-05,0.231926,1.33409,10358.9,11558.9,not operable,RE_HIGH
2.47737,6.7071e-06,1.4488e-06,8.30799e-07,0.247737,8.03106,2.64283e-05,0.253785,1.33409,10084.6,11284.6,not operable,RE_HIGH
2.47737,7.33923e-06,1.58534e-06,9.091e-07,0.247737,8.78797,2.64283e-05,0.277703,1.33409,9824.57,11024.6,not operable,RE_HIGH
2.47737,8.03093e-06,1.73476e-06,9.9478e-07,0.247737,9.61621,2.64283e-05,0.303876,1.33409,9576.79,10776.8,not operable,RE_HIGH
2.47737,8.78782e-06,1.89826e-06,1.08854e-06,0.247737,10.5225,2.64283e-05,0.332516,1.33409,9339.22,10539.2,not operable,RE_HIGH
2.47737,9.61605e-06,2.07716e-06,1.19113e-06,0.247737,11.5142,2.64283e-05,0.363855,1.33409,9109.94,10309.9,not operable,RE_HIGH
2.47737,1.05223e-05,2.27293e-06,1.30339e-06,0.247737,12.5994,2.64283e-05,0.398147,1.33409,8887.08,10087.1,not operable,RE_HIGH
2.47737,1.1514e-05,2.48715e-06,1.42623e-06,0.247737,13.7869,2.64283e-05,0.435671,1.33409,8668.84,9868.84,not operable,RE_HIGH
2.47737,1.25992e-05,2.72155e-06,1.56065e-06,0.247737,15.0863,2.64283e-05,0.476732,1.33409,8453.44,9653.44,not operable,RE_HIGH
2.47737,1.37867e-05,2.97805e-06,1.70773e-06,0.247737,16.5081,2.64283e-05,0.521663,1.33409,8239.14,9439.14,not operable,RE_HIGH
2.47737,1.5086e-05,3.25873e-06,1.86868e-06,0.247737,18.0639,2.64283e-05,0.570828,1.33409,8024.19,9224.19,not operable,RE_HIGH
2.47737,1.65078e-05,3.56585e-06,2.0448e-06,0.247737,19.7664,2.64283e-05,0.624627,1.33409,7806.86,9006.86,not operable,RE_HIGH
2.47737,1.80636e-05,3.90192e-06,2.23752e-06,0.247737,21.6293,2.64283e-05,0.683497,1.33409,7585.37,8785.37,not operable,RE_HIGH
2.47737,1.97661e-05,4.26967e-06,2.4484e-06,0.247737,23.6679,2.64283e-05,0.747914,1.33409,7357.92,8557.92,not operable,RE_HIGH
2.47737,2.1629e-05,4.67207e-06,2.67915e-06,0.247737,25.8985,2.64283e-05,0.818403,1.33409,7122.68,8322.68,not operable,RE_HIGH
2.47737,2.36675e-05,5.1124e-06,2.93166e-06,0.247737,28.3394,2.64283e-05,0.895536,1.33409,6877.74,8077.74,not operable,RE_HIGH
2.47737,2.58981e-05,5.59424e-06,3.20796e-06,0.247737,31.0103,2.64283e-05,0.979938,1.33409,6621.09,7821.09,not operable,RE_HIGH
2.47737,2.83389e-05,6.12148e-06,3.5103e-06,0.247737,33.9329,2.64283e-05,1.07229,1.33409,6350.67,7550.67,marginal,RE_HIGH
2.47737,3.10098e-05,6.69841e-06,3.84114e-06,0.247737,37.131,2.64283e-05,1.17335,1.33409,6064.28,7264.28,marginal,RE_HIGH
2.47737,3.39323e-05,7.32972e-06,4.20315e-06,0.247737,40.6305,2.64283e-05,1.28394,1.33409,5759.58,6959.58,marginal,RE_HIGH
2.47737,3.71304e-05,8.02052e-06,4.59929e-06,0.247737,44.4598,2.64283e-05,1.40495,1.33409,5434.11,6634.11,marginal,RE_HIGH
2.47737,4.06298e-05,8.77644e-06,5.03276e-06,0.247737,48.65,2.64283e-05,1.53736,1.33409,5085.23,6285.23,marginal,RE_HIGH
2.47737,4.44591e-05,9.60359e-06,5.50708e-06,0.247737,53.2351,2.64283e-05,1.68225,1.33409,4710.1,5910.1,marginal,RE_HIGH
2.47737,4.86492e-05,1.05087e-05,6.02611e-06,0.247737,58.2524,2.64283e-05,1.8408,1.33409,4305.68,5505.68,marginal,RE_HIGH
2.47737,5.32343e-05,1.14991e-05,6.59406e-06,0.247737,63.7426,2.64283e-05,2.01429,1.33409,3868.69,5068.69,marginal,RE_HIGH
2.47737,5.82515e-05,1.25829e-05,7.21553e-06,0.247737,69.7501,2.64283e-05,2.20413,1.33409,3395.57,4595.57,marginal,RE_HIGH
2.47737,6.37415e-05,1.37688e-05,7.89557e-06,0.247737,76.3239,2.64283e-05,2.41187,1.33409,2882.5,4082.5,marginal,RE_HIGH
2.47737,6.9749e-05,1.50665e-05,8.63971e-06,0.247737,83.5172,2.64283e-05,2.63918,1.33409,2325.29,3525.29,marginal,RE_HIGH
2.47737,7.63227e-05,1.64864e-05,9.45398e-06,0.247737,91.3885,2.64283e-05,2.88792,1.33409,1719.44,2919.44,marginal,RE_HIGH
2.47737,8.35159e-05,1.80402e-05,1.0345e-05,0.247737,100.002,2.64283e-05,3.16009,1.33409,1060.01,2260.01,marginal,RE_HIGH
2.47737,9.1387e-05,1.97405e-05,1.132e-05,0.247737,109.427,2.64283e-05,3.45792,1.33409,341.667,1541.67,marginal,RE_HIGH
2.47737,0.0001,2.1601e-05,1.23869e-05,0.247737,119.74,2.64283e-05,3.78382,1.33409,-441.43,758.57,not operable,RE_HIGH;FLOODING
2.82201,2e-07,4.3202e-08,2.82201e-08,0.282201,0.272794,2.88257e-05,0.00693825,1.17117,96016,97216,not operable,VERY_THIN
2.82201,2.18849e-07,4.72736e-08,3.08797e-08,0.282201,0.298504,2.88257e-05,0.00759216,1.17117,88565.9,89765.9,not operable,VERY_THIN
2.82201,2.39475e-07,5.1729e-08,3.379e-08,0.282201,0.326637,2.88257e-05,0.0083077,1.17117,81757,82957,not operable,VERY_THIN
2.82201,2.62045e-07,5.66044e-08,3.69747e-08,0.282201,0.357422,2.88257e-05,0.00909068,1.17117,75534.2,76734.2,not operable,VERY_THIN
2.82201,2.86742e-07,6.19392e-08,4.04594e-08,0.282201,0.391108,2.88257e-05,0.00994746,1.17117,69847,71047,not operable,VERY_THIN
2.82201,3.13767e-07,6.77768e-08,4.42726e-08,0.282201,0.427969,2.88257e-05,0.010885,1.17117,64649.2,65849.2,not operable,VERY_THIN
2.82201,3.43339e-07,7.41646e-08,4.84452e-08,0.282201,0.468304,2.88257e-05,0.0119109,1.17117,59898.5,61098.5,not operable,VERY_THIN
2.82201,3.75698e-07,8.11544e-08,5.3011e-08,0.282201,0.51244,2.88257e-05,0.0130334,1.17117,55556.5,56756.5,not operable,VERY_THIN
2.82201,4.11106e-07,8.8803e-08,5.80072e-08,0.282201,0.560736,2.88257e-05,0.0142618,1.17117,51587.9,52787.9,not operable,VERY_THIN
2.82201,4.49852e-07,9.71724e-08,6.34742e-08,0.282201,0.613584,2.88257e-05,0.0156059,1.17117,47960.5,49160.5,not operable,VERY_THIN
2.82201,4.92249e-07,1.06331e-07,6.94565e-08,0.282201,0.671413,2.88257e-05,0.0170767,1.17117,44644.7,45844.7,not operable,VERY_THIN
2.82201,5.38642e-07,1.16352e-07,7.60026e-08,0.282201,0.734692,2.88257e-05,0.0186862,1.17117,41613.8,42813.8,not operable,VERY_THIN
2.82201,5.89408e-07,1.27318e-07,8.31656e-08,0.282201,0.803934,2.88257e-05,0.0204473,1.17117,38843.1,40043.1,not operable,VERY_THIN
2.82201,6.44958e-07,1.39317e-07,9.10038e-08,0.282201,0.879703,2.88257e-05,0.0223744,1.17117,36310,37510,not operable,VERY_THIN
2.82201,7.05744e-07,1.52448e-07,9.95806e-08,0.282201,0.962613,2.88257e-05,0.0244831,1.17117,33994.2,35194.2,not operable,VERY_THIN
2.82201,7.72258e-07,1.66815e-07,1.08966e-07,0.282201,1.05334,2.88257e-05,0.0267906,1.17117,31876.7,33076.7,not operable,RE_HIGH;VERY_THIN
2.82201,8.45042e-07,1.82537e-07,1.19236e-07,0.282201,1.15261,2.88257e-05,0.0293156,1.17117,29940.3,31140.3,not operable,RE_HIGH;VERY_THIN
2.82201,9.24685e-07,1.99741e-07,1.30473e-07,0.282201,1.26124,2.88257e-05,0.0320785,1.17117,28169.4,29369.4,not operable,RE_HIGH;VERY_THIN
2.82201,1.01183e-06,2.18566e-07,1.4277e-07,0.282201,1.38011,2.88257e-05,0.0351018,1.17117,26549.6,27749.6,not operable,RE_HIGH;VERY_THIN
2.82201,1.1072e-06,2.39165e-07,1.56226e-07,0.282201,1.51018,2.88257e-05,0.03841,1.17117,25067.7,26267.7,not operable,RE_HIGH;VERY_THIN
2.82201,1.21155e-06,2.61706e-07,1.7095e-07,0.282201,1.65251,2.88257e-05,0.0420301,1.17117,23711.6,24911.6,not operable,RE_HIGH;VERY_THIN
2.82201,1.32573e-06,2.86371e-07,1.87061e-07,0.282201,1.80826,2.88257e-05,0.0459913,1.17117,22470.5,23670.5,not operable,RE_HIGH;VERY_THIN
2.82201,1.45068e-06,3.13361e-07,2.04691e-07,0.282201,1.97868,2.88257e-05,0.0503259,1.17117,21334.1,22534.1,not operable,RE_HIGH;VERY_THIN
2.82201,1.5874e-06,3.42894e-07,2.23983e-07,0.282201,2.16517,2.88257e-05,0.0550689,1.17117,20293.4,21493.4,not operable,RE_HIGH;VERY_THIN
2.82201,1.73701e-06,3.75211e-07,2.45092e-07,0.282201,2.36923,2.88257e-05,0.060259,1.17117,19339.8,20539.8,not operable,RE_HIGH;VERY_THIN
2.82201,1.90072e-06,4.10574e-07,2.68192e-07,0.282201,2.59252,2.88257e-05,0.0659383,1.17117,18465.5,19665.5,not operable,RE_HIGH;VERY_THIN
2.82201,2.07986e-06,4.49269e-07,2.93468e-07,0.282201,2.83686,2.88257e-05,0.0721528,1.17117,17663.6,18863.6,not operable,RE_HIGH
2.82201,2.27588e-06,4.91612e-07,3.21127e-07,0.282201,3.10423,2.88257e-05,0.078953,1.17117,16927.5,18127.5,not operable,RE_HIGH
2.82201,2.49037e-06,5.37945e-07,3.51392e-07,0.282201,3.39679,2.88257e-05,0.0863941,1.17117,16251.1,17451.1,not operable,RE_HIGH
2.82201,2.72508e-06,5.88644e-07,3.8451e-07,0.282201,3.71693,2.88257e-05,0.0945365,1.17117,15629.1,16829.1,not operable,RE_HIGH
2.82201,2.98191e-06,6.44123e-07,4.20749e-07,0.282201,4.06724,2.88257e-05,0.103446,1.17117,15056.4,16256.4,not operable,RE_HIGH
2.82201,3.26295e-06,7.0483e-07,4.60403e-07,0.282201,4.45057,2.88257e-05,0.113196,1.17117,14528.3,15728.3,not operable,RE_HIGH
2.82201,3.57048e-06,7.71258e-07,5.03795e-07,0.282201,4.87002,2.88257e-05,0.123864,1.17117,14040.5,15240.5,not operable,RE_HIGH
2.82201,3.90698e-06,8.43947e-07,5.51277e-07,0.282201,5.32901,2.88257e-05,0.135538,1.17117,13589.1,14789.1,not operable,RE_HIGH
2.82201,4.27521e-06,9.23487e-07,6.03233e-07,0.282201,5.83125,2.88257e-05,0.148312,1.17117,13170.4,14370.4,not operable,RE_HIGH
2.82201,4.67814e-06,1.01052e-06,6.60086e-07,0.282201,6.38083,2.88257e-05,0.16229,1.17117,12781,13981,not operable,RE_HIGH
2.82201,5.11904e-06,1.10576e-06,7.22297e-07,0.282201,6.98221,2.88257e-05,0.177586,1.17117,12417.8,13617.8,not operable,RE_HIGH
2.82201,5.60149e-06,1.20998e-06,7.90372e-07,0.282201,7.64026,2.88257e-05,0.194323,1.17117,12077.8,13277.8,not operable,RE_HIGH
2.82201,6.12942e-06,1.32401e-06,8.64863e-07,0.282201,8.36034,2.88257e-05,0.212637,1.17117,11758.2,12958.2,not operable,RE_HIGH
2.82201,6.7071e-06,1.4488e-06,9.46374e-07,0.282201,9.14828,2.88257e-05,0.232678,1.17117,11456.5,12656.5,not operable,RE_HIGH
2.82201,7.33923e-06,1.58534e-06,1.03557e-06,0.282201,10.0105,2.88257e-05,0.254607,1.17117,11170.2,12370.2,not operable,RE_HIGH
2.82201,8.03093e-06,1.73476e-06,1.13317e-06,0.282201,10.9539,2.88257e-05,0.278603,1.17117,10896.9,12096.9,not operable,RE_HIGH
2.82201,8.78782e-06,1.89826e-06,1.23996e-06,0.282201,11.9863,2.88257e-05,0.304861,1.17117,10634.6,11834.6,not operable,RE_HIGH
2.82201,9.61605e-06,2.07716e-06,1.35683e-06,0.282201,13.116,2.88257e-05,0.333593,1.17117,10380.9,11580.9,not operable,RE_HIGH
2.82201,1.05223e-05,2.27293e-06,1.4847e-06,0.282201,14.3521,2.88257e-05,0.365033,1.17117,10133.9,11333.9,not operable,RE_HIGH
2.82201,1.1514e-05,2.48715e-06,1.62463e-06,0.282201,15.7048,2.88257e-05,0.399437,1.17117,9891.6,11091.6,not operable,RE_HIGH
2.82201,1.25992e-05,2.72155e-06,1.77775e-06,0.282201,17.1849,2.88257e-05,0.437082,1.17117,9651.98,10852,not operable,RE_HIGH
2.82201,1.37867e-05,2.97805e-06,1.9453e-06,0.282201,18.8046,2.88257e-05,0.478276,1.17117,9413.11,10613.1,not operable,RE_HIGH
2.82201,1.5086e-05,3.25873e-06,2.12864e-06,0.282201,20.5769,2.88257e-05,0.523353,1.17117,9173.05,10373.1,not operable,RE_HIGH
2.82201,1.65078e-05,3.56585e-06,2.32926e-06,0.282201,22.5162,2.88257e-05,0.572677,1.17117,8929.86,10129.9,not operable,RE_HIGH
2.82201,1.80636e-05,3.90192e-06,2.54878e-06,0.282201,24.6383,2.88257e-05,0.62665,1.17117,8681.57,9881.57,not operable,RE_HIGH
2.82201,1.97661e-05,4.26967e-06,2.789e-06,0.282201,26.9603,2.88257e-05,0.685711,1.17117,8426.14,9626.14,not operable,RE_HIGH
2.82201,2.1629e-05,4.67207e-06,3.05186e-06,0.282201,29.5013,2.88257e-05,0.750337,1.17117,8161.52,9361.52,not operable,RE_HIGH
2.82201,2.36675e-05,5.1124e-06,3.33949e-06,0.282201,32.2817,2.88257e-05,0.821054,1.17117,7885.56,9085.56,not operable,RE_HIGH
2.82201,2.58981e-05,5.59424e-06,3.65422e-06,0.282201,35.3242,2.88257e-05,0.898436,1.17117,7596,8796,not operable,RE_HIGH
2.82201,2.83389e-05,6.12148e-06,3.99863e-06,0.282201,38.6534,2.88257e-05,0.983112,1.17117,7290.52,8490.52,not operable,RE_HIGH
2.82201,3.10098e-05,6.69841e-06,4.37549e-06,0.282201,42.2964,2.88257e-05,1.07577,1.17117,6966.61,8166.61,marginal,RE_HIGH
2.82201,3.39323e-05,7.32972e-06,4.78786e-06,0.282201,46.2827,2.88257e-05,1.17716,1.17117,6621.66,7821.66,marginal,RE_HIGH
2.82201,3.71304e-05,8.02052e-06,5.23911e-06,0.282201,50.6447,2.88257e-05,1.2881,1.17117,6252.86,7452.86,marginal,RE_HIGH
2.82201,4.06298e-05,8.77644e-06,5.73288e-06,0.282201,55.4178,2.88257e-05,1.4095,1.17117,5857.23,7057.23,marginal,RE_HIGH
2.82201,4.44591e-05,9.60359e-06,6.27319e-06,0.282201,60.6408,2.88257e-05,1.54234,1.17117,5431.54,6631.54,marginal,RE_HIGH
2.82201,4.86492e-05,1.05087e-05,6.86442e-06,0.282201,66.356,2.88257e-05,1.6877,1.17117,4972.35,6172.35,marginal,RE_HIGH
2.82201,5.32343e-05,1.14991e-05,7.51137e-06,0.282201,72.6099,2.88257e-05,1.84676,1.17117,4475.92,5675.92,marginal,RE_HIGH
2.82201,5.82515e-05,1.25829e-05,8.2193e-06,0.282201,79.4532,2.88257e-05,2.02082,1.17117,3938.23,5138.23,marginal,RE_HIGH
2.82201,6.37415e-05,1.37688e-05,8.99395e-06,0.282201,86.9415,2.88257e-05,2.21127,1.17117,3354.91,4554.91,marginal,RE_HIGH
2.82201,6.9749e-05,1.50665e-05,9.8416e-06,0.282201,95.1355,2.88257e-05,2.41968,1.17117,2721.23,3921.23,marginal,RE_HIGH
2.82201,7.63227e-05,1.64864e-05,1.07691e-05,0.282201,104.102,2.88257e-05,2.64773,1.17117,2032.04,3232.04,marginal,RE_HIGH
2.82201,8.35159e-05,1.80402e-05,1.17841e-05,0.282201,113.913,2.88257e-05,2.89727,1.17117,1281.75,2481.75,marginal,RE_HIGH
2.82201,9.1387e-05,1.97405e-05,1.28947e-05,0.282201,124.649,2.88257e-05,3.17033,1.17117,464.267,1664.27,marginal,RE_HIGH
2.82201,0.0001,2.1601e-05,1.411e-05,0.282201,136.397,2.88257e-05,3.46913,1.17117,-427.046,772.954,not operable,RE_HIGH;FLOODING
3.21458,2e-07,4.3202e-08,3.21458e-08,0.321458,0.310743,3.14406e-05,0.0063612,1.02814,105271,106471,not operable,VERY_THIN
3.21458,2.18849e-07,4.72736e-08,3.51755e-08,0.321458,0.340029,3.14406e-05,0.00696072,1.02814,97145.1,98345.1,not operable,VERY_THIN
3.21458,2.39475e-07,5.1729e-08,3.84907e-08,0.321458,0.372076,3.14406e-05,0.00761675,1.02814,89718.5,90918.5,not operable,VERY_THIN
3.21458,2.62045e-07,5.66044e-08,4.21183e-08,0.321458,0.407144,3.14406e-05,0.00833461,1.02814,82931.1,84131.1,not operable,VERY_THIN
3.21458,2.86742e-07,6.19392e-08,4.60878e-08,0.321458,0.445516,3.14406e-05,0.00912013,1.02814,76727.8,77927.8,not operable,VERY_THIN
3.21458,3.13767e-07,6.77768e-08,5.04315e-08,0.321458,0.487504,3.14406e-05,0.00997968,1.02814,71058.4,72258.4,not operable,VERY_THIN
3.21458,3.43339e-07,7.41646e-08,5.51845e-08,0.321458,0.53345,3.14406e-05,0.0109202,1.02814,65876.6,67076.6,not operable,VERY_THIN
3.21458,3.75698e-07,8.11544e-08,6.03855e-08,0.321458,0.583727,3.14406e-05,0.0119494,1.02814,61140.6,62340.6,not operable,VERY_THIN
3.21458,4.11106e-07,8.8803e-08,6.60767e-08,0.321458,0.638742,3.14406e-05,0.0130756,1.02814,56811.8,58011.8,not operable,VERY_THIN
3.21458,4.49852e-07,9.71724e-08,7.23043e-08,0.321458,0.698941,3.14406e-05,0.014308,1.02814,52855.1,54055.1,not operable,VERY_THIN
3.21458,4.92249e-07,1.06331e-07,7.91187e-08,0.321458,0.764815,3.14406e-05,0.0156565,1.02814,49238.3,50438.3,not operable,VERY_THIN
3.21458,5.38642e-07,1.16352e-07,8.65755e-08,0.321458,0.836896,3.14406e-05,0.0171321,1.02814,45932.2,47132.2,not operable,VERY_THIN
3.21458,5.89408e-07,1.27318e-07,9.4735e-08,0.321458,0.915772,3.14406e-05,0.0187467,1.02814,42909.9,44109.9,not operable,VERY_THIN
3.21458,6.44958e-07,1.39317e-07,1.03664e-07,0.321458,1.00208,3.14406e-05,0.0205135,1.02814,40146.8,41346.8,not operable,RE_HIGH;VERY_THIN
3.21458,7.05744e-07,1.52448e-07,1.13434e-07,0.321458,1.09652,3.14406e-05,0.0224469,1.02814,37620.6,38820.6,not operable,RE_HIGH;VERY_THIN
3.21458,7.72258e-07,1.66815e-07,1.24124e-07,0.321458,1.19987,3.14406e-05,0.0245624,1.02814,35310.7,36510.7,not operable,RE_HIGH;VERY_THIN
3.21458,8.45042e-07,1.82537e-07,1.35823e-07,0.321458,1.31295,3.14406e-05,0.0268774,1.02814,33198.3,34398.3,not operable,RE_HIGH;VERY_THIN
3.21458,9.24685e-07,1.99741e-07,1.48624e-07,0.321458,1.4367,3.14406e-05,0.0294105,1.02814,31266.4,32466.4,not operable,RE_HIGH;VERY_THIN
3.21458,1.01183e-06,2.18566e-07,1.62631e-07,0.321458,1.5721,3.14406e-05,0.0321824,1.02814,29499.1,30699.1,not operable,RE_HIGH;VERY_THIN
3.21458,1.1072e-06,2.39165e-07,1.77959e-07,0.321458,1.72027,3.14406e-05,0.0352155,1.02814,27882.3,29082.3,not operable,RE_HIGH;VERY_THIN
3.21458,1.21155e-06,2.61706e-07,1.94731e-07,0.321458,1.8824,3.14406e-05,0.0385344,1.02814,26402.8,27602.8,not operable,RE_HIGH;VERY_THIN
3.21458,1.32573e-06,2.86371e-07,2.13084e-07,0.321458,2.05981,3.14406e-05,0.0421662,1.02814,25048.5,26248.5,not operable,RE_HIGH;VERY_THIN
3.21458,1.45068e-06,3.13361e-07,2.33166e-07,0.321458,2.25394,3.14406e-05,0.0461403,1.02814,23808.4,25008.4,not operable,RE_HIGH;VERY_THIN
3.21458,1.5874e-06,3.42894e-07,2.55141e-07,0.321458,2.46637,3.14406e-05,0.0504889,1.02814,22672.6,23872.6,not operable,RE_HIGH;VERY_THIN
3.21458,1.73701e-06,3.75211e-07,2.79188e-07,0.321458,2.69882,3.14406e-05,0.0552473,1.02814,21631.7,22831.7,not operable,RE_HIGH;VERY_THIN
3.21458,1.90072e-06,4.10574e-07,3.05501e-07,0.321458,2.95317,3.14406e-05,0.0604542,1.02814,20677.4,21877.4,not operable,RE_HIGH;VERY_THIN
3.21458,2.07986e-06,4.49269e-07,3.34293e-07,0.321458,3.2315,3.14406e-05,0.0661519,1.02814,19801.8,21001.8,not operable,RE_HIGH
3.21458,2.27588e-06,4.91612e-07,3.65799e-07,0.321458,3.53606,3.14406e-05,0.0723865,1.02814,18998,20198,not operable,RE_HIGH
3.21458,2.49037e-06,5.37945e-07,4.00275e-07,0.321458,3.86933,3.14406e-05,0.0792088,1.02814,18259.2,19459.2,not operable,RE_HIGH
3.21458,2.72508e-06,5.88644e-07,4.38e-07,0.321458,4.234,3.14406e-05,0.086674,1.02814,17579.6,18779.6,not operable,RE_HIGH
3.21458,2.98191e-06,6.44123e-07,4.7928e-07,0.321458,4.63304,3.14406e-05,0.0948428,1.02814,16953.7,18153.7,not operable,RE_HIGH
3.21458,3.26295e-06,7.0483e-07,5.24451e-07,0.321458,5.06969,3.14406e-05,0.103781,1.02814,16376.3,17576.3,not operable,RE_HIGH
3.21458,3.57048e-06,7.71258e-07,5.73879e-07,0.321458,5.5475,3.14406e-05,0.113563,1.02814,15842.7,17042.7,not operable,RE_HIGH
3.21458,3.90698e-06,8.43947e-07,6.27966e-07,0.321458,6.07034,3.14406e-05,0.124266,1.02814,15348.7,16548.7,not operable,RE_HIGH
3.21458,4.27521e-06,9.23487e-07,6.8715e-07,0.321458,6.64245,3.14406e-05,0.135977,1.02814,14890.2,16090.2,not operable,RE_HIGH
3.21458,4.67814e-06,1.01052e-06,7.51912e-07,0.321458,7.26848,3.14406e-05,0.148793,1.02814,14463.6,15663.6,not operable,RE_HIGH
3.21458,5.11904e-06,1.10576e-06,8.22778e-07,0.321458,7.95352,3.14406e-05,0.162816,1.02814,14065.2,15265.2,not operable,RE_HIGH
3.21458,5.60149e-06,1.20998e-06,9.00323e-07,0.321458,8.70312,3.14406e-05,0.178161,1.02814,13692,14892,not operable,RE_HIGH
3.21458,6.12942e-06,1.32401e-06,9.85176e-07,0.321458,9.52336,3.14406e-05,0.194952,1.02814,13340.8,14540.8,not operable,RE_HIGH
3.21458,6.7071e-06,1.4488e-06,1.07803e-06,0.321458,10.4209,3.14406e-05,0.213326,1.02814,13008.9,14208.9,not operable,RE_HIGH
3.21458,7.33923e-06,1.58534e-06,1.17963e-06,0.321458,11.4031,3.14406e-05,0.233431,1.02814,12693.5,13893.5,not operable,RE_HIGH
3.21458,8.03093e-06,1.73476e-06,1.2908e-06,0.321458,12.4778,3.14406e-05,0.255432,1.02814,12392.1,13592.1,not operable,RE_HIGH
3.21458,8.78782e-06,1.89826e-06,1.41246e-06,0.321458,13.6538,3.14406e-05,0.279505,1.02814,12102.2,13302.2,not operable,RE_HIGH
3.21458,9.61605e-06,2.07716e-06,1.54558e-06,0.321458,14.9406,3.14406e-05,0.305848,1.02814,11821.4,13021.4,not operable,RE_HIGH
3.21458,1.05223e-05,2.27293e-06,1.69125e-06,0.321458,16.3487,3.14406e-05,0.334673,1.02814,11547.6,12747.6,not operable,RE_HIGH
3.21458,1.1514e-05,2.48715e-06,1.85064e-06,0.321458,17.8895,3.14406e-05,0.366216,1.02814,11278.4,12478.4,not operable,RE_HIGH
3.21458,1.25992e-05,2.72155e-06,2.02506e-06,0.321458,19.5756,3.14406e-05,0.40073,1.02814,11011.7,12211.7,not operable,RE_HIGH
3.21458,1.37867e-05,2.97805e-06,2.21592e-06,0.321458,21.4205,3.14406e-05,0.438498,1.02814,10745.3,11945.3,not operable,RE_HIGH
3.21458,1.5086e-05,3.25873e-06,2.42476e-06,0.321458,23.4393,3.14406e-05,0.479825,1.02814,10477.1,11677.1,not operable,RE_HIGH
3.21458,1.65078e-05,3.56585e-06,2.65329e-06,0.321458,25.6484,3.14406e-05,0.525048,1.02814,10204.9,11404.9,not operable,RE_HIGH
3.21458,1.80636e-05,3.90192e-06,2.90335e-06,0.321458,28.0657,3.14406e-05,0.574532,1.02814,9926.41,11126.4,not operable,RE_HIGH
3.21458,1.97661e-05,4.26967e-06,3.17699e-06,0.321458,30.7109,3.14406e-05,0.62868,1.02814,9639.44,10839.4,not operable,RE_HIGH
3.21458,2.1629e-05,4.67207e-06,3.47641e-06,0.321458,33.6053,3.14406e-05,0.687932,1.02814,9341.66,10541.7,not operable,RE_HIGH
3.21458,2.36675e-05,5.1124e-06,3.80405e-06,0.321458,36.7725,3.14406e-05,0.752767,1.02814,9030.63,10230.6,not operable,RE_HIGH
3.21458,2.58981e-05,5.59424e-06,4.16257e-06,0.321458,40.2382,3.14406e-05,0.823714,1.02814,8703.85,9903.85,not operable,RE_HIGH
3.21458,2.83389e-05,6.12148e-06,4.55488e-06,0.321458,44.0305,3.14406e-05,0.901347,1.02814,8358.65,9558.65,not operable,RE_HIGH
3.21458,3.10098e-05,6.69841e-06,4.98417e-06,0.321458,48.1803,3.14406e-05,0.986296,1.02814,7992.23,9192.23,not operable,RE_HIGH
3.21458,3.39323e-05,7.32972e-06,5.45391e-06,0.321458,52.7212,3.14406e-05,1.07925,1.02814,7601.61,8801.61,marginal,RE_HIGH
3.21458,3.71304e-05,8.02052e-06,5.96793e-06,0.321458,57.69,3.14406e-05,1.18097,1.02814,7183.64,8383.64,marginal,RE_HIGH
3.21458,4.06298e-05,8.77644e-06,6.53039e-06,0.321458,63.1271,3.14406e-05,1.29227,1.02814,6734.91,7934.91,marginal,RE_HIGH
3.21458,4.44591e-05,9.60359e-06,7.14586e-06,0.321458,69.0767,3.14406e-05,1.41407,1.02814,6251.78,7451.78,marginal,RE_HIGH
3.21458,4.86492e-05,1.05087e-05,7.81934e-06,0.321458,75.587,3.14406e-05,1.54734,1.02814,5730.33,6930.33,marginal,RE_HIGH
3.21458,5.32343e-05,1.14991e-05,8.5563e-06,0.321458,82.7109,3.14406e-05,1.69317,1.02814,5166.32,6366.32,marginal,RE_HIGH
3.21458,5.82515e-05,1.25829e-05,9.3627e-06,0.321458,90.5061,3.14406e-05,1.85275,1.02814,4555.19,5755.19,marginal,RE_HIGH
3.21458,6.37415e-05,1.37688e-05,1.02451e-05,0.321458,99.0361,3.14406e-05,2.02736,1.02814,3891.96,5091.96,marginal,RE_HIGH
3.21458,6.9749e-05,1.50665e-05,1.12107e-05,0.321458,108.37,3.14406e-05,2.21844,1.02814,3171.26,4371.26,marginal,RE_HIGH
3.21458,7.63227e-05,1.64864e-05,1.22673e-05,0.321458,118.584,3.14406e-05,2.42752,1.02814,2387.22,3587.22,marginal,RE_HIGH
3.21458,8.35159e-05,1.80402e-05,1.34234e-05,0.321458,129.76,3.14406e-05,2.65631,1.02814,1533.5,2733.5,marginal,RE_HIGH
3.21458,9.1387e-05,1.97405e-05,1.46885e-05,0.321458,141.989,3.14406e-05,2.90665,1.02814,603.16,1803.16,marginal,RE_HIGH
3.21458,0.0001,2.1601e-05,1.60729e-05,0.321458,155.371,3.14406e-05,3.1806,1.02814,-411.356,788.644,not operable,RE_HIGH;FLOODING
3.66177,2e-07,4.3202e-08,3.66177e-08,0.366177,0.353971,3.42927e-05,0.00583214,0.902583,115434,116634,not operable,VERY_THIN
3.66177,2.18849e-07,4.72736e-08,4.00688e-08,0.366177,0.387332,3.42927e-05,0.0063818,0.902583,106571,107771,not operable,VERY_THIN
3.66177,2.39475e-07,5.1729e-08,4.38452e-08,0.366177,0.423837,3.42927e-05,0.00698327,0.902583,98470.4,99670.4,not operable,VERY_THIN
3.66177,2.62045e-07,5.66044e-08,4.79775e-08,0.366177,0.463782,3.42927e-05,0.00764143,0.902583,91067.2,92267.2,not operable,VERY_THIN
3.66177,2.86742e-07,6.19392e-08,5.24992e-08,0.366177,0.507493,3.42927e-05,0.00836161,0.902583,84301.1,85501.1,not operable,VERY_THIN
3.66177,3.13767e-07,6.77768e-08,5.74471e-08,0.366177,0.555322,3.42927e-05,0.00914967,0.902583,78117.1,79317.1,not operable,VERY_THIN
3.66177,3.43339e-07,7.41646e-08,6.28614e-08,0.366177,0.60766,3.42927e-05,0.010012,0.902583,72465.2,73665.2,not operable,VERY_THIN
3.66177,3.75698e-07,8.11544e-08,6.87859e-08,0.366177,0.66493,3.42927e-05,0.0109556,0.902583,67299.3,68499.3,not operable,VERY_THIN
3.66177,4.11106e-07,8.8803e-08,7.52688e-08,0.366177,0.727598,3.42927e-05,0.0119881,0.902583,62577.6,63777.6,not operable,VERY_THIN
3.66177,4.49852e-07,9.71724e-08,8.23627e-08,0.366177,0.796172,3.42927e-05,0.013118,0.902583,58261.8,59461.8,not operable,VERY_THIN
3.66177,4.92249e-07,1.06331e-07,9.01251e-08,0.366177,0.87121,3.42927e-05,0.0143543,0.902583,54316.7,55516.7,not operable,VERY_THIN
3.66177,5.38642e-07,1.16352e-07,9.86192e-08,0.366177,0.953319,3.42927e-05,0.0157072,0.902583,50710.4,51910.4,not operable,VERY_THIN
3.66177,5.89408e-07,1.27318e-07,1.07914e-07,0.366177,1.04317,3.42927e-05,0.0171876,0.902583,47413.7,48613.7,not operable,RE_HIGH;VERY_THIN
3.66177,6.44958e-07,1.39317e-07,1.18084e-07,0.366177,1.14148,3.42927e-05,0.0188074,0.902583,44399.6,45599.6,not operable,RE_HIGH;VERY_THIN
3.66177,7.05744e-07,1.52448e-07,1.29214e-07,0.366177,1.24906,3.42927e-05,0.02058,0.902583,41643.9,42843.9,not operable,RE_HIGH;VERY_THIN
3.66177,7.72258e-07,1.66815e-07,1.41392e-07,0.366177,1.36679,3.42927e-05,0.0225196,0.902583,39124,40324,not operable,RE_HIGH;VERY_THIN
3.66177,8.45042e-07,1.82537e-07,1.54717e-07,0.366177,1.4956,3.42927e-05,0.024642,0.902583,36819.6,38019.6,not operable,RE_HIGH;VERY_THIN
3.66177,9.24685e-07,1.99741e-07,1.69299e-07,0.366177,1.63656,3.42927e-05,0.0269645,0.902583,34712,35912,not operable,RE_HIGH;VERY_THIN
3.66177,1.01183e-06,2.18566e-07,1.85255e-07,0.366177,1.7908,3.42927e-05,0.0295058,0.902583,32784,33984,not operable,RE_HIGH;VERY_THIN
3.66177,1.1072e-06,2.39165e-07,2.02715e-07,0.366177,1.95958,3.42927e-05,0.0322866,0.902583,31020,32220,not operable,RE_HIGH;VERY_THIN
3.66177,1.21155e-06,2.61706e-07,2.2182e-07,0.366177,2.14426,3.42927e-05,0.0353295,0.902583,29405.6,30605.6,not operable,RE_HIGH;VERY_THIN
3.66177,1.32573e-06,2.86371e-07,2.42726e-07,0.366177,2.34635,3.42927e-05,0.0386593,0.902583,27927.8,29127.8,not operable,RE_HIGH;VERY_THIN
3.66177,1.45068e-06,3.13361e-07,2.65602e-07,0.366177,2.56749,3.42927e-05,0.0423028,0.902583,26574.6,27774.6,not operable,RE_HIGH;VERY_THIN
3.66177,1.5874e-06,3.42894e-07,2.90635e-07,0.366177,2.80947,3.42927e-05,0.0462897,0.902583,25334.9,26534.9,not operable,RE_HIGH;VERY_THIN
3.66177,1.73701e-06,3.75211e-07,3.18026e-07,0.366177,3.07425,3.42927e-05,0.0506524,0.902583,24198.8,25398.8,not operable,RE_HIGH;VERY_THIN
3.66177,1.90072e-06,4.10574e-07,3.47999e-07,0.366177,3.36399,3.42927e-05,0.0554263,0.902583,23157,24357,not operable,RE_HIGH;VERY_THIN
3.66177,2.07986e-06,4.49269e-07,3.80797e-07,0.366177,3.68104,3.42927e-05,0.06065,0.902583,22201,23401,not operable,RE_HIGH
3.66177,2.27588e-06,4.91612e-07,4.16687e-07,0.366177,4.02797,3.42927e-05,0.0663662,0.902583,21323.1,22523.1,not operable,RE_HIGH
3.66177,2.49037e-06,5.37945e-07,4.55958e-07,0.366177,4.4076,3.42927e-05,0.072621,0.902583,20516.2,21716.2,not operable,RE_HIGH
3.66177,2.72508e-06,5.88644e-07,4.98931e-07,0.366177,4.823,3.42927e-05,0.0794653,0.902583,19773.6,20973.6,not operable,RE_HIGH
3.66177,2.98191e-06,6.44123e-07,5.45954e-07,0.366177,5.27756,3.42927e-05,0.0869547,0.902583,19089.4,20289.4,not operable,RE_HIGH
3.66177,3.26295e-06,7.0483e-07,5.97409e-07,0.366177,5.77495,3.42927e-05,0.09515,0.902583,18458.1,19658.1,not operable,RE_HIGH
3.66177,3.57048e-06,7.71258e-07,6.53713e-07,0.366177,6.31923,3.42927e-05,0.104118,0.902583,17874.4,19074.4,not operable,RE_HIGH
3.66177,3.90698e-06,8.43947e-07,7.15324e-07,0.366177,6.9148,3.42927e-05,0.11393,0.902583,17333.7,18533.7,not operable,RE_HIGH
3.66177,4.27521e-06,9.23487e-07,7.82741e-07,0.366177,7.5665,3.42927e-05,0.124668,0.902583,16831.6,18031.6,not operable,RE_HIGH
3.66177,4.67814e-06,1.01052e-06,8.56512e-07,0.366177,8.27962,3.42927e-05,0.136418,0.902583,16363.9,17563.9,not operable,RE_HIGH
3.66177,5.11904e-06,1.10576e-06,9.37236e-07,0.366177,9.05995,3.42927e-05,0.149275,0.902583,15927,17127,not operable,RE_HIGH
3.66177,5.60149e-06,1.20998e-06,1.02557e-06,0.366177,9.91383,3.42927e-05,0.163343,0.902583,15517.2,16717.2,not operable,RE_HIGH
3.66177,6.12942e-06,1.32401e-06,1.12223e-06,0.366177,10.8482,3.42927e-05,0.178738,0.902583,15131.2,16331.2,not operable,RE_HIGH
3.66177,6.7071e-06,1.4488e-06,1.22799e-06,0.366177,11.8706,3.42927e-05,0.195584,0.902583,14766,15966,not operable,RE_HIGH
3.66177,7.33923e-06,1.58534e-06,1.34373e-06,0.366177,12.9894,3.42927e-05,0.214017,0.902583,14418.4,15618.4,not operable,RE_HIGH
3.66177,8.03093e-06,1.73476e-06,1.47037e-06,0.366177,14.2136,3.42927e-05,0.234188,0.902583,14085.7,15285.7,not operable,RE_HIGH
3.66177,8.78782e-06,1.89826e-06,1.60895e-06,0.366177,15.5532,3.42927e-05,0.256259,0.902583,13765.3,14965.3,not operable,RE_HIGH
3.66177,9.61605e-06,2.07716e-06,1.76059e-06,0.366177,17.019,3.42927e-05,0.280411,0.902583,13454.5,14654.5,not operable,RE_HIGH
3.66177,1.05223e-05,2.27293e-06,1.92652e-06,0.366177,18.623,3.42927e-05,0.306839,0.902583,13150.7,14350.7,not operable,RE_HIGH
3.66177,1.1514e-05,2.48715e-06,2.10809e-06,0.366177,20.3782,3.42927e-05,0.335758,0.902583,12851.5,14051.5,not operable,RE_HIGH
3.66177,1.25992e-05,2.72155e-06,2.30677e-06,0.366177,22.2988,3.42927e-05,0.367402,0.902583,12554.6,13754.6,not operable,RE_HIGH
3.66177,1.37867e-05,2.97805e-06,2.52418e-06,0.366177,24.4004,3.42927e-05,0.402028,0.902583,12257.4,13457.4,not operable,RE_HIGH
3.66177,1.5086e-05,3.25873e-06,2.76207e-06,0.366177,26.7,3.42927e-05,0.439919,0.902583,11957.6,13157.6,not operable,RE_HIGH
3.66177,1.65078e-05,3.56585e-06,3.02239e-06,0.366177,29.2165,3.42927e-05,0.48138,0.902583,11652.7,12852.7,not operable,RE_HIGH
3.66177,1.80636e-05,3.90192e-06,3.30724e-06,0.366177,31.97,3.42927e-05,0.526749,0.902583,11340.2,12540.2,not operable,RE_HIGH
3.66177,1.97661e-05,4.26967e-06,3.61894e-06,0.366177,34.9831,3.42927e-05,0.576393,0.902583,11017.7,12217.7,not operable,RE_HIGH
3.66177,2.1629e-05,4.67207e-06,3.96002e-06,0.366177,38.2802,3.42927e-05,0.630717,0.902583,10682.5,11882.5,not operable,RE_HIGH
3.66177,2.36675e-05,5.1124e-06,4.33324e-06,0.366177,41.888,3.42927e-05,0.69016,0.902583,10331.8,11531.8,not operable,RE_HIGH
3.66177,2.58981e-05,5.59424e-06,4.74164e-06,0.366177,45.8358,3.42927e-05,0.755206,0.902583,9962.87,11162.9,not operable,RE_HIGH
3.66177,2.83389e-05,6.12148e-06,5.18852e-06,0.366177,50.1557,3.42927e-05,0.826382,0.902583,9572.69,10772.7,not operable,RE_HIGH
3.66177,3.10098e-05,6.69841e-06,5.67753e-06,0.366177,54.8828,3.42927e-05,0.904266,0.902583,9158.07,10358.1,not operable,RE_HIGH
3.66177,3.39323e-05,7.32972e-06,6.21262e-06,0.366177,60.0553,3.42927e-05,0.989491,0.902583,8715.65,9915.65,not operable,RE_HIGH
3.66177,3.71304e-05,8.02052e-06,6.79814e-06,0.366177,65.7154,3.42927e-05,1.08275,0.902583,8241.85,9441.85,not operable,RE_HIGH
3.66177,4.06298e-05,8.77644e-06,7.43885e-06,0.366177,71.9089,3.42927e-05,1.18479,0.902583,7732.81,8932.81,not operable,RE_HIGH
3.66177,4.44591e-05,9.60359e-06,8.13994e-06,0.366177,78.6861,3.42927e-05,1.29646,0.902583,7184.41,8384.41,not operable,RE_HIGH
3.66177,4.86492e-05,1.05087e-05,8.90711e-06,0.366177,86.1021,3.42927e-05,1.41865,0.902583,6592.19,7792.19,not operable,RE_HIGH
3.66177,5.32343e-05,1.14991e-05,9.74658e-06,0.366177,94.217,3.42927e-05,1.55235,0.902583,5951.34,7151.34,not operable,RE_HIGH
3.66177,5.82515e-05,1.25829e-05,1.06652e-05,0.366177,103.097,3.42927e-05,1.69865,0.902583,5256.66,6456.66,not operable,RE_HIGH
3.66177,6.37415e-05,1.37688e-05,1.16703e-05,0.366177,112.813,3.42927e-05,1.85875,0.902583,4502.52,5702.52,not operable,RE_HIGH
3.66177,6.9749e-05,1.50665e-05,1.27702e-05,0.366177,123.446,3.42927e-05,2.03393,0.902583,3682.79,4882.79,not operable,RE_HIGH
3.66177,7.63227e-05,1.64864e-05,1.39738e-05,0.366177,135.08,3.42927e-05,2.22562,0.902583,2790.82,3990.82,not operable,RE_HIGH
3.66177,8.35159e-05,1.80402e-05,1.52908e-05,0.366177,147.811,3.42927e-05,2.43538,0.902583,1819.37,3019.37,not operable,RE_HIGH
3.66177,9.1387e-05,1.97405e-05,1.67319e-05,0.366177,161.742,3.42927e-05,2.66491,0.902583,760.544,1960.54,not operable,RE_HIGH
3.66177,0.0001,2.1601e-05,1.83088e-05,0.366177,176.985,3.42927e-05,2.91607,0.902583,-394.244,805.756,not operable,RE_HIGH;FLOODING
4.17117,2e-07,4.3202e-08,4.17117e-08,0.417117,0.403213,3.74036e-05,0.00534708,0.792356,126597,127797,not operable,VERY_THIN
4.17117,2.18849e-07,4.72736e-08,4.56429e-08,0.417117,0.441214,3.74036e-05,0.00585103,0.792356,116929,118129,not operable,VERY_THIN
4.17117,2.39475e-07,5.1729e-08,4.99446e-08,0.417117,0.482798,3.74036e-05,0.00640248,0.792356,108094,109294,not operable,VERY_THIN
4.17117,2.62045e-07,5.66044e-08,5.46517e-08,0.417117,0.5283,3.74036e-05,0.00700589,0.792356,100019,101219,not operable,VERY_THIN
4.17117,2.86742e-07,6.19392e-08,5.98025e-08,0.417117,0.578091,3.74036e-05,0.00766618,0.792356,92639,93839,not operable,VERY_THIN
4.17117,3.13767e-07,6.77768e-08,6.54387e-08,0.417117,0.632574,3.74036e-05,0.0083887,0.792356,85893.9,87093.9,not operable,VERY_THIN
4.17117,3.43339e-07,7.41646e-08,7.16062e-08,0.417117,0.692193,3.74036e-05,0.00917931,0.792356,79729,80929,not operable,VERY_THIN
4.17117,3.75698e-07,8.11544e-08,7.83549e-08,0.417117,0.75743,3.74036e-05,0.0100444,0.792356,74094.4,75294.4,not operable,VERY_THIN
4.17117,4.11106e-07,8.8803e-08,8.57396e-08,0.417117,0.828816,3.74036e-05,0.0109911,0.792356,68944.1,70144.1,not operable,VERY_THIN
4.17117,4.49852e-07,9.71724e-08,9.38203e-08,0.417117,0.90693,3.74036e-05,0.012027,0.792356,64236.5,65436.5,not operable,VERY_THIN
4.17117,4.92249e-07,1.06331e-07,1.02663e-07,0.417117,0.992406,3.74036e-05,0.0131605,0.792356,59933.3,61133.3,not operable,VERY_THIN
4.17117,5.38642e-07,1.16352e-07,1.12338e-07,0.417117,1.08594,3.74036e-05,0.0144008,0.792356,55999.6,57199.6,not operable,RE_HIGH;VERY_THIN
4.17117,5.89408e-07,1.27318e-07,1.22926e-07,0.417117,1.18828,3.74036e-05,0.0157581,0.792356,52403.4,53603.4,not operable,RE_HIGH;VERY_THIN
4.17117,6.44958e-07,1.39317e-07,1.34511e-07,0.417117,1.30028,3.74036e-05,0.0172432,0.792356,49115.6,50315.6,not operable,RE_HIGH;VERY_THIN
4.17117,7.05744e-07,1.52448e-07,1.47189e-07,0.417117,1.42282,3.74036e-05,0.0188684,0.792356,46109.5,47309.5,not operable,RE_HIGH;VERY_THIN
4.17117,7.72258e-07,1.66815e-07,1.61061e-07,0.417117,1.55692,3.74036e-05,0.0206466,0.792356,43360.6,44560.6,not operable,RE_HIGH;VERY_THIN
4.17117,8.45042e-07,1.82537e-07,1.7624e-07,0.417117,1.70366,3.74036e-05,0.0225925,0.792356,40846.7,42046.7,not operable,RE_HIGH;VERY_THIN
4.17117,9.24685e-07,1.99741e-07,1.92851e-07,0.417117,1.86422,3.74036e-05,0.0247218,0.792356,38547.4,39747.4,not operable,RE_HIGH;VERY_THIN
4.17117,1.01183e-06,2.18566e-07,2.11026e-07,0.417117,2.03992,3.74036e-05,0.0270518,0.792356,36443.9,37643.9,not operable,RE_HIGH;VERY_THIN
4.17117,1.1072e-06,2.39165e-07,2.30915e-07,0.417117,2.23218,3.74036e-05,0.0296014,0.792356,34519.3,35719.3,not operable,RE_HIGH;VERY_THIN
4.17117,1.21155e-06,2.61706e-07,2.52678e-07,0.417117,2.44255,3.74036e-05,0.0323912,0.792356,32757.8,33957.8,not operable,RE_HIGH;VERY_THIN
4.17117,1.32573e-06,2.86371e-07,2.76492e-07,0.417117,2.67276,3.74036e-05,0.035444,0.792356,31145.2,32345.2,not operable,RE_HIGH;VERY_THIN
4.17117,1.45068e-06,3.13361e-07,3.02551e-07,0.417117,2.92466,3.74036e-05,0.0387845,0.792356,29668.5,30868.5,not operable,RE_HIGH;VERY_THIN
4.17117,1.5874e-06,3.42894e-07,3.31066e-07,0.417117,3.2003,3.74036e-05,0.0424398,0.792356,28315.5,29515.5,not operable,RE_HIGH;VERY_THIN
4.17117,1.73701e-06,3.75211e-07,3.62268e-07,0.417117,3.50192,3.74036e-05,0.0464397,0.792356,27075.4,28275.4,not operable,RE_HIGH;VERY_THIN
4.17117,1.90072e-06,4.10574e-07,3.9641e-07,0.417117,3.83197,3.74036e-05,0.0508165,0.792356,25938,27138,not operable,RE_HIGH;VERY_THIN
4.17117,2.07986e-06,4.49269e-07,4.33771e-07,0.417117,4.19312,3.74036e-05,0.0556058,0.792356,24894.1,26094.1,not operable,RE_HIGH
4.17117,2.27588e-06,4.91612e-07,4.74653e-07,0.417117,4.58831,3.74036e-05,0.0608465,0.792356,23935.3,25135.3,not operable,RE_HIGH
4.17117,2.49037e-06,5.37945e-07,5.19388e-07,0.417117,5.02075,3.74036e-05,0.0665811,0.792356,23053.8,24253.8,not operable,RE_HIGH
4.17117,2.72508e-06,5.88644e-07,5.68339e-07,0.417117,5.49394,3.74036e-05,0.0728562,0.792356,22242.4,23442.4,not operable,RE_HIGH
4.17117,2.98191e-06,6.44123e-07,6.21903e-07,0.417117,6.01173,3.74036e-05,0.0797227,0.792356,21494.5,22694.5,not operable,RE_HIGH
4.17117,3.26295e-06,7.0483e-07,6.80516e-07,0.417117,6.57832,3.74036e-05,0.0872364,0.792356,20804.1,22004.1,not operable,RE_HIGH
4.17117,3.57048e-06,7.71258e-07,7.44652e-07,0.417117,7.19831,3.74036e-05,0.0954582,0.792356,20165.5,21365.5,not operable,RE_HIGH
4.17117,3.90698e-06,8.43947e-07,8.14834e-07,0.417117,7.87673,3.74036e-05,0.104455,0.792356,19573.6,20773.6,not operable,RE_HIGH
4.17117,4.27521e-06,9.23487e-07,8.9163e-07,0.417117,8.61909,3.74036e-05,0.114299,0.792356,19023.6,20223.6,not operable,RE_HIGH
4.17117,4.67814e-06,1.01052e-06,9.75664e-07,0.417117,9.43142,3.74036e-05,0.125072,0.792356,18511,19711,not operable,RE_HIGH
4.17117,5.11904e-06,1.10576e-06,1.06762e-06,0.417117,10.3203,3.74036e-05,0.13686,0.792356,18031.6,19231.6,not operable,RE_HIGH
4.17117,5.60149e-06,1.20998e-06,1.16824e-06,0.417117,11.293,3.74036e-05,0.149758,0.792356,17581.5,18781.5,not operable,RE_HIGH
4.17117,6.12942e-06,1.32401e-06,1.27834e-06,0.417117,12.3573,3.74036e-05,0.163873,0.792356,17157.2,18357.2,not operable,RE_HIGH
4.17117,6.7071e-06,1.4488e-06,1.39882e-06,0.417117,13.5219,3.74036e-05,0.179317,0.792356,16755.1,17955.1,not operable,RE_HIGH
4.17117,7.33923e-06,1.58534e-06,1.53066e-06,0.417117,14.7963,3.74036e-05,0.196217,0.792356,16372,17572,not operable,RE_HIGH
4.17117,8.03093e-06,1.73476e-06,1.67492e-06,0.417117,16.1909,3.74036e-05,0.21471,0.792356,16004.7,17204.7,not operable,RE_HIGH
4.17117,8.78782e-06,1.89826e-06,1.83277e-06,0.417117,17.7168,3.74036e-05,0.234946,0.792356,15650.4,16850.4,not operable,RE_HIGH
4.17117,9.61605e-06,2.07716e-06,2.00551e-06,0.417117,19.3866,3.74036e-05,0.257089,0.792356,15306,16506,not operable,RE_HIGH
4.17117,1.05223e-05,2.27293e-06,2.19452e-06,0.417117,21.2137,3.74036e-05,0.281319,0.792356,14968.9,16168.9,not operable,RE_HIGH
4.17117,1.1514e-05,2.48715e-06,2.40135e-06,0.417117,23.213,3.74036e-05,0.307833,0.792356,14636.3,15836.3,not operable,RE_HIGH
4.17117,1.25992e-05,2.72155e-06,2.62767e-06,0.417117,25.4008,3.74036e-05,0.336845,0.792356,14305.5,15505.5,not operable,RE_HIGH
4.17117,1.37867e-05,2.97805e-06,2.87532e-06,0.417117,27.7948,3.74036e-05,0.368592,0.792356,13973.8,15173.8,not operable,RE_HIGH
4.17117,1.5086e-05,3.25873e-06,3.14631e-06,0.417117,30.4143,3.74036e-05,0.403331,0.792356,13638.5,14838.5,not operable,RE_HIGH
4.17117,1.65078e-05,3.56585e-06,3.44284e-06,0.417117,33.2808,3.74036e-05,0.441344,0.792356,13296.8,14496.8,not operable,RE_HIGH
4.17117,1.80636e-05,3.90192e-06,3.76732e-06,0.417117,36.4174,3.74036e-05,0.482939,0.792356,12946.1,14146.1,not operable,RE_HIGH
4.17117,1.97661e-05,4.26967e-06,4.12238e-06,0.417117,39.8497,3.74036e-05,0.528455,0.792356,12583.5,13783.5,not operable,RE_HIGH
4.17117,2.1629e-05,4.67207e-06,4.51091e-06,0.417117,43.6054,3.74036e-05,0.57826,0.792356,12205.9,13405.9,not operable,RE_HIGH
4.17117,2.36675e-05,5.1124e-06,4.93605e-06,0.417117,47.7151,3.74036e-05,0.63276,0.792356,11810.5,13010.5,not operable,RE_HIGH
4.17117,2.58981e-05,5.59424e-06,5.40126e-06,0.417117,52.2121,3.74036e-05,0.692396,0.792356,11393.8,12593.8,not operable,RE_HIGH
4.17117,2.83389e-05,6.12148e-06,5.91031e-06,0.417117,57.133,3.74036e-05,0.757652,0.792356,10952.7,12152.7,not operable,RE_HIGH
4.17117,3.10098e-05,6.69841e-06,6.46734e-06,0.417117,62.5176,3.74036e-05,0.829059,0.792356,10483.4,11683.4,not operable,RE_HIGH
4.17117,3.39323e-05,7.32972e-06,7.07687e-06,0.417117,68.4098,3.74036e-05,0.907195,0.792356,9982.23,11182.2,not operable,RE_HIGH
4.17117,3.71304e-05,8.02052e-06,7.74385e-06,0.417117,74.8572,3.74036e-05,0.992696,0.792356,9445.04,10645,not operable,RE_HIGH
4.17117,4.06298e-05,8.77644e-06,8.47368e-06,0.417117,81.9123,3.74036e-05,1.08626,0.792356,8867.5,10067.5,not operable,RE_HIGH
4.17117,4.44591e-05,9.60359e-06,9.27231e-06,0.417117,89.6323,3.74036e-05,1.18863,0.792356,8244.92,9444.92,not operable,RE_HIGH
4.17117,4.86492e-05,1.05087e-05,1.01462e-05,0.417117,98.0799,3.74036e-05,1.30066,0.792356,7572.24,8772.24,not operable,RE_HIGH
4.17117,5.32343e-05,1.14991e-05,1.11025e-05,0.417117,107.324,3.74036e-05,1.42324,0.792356,6844,8044,not operable,RE_HIGH
4.17117,5.82515e-05,1.25829e-05,1.21488e-05,0.417117,117.439,3.74036e-05,1.55738,0.792356,6054.3,7254.3,not operable,RE_HIGH
4.17117,6.37415e-05,1.37688e-05,1.32938e-05,0.417117,128.507,3.74036e-05,1.70416,0.792356,5196.72,6396.72,not operable,RE_HIGH
4.17117,6.9749e-05,1.50665e-05,1.45467e-05,0.417117,140.618,3.74036e-05,1.86477,0.792356,4264.31,5464.31,not operable,RE_HIGH
4.17117,7.63227e-05,1.64864e-05,1.59177e-05,0.417117,153.871,3.74036e-05,2.04052,0.792356,3249.48,4449.48,not operable,RE_HIGH
4.17117,8.35159e-05,1.80402e-05,1.74179e-05,0.417117,168.373,3.74036e-05,2.23283,0.792356,2144.01,3344.01,not operable,RE_HIGH
4.17117,9.1387e-05,1.97405e-05,1.90595e-05,0.417117,184.242,3.74036e-05,2.44327,0.792356,938.915,2138.92,not operable,RE_HIGH
4.17117,0.0001,2.1601e-05,2.08558e-05,0.417117,201.606,3.74036e-05,2.67354,0.792356,-375.579,824.421,not operable,RE_HIGH;FLOODING
4.75143,2e-07,4.3202e-08,4.75143e-08,0.475143,0.459304,4.07966e-05,0.00490237,0.695591,138861,140061,not operable,VERY_THIN
4.75143,2.18849e-07,4.72736e-08,5.19923e-08,0.475143,0.502593,4.07966e-05,0.0053644,0.695591,128316,129516,not operable,VERY_THIN
4.75143,2.39475e-07,5.1729e-08,5.68925e-08,0.475143,0.549961,4.07966e-05,0.00586998,0.695591,118679,119879,not operable,VERY_THIN
4.75143,2.62045e-07,5.66044e-08,6.22545e-08,0.475143,0.601793,4.07966e-05,0.00642321,0.695591,109871,111071,not operable,VERY_THIN
4.75143,2.86742e-07,6.19392e-08,6.81218e-08,0.475143,0.65851,4.07966e-05,0.00702859,0.695591,101822,103022,not operable,VERY_THIN
4.75143,3.13767e-07,6.77768e-08,7.45421e-08,0.475143,0.720573,4.07966e-05,0.00769101,0.695591,94464.6,95664.6,not operable,VERY_THIN
4.75143,3.43339e-07,7.41646e-08,8.15675e-08,0.475143,0.788485,4.07966e-05,0.00841587,0.695591,87740.3,88940.3,not operable,VERY_THIN
4.75143,3.75698e-07,8.11544e-08,8.9255e-08,0.475143,0.862798,4.07966e-05,0.00920904,0.695591,81594.2,82794.2,not operable,VERY_THIN
4.75143,4.11106e-07,8.8803e-08,9.7667e-08,0.475143,0.944115,4.07966e-05,0.010077,0.695591,75976.5,77176.5,not operable,VERY_THIN
4.75143,4.49852e-07,9.71724e-08,1.06872e-07,0.475143,1.03309,4.07966e-05,0.0110267,0.695591,70841.6,72041.6,not operable,RE_HIGH;VERY_THIN
4.75143,4.92249e-07,1.06331e-07,1.16944e-07,0.475143,1.13046,4.07966e-05,0.0120659,0.695591,66147.7,67347.7,not operable,RE_HIGH;VERY_THIN
4.75143,5.38642e-07,1.16352e-07,1.27966e-07,0.475143,1.237,4.07966e-05,0.0132031,0.695591,61856.8,63056.8,not operable,RE_HIGH;VERY_THIN
4.75143,5.89408e-07,1.27318e-07,1.40026e-07,0.475143,1.35359,4.07966e-05,0.0144475,0.695591,57934.1,59134.1,not operable,RE_HIGH;VERY_THIN
4.75143,6.44958e-07,1.39317e-07,1.53224e-07,0.475143,1.48116,4.07966e-05,0.0158091,0.695591,54347.6,55547.6,not operable,RE_HIGH;VERY_THIN
4.75143,7.05744e-07,1.52448e-07,1.67664e-07,0.475143,1.62076,4.07966e-05,0.0172991,0.695591,51068.3,52268.3,not operable,RE_HIGH;VERY_THIN
4.75143,7.72258e-07,1.66815e-07,1.83466e-07,0.475143,1.77351,4.07966e-05,0.0189295,0.695591,48069.6,49269.6,not operable,RE_HIGH;VERY_THIN
4.75143,8.45042e-07,1.82537e-07,2.00758e-07,0.475143,1.94066,4.07966e-05,0.0207135,0.695591,45327.2,46527.2,not operable,RE_HIGH;VERY_THIN
4.75143,9.24685e-07,1.99741e-07,2.19678e-07,0.475143,2.12356,4.07966e-05,0.0226657,0.695591,42818.7,44018.7,not operable,RE_HIGH;VERY_THIN
4.75143,1.01183e-06,2.18566e-07,2.40383e-07,0.475143,2.3237,4.07966e-05,0.0248019,0.695591,40523.7,41723.7,not operable,RE_HIGH;VERY_THIN
4.75143,1.1072e-06,2.39165e-07,2.63038e-07,0.475143,2.5427,4.07966e-05,0.0271394,0.695591,38423.8,39623.8,not operable,RE_HIGH;VERY_THIN
4.75143,1.21155e-06,2.61706e-07,2.87829e-07,0.475143,2.78234,4.07966e-05,0.0296972,0.695591,36501.8,37701.8,not operable,RE_HIGH;VERY_THIN
4.75143,1.32573e-06,2.86371e-07,3.14956e-07,0.475143,3.04457,4.07966e-05,0.0324961,0.695591,34742.1,35942.1,not operable,RE_HIGH;VERY_THIN
4.75143,1.45068e-06,3.13361e-07,3.4464e-07,0.475143,3.33152,4.07966e-05,0.0355588,0.695591,33130.5,34330.5,not operable,RE_HIGH;VERY_THIN
4.75143,1.5874e-06,3.42894e-07,3.77121e-07,0.475143,3.6455,4.07966e-05,0.0389101,0.695591,31653.8,32853.8,not operable,RE_HIGH;VERY_THIN
4.75143,1.73701e-06,3.75211e-07,4.12664e-07,0.475143,3.98908,4.07966e-05,0.0425773,0.695591,30300,31500,not operable,RE_HIGH;VERY_THIN
4.75143,1.90072e-06,4.10574e-07,4.51556e-07,0.475143,4.36504,4.07966e-05,0.0465901,0.695591,29058.3,30258.3,not operable,RE_HIGH;VERY_THIN
4.75143,2.07986e-06,4.49269e-07,4.94114e-07,0.475143,4.77643,4.07966e-05,0.0509811,0.695591,27918.4,29118.4,not operable,RE_HIGH
4.75143,2.27588e-06,4.91612e-07,5.40683e-07,0.475143,5.2266,4.07966e-05,0.0557859,0.695591,26871.2,28071.2,not operable,RE_HIGH
4.75143,2.49037e-06,5.37945e-07,5.91641e-07,0.475143,5.71919,4.07966e-05,0.0610436,0.695591,25908.2,27108.2,not operable,RE_HIGH
4.75143,2.72508e-06,5.88644e-07,6.47401e-07,0.475143,6.25821,4.07966e-05,0.0667968,0.695591,25021.5,26221.5,not operable,RE_HIGH
4.75143,2.98191e-06,6.44123e-07,7.08417e-07,0.475143,6.84803,4.07966e-05,0.0730922,0.695591,24203.9,25403.9,not operable,RE_HIGH
4.75143,3.26295e-06,7.0483e-07,7.75184e-07,0.475143,7.49344,4.07966e-05,0.079981,0.695591,23448.8,24648.8,not operable,RE_HIGH
4.75143,3.57048e-06,7.71258e-07,8.48243e-07,0.475143,8.19968,4.07966e-05,0.087519,0.695591,22750.1,23950.1,not operable,RE_HIGH
4.75143,3.90698e-06,8.43947e-07,9.28187e-07,0.475143,8.97248,4.07966e-05,0.0957674,0.695591,22102,23302,not operable,RE_HIGH
4.75143,4.27521e-06,9.23487e-07,1.01567e-06,0.475143,9.81811,4.07966e-05,0.104793,0.695591,21499.4,22699.4,not operable,RE_HIGH
4.75143,4.67814e-06,1.01052e-06,1.11139e-06,0.475143,10.7434,4.07966e-05,0.11467,0.695591,20937.3,22137.3,not operable,RE_HIGH
4.75143,5.11904e-06,1.10576e-06,1.21614e-06,0.475143,11.756,4.07966e-05,0.125477,0.695591,20411.3,21611.3,not operable,RE_HIGH
4.75143,5.60149e-06,1.20998e-06,1.33075e-06,0.475143,12.864,4.07966e-05,0.137303,0.695591,19916.9,21116.9,not operable,RE_HIGH
4.75143,6.12942e-06,1.32401e-06,1.45617e-06,0.475143,14.0763,4.07966e-05,0.150243,0.695591,19450.2,20650.2,not operable,RE_HIGH
4.75143,6.7071e-06,1.4488e-06,1.59341e-06,0.475143,15.403,4.07966e-05,0.164403,0.695591,19007.4,20207.4,not operable,RE_HIGH
4.75143,7.33923e-06,1.58534e-06,1.74359e-06,0.475143,16.8547,4.07966e-05,0.179898,0.695591,18585,19785,not operable,RE_HIGH
4.75143,8.03093e-06,1.73476e-06,1.90792e-06,0.475143,18.4432,4.07966e-05,0.196853,0.695591,18179.4,19379.4,not operable,RE_HIGH
4.75143,8.78782e-06,1.89826e-06,2.08773e-06,0.475143,20.1814,4.07966e-05,0.215406,0.695591,17787.4,18987.4,not operable,RE_HIGH
4.75143,9.61605e-06,2.07716e-06,2.2845e-06,0.475143,22.0835,4.07966e-05,0.235707,0.695591,17405.8,18605.8,not operable,RE_HIGH
4.75143,1.05223e-05,2.27293e-06,2.49981e-06,0.475143,24.1648,4.07966e-05,0.257922,0.695591,17031.6,18231.6,not operable,RE_HIGH
4.75143,1.1514e-05,2.48715e-06,2.73541e-06,0.475143,26.4423,4.07966e-05,0.28223,0.695591,16661.6,17861.6,not operable,RE_HIGH
4.75143,1.25992e-05,2.72155e-06,2.99321e-06,0.475143,28.9344,4.07966e-05,0.30883,0.695591,16292.8,17492.8,not operable,RE_HIGH
4.75143,1.37867e-05,2.97805e-06,3.27531e-06,0.475143,31.6614,4.07966e-05,0.337936,0.695591,15922.4,17122.4,not operable,RE_HIGH
4.75143,1.5086e-05,3.25873e-06,3.584e-06,0.475143,34.6454,4.07966e-05,0.369786,0.695591,15547.2,16747.2,not operable,RE_HIGH
4.75143,1.65078e-05,3.56585e-06,3.92178e-06,0.475143,37.9106,4.07966e-05,0.404637,0.695591,15164.3,16364.3,not operable,RE_HIGH
4.75143,1.80636e-05,3.90192e-06,4.2914e-06,0.475143,41.4836,4.07966e-05,0.442773,0.695591,14770.4,15970.4,not operable,RE_HIGH
4.75143,1.97661e-05,4.26967e-06,4.69586e-06,0.475143,45.3933,4.07966e-05,0.484503,0.695591,14362.5,15562.5,not operable,RE_HIGH
4.75143,2.1629e-05,4.67207e-06,5.13843e-06,0.475143,49.6715,4.07966e-05,0.530167,0.695591,13937.2,15137.2,not operable,RE_HIGH
4.75143,2.36675e-05,5.1124e-06,5.62271e-06,0.475143,54.3529,4.07966e-05,0.580133,0.695591,13491,14691,not operable,RE_HIGH
4.75143,2.58981e-05,5.59424e-06,6.15264e-06,0.475143,59.4755,4.07966e-05,0.634809,0.695591,13020.4,14220.4,not operable,RE_HIGH
4.75143,2.83389e-05,6.12148e-06,6.73251e-06,0.475143,65.0809,4.07966e-05,0.694638,0.695591,12521.5,13721.5,not operable,RE_HIGH
4.75143,3.10098e-05,6.69841e-06,7.36703e-06,0.475143,71.2146,4.07966e-05,0.760106,0.695591,11990.2,13190.2,not operable,RE_HIGH
4.75143,3.39323e-05,7.32972e-06,8.06135e-06,0.475143,77.9264,4.07966e-05,0.831744,0.695591,11422.3,12622.3,not operable,RE_HIGH
4.75143,3.71304e-05,8.02052e-06,8.82111e-06,0.475143,85.2707,4.07966e-05,0.910134,0.695591,10813.2,12013.2,not operable,RE_HIGH
4.75143,4.06298e-05,8.77644e-06,9.65248e-06,0.475143,93.3073,4.07966e-05,0.995912,0.695591,10157.8,11357.8,not operable,RE_HIGH
4.75143,4.44591e-05,9.60359e-06,1.05622e-05,0.475143,102.101,4.07966e-05,1.08977,0.695591,9450.92,10650.9,not operable,RE_HIGH
4.75143,4.86492e-05,1.05087e-05,1.15577e-05,0.475143,111.724,4.07966e-05,1.19248,0.695591,8686.77,9886.77,not operable,RE_HIGH
4.75143,5.32343e-05,1.14991e-05,1.26469e-05,0.475143,122.254,4.07966e-05,1.30487,0.695591,7859.15,9059.15,not operable,RE_HIGH
4.75143,5.82515e-05,1.25829e-05,1.38389e-05,0.475143,133.776,4.07966e-05,1.42785,0.695591,6961.35,8161.35,not operable,RE_HIGH
4.75143,6.37415e-05,1.37688e-05,1.51432e-05,0.475143,146.384,4.07966e-05,1.56242,0.695591,5986.08,7186.08,not operable,RE_HIGH
4.75143,6.9749e-05,1.50665e-05,1.65704e-05,0.475143,160.18,4.07966e-05,1.70968,0.695591,4925.42,6125.42,not operable,RE_HIGH
4.75143,7.63227e-05,1.64864e-05,1.81321e-05,0.475143,175.277,4.07966e-05,1.87081,0.695591,3770.76,4970.76,not operable,RE_HIGH
4.75143,8.35159e-05,1.80402e-05,1.9841e-05,0.475143,191.796,4.07966e-05,2.04713,0.695591,2512.73,3712.73,not operable,RE_HIGH
4.75143,9.1387e-05,1.97405e-05,2.17109e-05,0.475143,209.872,4.07966e-05,2.24006,0.695591,1141.11,2341.11,not operable,RE_HIGH
4.75143,0.0001,2.1601e-05,2.37571e-05,0.475143,229.652,4.07966e-05,2.45118,0.695591,-355.22,844.78,not operable,RE_HIGH;FLOODING
5.41241,2e-07,4.3202e-08,5.41241e-08,0.541241,0.523199,4.44974e-05,0.00449464,0.610643,152338,153538,not operable,VERY_THIN
5.41241,2.18849e-07,4.72736e-08,5.92251e-08,0.541241,0.572509,4.44974e-05,0.00491825,0.610643,140837,142037,not operable,VERY_THIN
5.41241,2.39475e-07,5.1729e-08,6.48069e-08,0.541241,0.626467,4.44974e-05,0.00538178,0.610643,130325,131525,not operable,VERY_THIN
5.41241,2.62045e-07,5.66044e-08,7.09148e-08,0.541241,0.68551,4.44974e-05,0.005889,0.610643,120719,121919,not operable,VERY_THIN
5.41241,2.86742e-07,6.19392e-08,7.75983e-08,0.541241,0.750117,4.44974e-05,0.00644402,0.610643,111938,113138,not operable,VERY_THIN
5.41241,3.13767e-07,6.77768e-08,8.49118e-08,0.541241,0.820814,4.44974e-05,0.00705135,0.610643,103914,105114,not operable,VERY_THIN
5.41241,3.43339e-07,7.41646e-08,9.29145e-08,0.541241,0.898173,4.44974e-05,0.00771592,0.610643,96579,97779,not operable,VERY_THIN
5.41241,3.75698e-07,8.11544e-08,1.01671e-07,0.541241,0.982824,4.44974e-05,0.00844313,0.610643,89875.2,91075.2,not operable,VERY_THIN
5.41241,4.11106e-07,8.8803e-08,1.11254e-07,0.541241,1.07545,4.44974e-05,0.00923887,0.610643,83747.6,84947.6,not operable,RE_HIGH;VERY_THIN
5.41241,4.49852e-07,9.71724e-08,1.21739e-07,0.541241,1.17681,4.44974e-05,0.0101096,0.610643,78146.5,79346.5,not operable,RE_HIGH;VERY_THIN
5.41241,4.92249e-07,1.06331e-07,1.33213e-07,0.541241,1.28772,4.44974e-05,0.0110624,0.610643,73026.5,74226.5,not operable,RE_HIGH;VERY_THIN
5.41241,5.38642e-07,1.16352e-07,1.45768e-07,0.541241,1.40909,4.44974e-05,0.012105,0.610643,68345.9,69545.9,not operable,RE_HIGH;VERY_THIN
5.41241,5.89408e-07,1.27318e-07,1.59506e-07,0.541241,1.54189,4.44974e-05,0.0132459,0.610643,64066.9,65266.9,not operable,RE_HIGH;VERY_THIN
5.41241,6.44958e-07,1.39317e-07,1.74539e-07,0.541241,1.68721,4.44974e-05,0.0144943,0.610643,60154.6,61354.6,not operable,RE_HIGH;VERY_THIN
5.41241,7.05744e-07,1.52448e-07,1.90989e-07,0.541241,1.84622,4.44974e-05,0.0158603,0.610643,56577.4,57777.4,not operable,RE_HIGH;VERY_THIN
5.41241,7.72258e-07,1.66815e-07,2.08989e-07,0.541241,2.02023,4.44974e-05,0.0173551,0.610643,53306.1,54506.1,not operable,RE_HIGH;VERY_THIN
5.41241,8.45042e-07,1.82537e-07,2.28685e-07,0.541241,2.21063,4.44974e-05,0.0189908,0.610643,50314.3,51514.3,not operable,RE_HIGH;VERY_THIN
5.41241,9.24685e-07,1.99741e-07,2.50238e-07,0.541241,2.41897,4.44974e-05,0.0207806,0.610643,47577.5,48777.5,not operable,RE_HIGH;VERY_THIN
5.41241,1.01183e-06,2.18566e-07,2.73823e-07,0.541241,2.64695,4.44974e-05,0.0227391,0.610643,45073.7,46273.7,not operable,RE_HIGH;VERY_THIN
5.41241,1.1072e-06,2.39165e-07,2.9963e-07,0.541241,2.89642,4.44974e-05,0.0248822,0.610643,42782.5,43982.5,not operable,RE_HIGH;VERY_THIN
5.41241,1.21155e-06,2.61706e-07,3.27869e-07,0.541241,3.1694,4.44974e-05,0.0272273,0.610643,40685.3,41885.3,not operable,RE_HIGH;VERY_THIN
5.41241,1.32573e-06,2.86371e-07,3.5877e-07,0.541241,3.46811,4.44974e-05,0.0297934,0.610643,38765,39965,not operable,RE_HIGH;VERY_THIN
5.41241,1.45068e-06,3.13361e-07,3.92583e-07,0.541241,3.79497,4.44974e-05,0.0326014,0.610643,37006.1,38206.1,not operable,RE_HIGH;VERY_THIN
5.41241,1.5874e-06,3.42894e-07,4.29583e-07,0.541241,4.15264,4.44974e-05,0.035674,0.610643,35394.3,36594.3,not operable,RE_HIGH;VERY_THIN
5.41241,1.73701e-06,3.75211e-07,4.7007e-07,0.541241,4.54401,4.44974e-05,0.0390362,0.610643,33916.6,35116.6,not operable,RE_HIGH;VERY_THIN
5.41241,1.90072e-06,4.10574e-07,5.14373e-07,0.541241,4.97227,4.44974e-05,0.0427152,0.610643,32560.8,33760.8,not operable,RE_HIGH;VERY_THIN
5.41241,2.07986e-06,4.49269e-07,5.62851e-07,0.541241,5.4409,4.44974e-05,0.046741,0.610643,31316.1,32516.1,not operable,RE_HIGH
5.41241,2.27588e-06,4.91612e-07,6.15898e-07,0.541241,5.95369,4.44974e-05,0.0511462,0.610643,30172.3,31372.3,not operable,RE_HIGH
5.41241,2.49037e-06,5.37945e-07,6.73945e-07,0.541241,6.5148,4.44974e-05,0.0559666,0.610643,29120.1,30320.1,not operable,RE_HIGH
5.41241,2.72508e-06,5.88644e-07,7.37463e-07,0.541241,7.12881,4.44974e-05,0.0612413,0.610643,28151,29351,not operable,RE_HIGH
5.41241,2.98191e-06,6.44123e-07,8.06967e-07,0.541241,7.80068,4.44974e-05,0.0670132,0.610643,27257.1,28457.1,not operable,RE_HIGH
5.41241,3.26295e-06,7.0483e-07,8.83021e-07,0.541241,8.53587,4.44974e-05,0.073329,0.610643,26431.2,27631.2,not operable,RE_HIGH
5.41241,3.57048e-06,7.71258e-07,9.66244e-07,0.541241,9.34036,4.44974e-05,0.08024,0.610643,25666.5,26866.5,not operable,RE_HIGH
5.41241,3.90698e-06,8.43947e-07,1.05731e-06,0.541241,10.2207,4.44974e-05,0.0878025,0.610643,24956.9,26156.9,not operable,RE_HIGH
5.41241,4.27521e-06,9.23487e-07,1.15696e-06,0.541241,11.1839,4.44974e-05,0.0960776,0.610643,24296.6,25496.6,not operable,RE_HIGH
5.41241,4.67814e-06,1.01052e-06,1.266e-06,0.541241,12.238,4.44974e-05,0.105133,0.610643,23680.2,24880.2,not operable,RE_HIGH
5.41241,5.11904e-06,1.10576e-06,1.38532e-06,0.541241,13.3914,4.44974e-05,0.115041,0.610643,23102.8,24302.8,not operable,RE_HIGH
5.41241,5.60149e-06,1.20998e-06,1.51588e-06,0.541241,14.6535,4.44974e-05,0.125883,0.610643,22559.5,23759.5,not operable,RE_HIGH
5.41241,6.12942e-06,1.32401e-06,1.65875e-06,0.541241,16.0345,4.44974e-05,0.137748,0.610643,22046.2,23246.2,not operable,RE_HIGH
5.41241,6.7071e-06,1.4488e-06,1.81508e-06,0.541241,17.5458,4.44974e-05,0.15073,0.610643,21558.4,22758.4,not operable,RE_HIGH
5.41241,7.33923e-06,1.58534e-06,1.98614e-06,0.541241,19.1994,4.44974e-05,0.164936,0.610643,21092.4,22292.4,not operable,RE_HIGH
5.41241,8.03093e-06,1.73476e-06,2.17333e-06,0.541241,21.0089,4.44974e-05,0.180481,0.610643,20644.3,21844.3,not operable,RE_HIGH
5.41241,8.78782e-06,1.89826e-06,2.37816e-06,0.541241,22.9889,4.44974e-05,0.197491,0.610643,20210.5,21410.5,not operable,RE_HIGH
5.41241,9.61605e-06,2.07716e-06,2.6023e-06,0.541241,25.1556,4.44974e-05,0.216103,0.610643,19787.5,20987.5,not operable,RE_HIGH
5.41241,1.05223e-05,2.27293e-06,2.84756e-06,0.541241,27.5264,4.44974e-05,0.236471,0.610643,19371.7,20571.7,not operable,RE_HIGH
5.41241,1.1514e-05,2.48715e-06,3.11593e-06,0.541241,30.1207,4.44974e-05,0.258757,0.610643,18960,20160,not operable,RE_HIGH
5.41241,1.25992e-05,2.72155e-06,3.4096e-06,0.541241,32.9595,4.44974e-05,0.283145,0.610643,18548.8,19748.8,not operable,RE_HIGH
5.41241,1.37867e-05,2.97805e-06,3.73095e-06,0.541241,36.0658,4.44974e-05,0.30983,0.610643,18134.9,19334.9,not operable,RE_HIGH
5.41241,1.5086e-05,3.25873e-06,4.08258e-06,0.541241,39.4649,4.44974e-05,0.339031,0.610643,17715,18915,not operable,RE_HIGH
5.41241,1.65078e-05,3.56585e-06,4.46735e-06,0.541241,43.1844,4.44974e-05,0.370984,0.610643,17285.5,18485.5,not operable,RE_HIGH
5.41241,1.80636e-05,3.90192e-06,4.88839e-06,0.541241,47.2544,4.44974e-05,0.405948,0.610643,16843,18043,not operable,RE_HIGH
5.41241,1.97661e-05,4.26967e-06,5.34911e-06,0.541241,51.708,4.44974e-05,0.444207,0.610643,16384,17584,not operable,RE_HIGH
5.41241,2.1629e-05,4.67207e-06,5.85325e-06,0.541241,56.5814,4.44974e-05,0.486073,0.610643,15904.7,17104.7,not operable,RE_HIGH
5.41241,2.36675e-05,5.1124e-06,6.4049e-06,0.541241,61.914,4.44974e-05,0.531884,0.610643,15401.2,16601.2,not operable,RE_HIGH
5.41241,2.58981e-05,5.59424e-06,7.00854e-06,0.541241,67.7493,4.44974e-05,0.582012,0.610643,14869.4,16069.4,not operable,RE_HIGH
5.41241,2.83389e-05,6.12148e-06,7.66908e-06,0.541241,74.1344,4.44974e-05,0.636866,0.610643,14305,15505,not operable,RE_HIGH
5.41241,3.10098e-05,6.69841e-06,8.39187e-06,0.541241,81.1214,4.44974e-05,0.696889,0.610643,13703.5,14903.5,not operable,RE_HIGH
5.41241,3.39323e-05,7.32972e-06,9.18278e-06,0.541241,88.7669,4.44974e-05,0.762568,0.610643,13059.9,14259.9,not operable,RE_HIGH
5.41241,3.71304e-05,8.02052e-06,1.00482e-05,0.541241,97.133,4.44974e-05,0.834439,0.610643,12369,13569,not operable,RE_HIGH
5.41241,4.06298e-05,8.77644e-06,1.09953e-05,0.541241,106.287,4.44974e-05,0.913082,0.610643,11625.2,12825.2,not operable,RE_HIGH
5.41241,4.44591e-05,9.60359e-06,1.20315e-05,0.541241,116.305,4.44974e-05,0.999138,0.610643,10822.5,12022.5,not operable,RE_HIGH
5.41241,4.86492e-05,1.05087e-05,1.31655e-05,0.541241,127.266,4.44974e-05,1.0933,0.610643,9954.32,11154.3,not operable,RE_HIGH
5.41241,5.32343e-05,1.14991e-05,1.44063e-05,0.541241,139.261,4.44974e-05,1.19634,0.610643,9013.67,10213.7,not operable,RE_HIGH
5.41241,5.82515e-05,1.25829e-05,1.5764e-05,0.541241,152.386,4.44974e-05,1.3091,0.610643,7992.89,9192.89,not operable,RE_HIGH
5.41241,6.37415e-05,1.37688e-05,1.72498e-05,0.541241,166.748,4.44974e-05,1.43248,0.610643,6883.7,8083.7,not operable,RE_HIGH
5.41241,6.9749e-05,1.50665e-05,1.88755e-05,0.541241,182.463,4.44974e-05,1.56748,0.610643,5677.09,6877.09,not operable,RE_HIGH
5.41241,7.63227e-05,1.64864e-05,2.06545e-05,0.541241,199.66,4.44974e-05,1.71521,0.610643,4363.26,5563.26,not operable,RE_HIGH
5.41241,8.35159e-05,1.80402e-05,2.26011e-05,0.541241,218.477,4.44974e-05,1.87687,0.610643,2931.56,4131.56,not operable,RE_HIGH
5.41241,9.1387e-05,1.97405e-05,2.47312e-05,0.541241,239.068,4.44974e-05,2.05376,0.610643,1370.36,2570.36,not operable,RE_HIGH
5.41241,0.0001,2.1601e-05,2.7062e-05,0.541241,261.6,4.44974e-05,2.24732,0.610643,-333.015,866.985,not operable,RE_HIGH;FLOODING
6.16534,2e-07,4.3202e-08,6.16534e-08,0.616534,0.595983,4.8534e-05,0.00412082,0.536069,167153,168353,not operable,VERY_THIN
6.16534,2.18849e-07,4.72736e-08,6.74641e-08,0.616534,0.652153,4.8534e-05,0.0045092,0.536069,154608,155808,not operable,VERY_THIN
6.16534,2.39475e-07,5.1729e-08,7.38224e-08,0.616534,0.713616,4.8534e-05,0.00493418,0.536069,143143,144343,not operable,VERY_THIN
6.16534,2.62045e-07,5.66044e-08,8.07799e-08,0.616534,0.780873,4.8534e-05,0.00539921,0.536069,132664,133864,not operable,VERY_THIN
6.16534,2.86742e-07,6.19392e-08,8.83932e-08,0.616534,0.854468,4.8534e-05,0.00590807,0.536069,123088,124288,not operable,VERY_THIN
6.16534,3.13767e-07,6.77768e-08,9.67241e-08,0.616534,0.934999,4.8534e-05,0.00646489,0.536069,114335,115535,not operable,VERY_THIN
6.16534,3.43339e-07,7.41646e-08,1.0584e-07,0.616534,1.02312,4.8534e-05,0.00707419,0.536069,106334,107534,not operable,RE_HIGH;VERY_THIN
6.16534,3.75698e-07,8.11544e-08,1.15815e-07,0.616534,1.11955,4.8534e-05,0.00774092,0.536069,99022,100222,not operable,RE_HIGH;VERY_THIN
6.16534,4.11106e-07,8.8803e-08,1.2673e-07,0.616534,1.22506,4.8534e-05,0.00847048,0.536069,92338.2,93538.2,not operable,RE_HIGH;VERY_THIN
6.16534,4.49852e-07,9.71724e-08,1.38674e-07,0.616534,1.34052,4.8534e-05,0.0092688,0.536069,86228.7,87428.7,not operable,RE_HIGH;VERY_THIN
6.16534,4.92249e-07,1.06331e-07,1.51744e-07,0.616534,1.46686,4.8534e-05,0.0101424,0.536069,80643.8,81843.8,not operable,RE_HIGH;VERY_THIN
6.16534,5.38642e-07,1.16352e-07,1.66046e-07,0.616534,1.60511,4.8534e-05,0.0110982,0.536069,75538.2,76738.2,not operable,RE_HIGH;VERY_THIN
6.16534,5.89408e-07,1.27318e-07,1.81695e-07,0.616534,1.75639,4.8534e-05,0.0121442,0.536069,70870.6,72070.6,not operable,RE_HIGH;VERY_THIN
6.16534,6.44958e-07,1.39317e-07,1.98819e-07,0.616534,1.92192,4.8534e-05,0.0132888,0.536069,66602.9,67802.9,not operable,RE_HIGH;VERY_THIN
6.16534,7.05744e-07,1.52448e-07,2.17557e-07,0.616534,2.10306,4.8534e-05,0.0145412,0.536069,62700.6,63900.6,not operable,RE_HIGH;VERY_THIN
6.16534,7.72258e-07,1.66815e-07,2.38062e-07,0.616534,2.30126,4.8534e-05,0.0159117,0.536069,59131.9,60331.9,not operable,RE_HIGH;VERY_THIN
6.16534,8.45042e-07,1.82537e-07,2.60498e-07,0.616534,2.51815,4.8534e-05,0.0174113,0.536069,55868,57068,not operable,RE_HIGH;VERY_THIN
6.16534,9.24685e-07,1.99741e-07,2.8505e-07,0.616534,2.75548,4.8534e-05,0.0190523,0.536069,52882.2,54082.2,not operable,RE_HIGH;VERY_THIN
6.16534,1.01183e-06,2.18566e-07,3.11915e-07,0.616534,3.01518,4.8534e-05,0.0208479,0.536069,50150.5,51350.5,not operable,RE_HIGH;VERY_THIN
6.16534,1.1072e-06,2.39165e-07,3.41312e-07,0.616534,3.29935,4.8534e-05,0.0228128,0.536069,47650.5,48850.5,not operable,RE_HIGH;VERY_THIN
6.16534,1.21155e-06,2.61706e-07,3.7348e-07,0.616534,3.6103,4.8534e-05,0.0249628,0.536069,45362,46562,not operable,RE_HIGH;VERY_THIN
6.16534,1.32573e-06,2.86371e-07,4.08679e-07,0.616534,3.95057,4.8534e-05,0.0273155,0.536069,43266.5,44466.5,not operable,RE_HIGH;VERY_THIN
6.16534,1.45068e-06,3.13361e-07,4.47196e-07,0.616534,4.3229,4.8534e-05,0.0298899,0.536069,41346.9,42546.9,not operable,RE_HIGH;VERY_THIN
6.16534,1.5874e-06,3.42894e-07,4.89343e-07,0.616534,4.73032,4.8534e-05,0.032707,0.536069,39587.6,40787.6,not operable,RE_HIGH;VERY_THIN
6.16534,1.73701e-06,3.75211e-07,5.35463e-07,0.616534,5.17614,4.8534e-05,0.0357895,0.536069,37974.4,39174.4,not operable,RE_HIGH;VERY_THIN
6.16534,1.90072e-06,4.10574e-07,5.85929e-07,0.616534,5.66398,4.8534e-05,0.0391626,0.536069,36494.1,37694.1,not operable,RE_HIGH;VERY_THIN
6.16534,2.07986e-06,4.49269e-07,6.41151e-07,0.616534,6.19779,4.8534e-05,0.0428536,0.536069,35134.8,36334.8,not operable,RE_HIGH
6.16534,2.27588e-06,4.91612e-07,7.01577e-07,0.616534,6.78192,4.8534e-05,0.0468924,0.536069,33885.3,35085.3,not operable,RE_HIGH
6.16534,2.49037e-06,5.37945e-07,7.67699e-07,0.616534,7.42109,4.8534e-05,0.0513119,0.536069,32735.7,33935.7,not operable,RE_HIGH
6.16534,2.72508e-06,5.88644e-07,8.40053e-07,0.616534,8.12051,4.8534e-05,0.0561479,0.536069,31676.4,32876.4,not operable,RE_HIGH
6.16534,2.98191e-06,6.44123e-07,9.19226e-07,0.616534,8.88585,4.8534e-05,0.0614397,0.536069,30699,31899,not operable,RE_HIGH
6.16534,3.26295e-06,7.0483e-07,1.00586e-06,0.616534,9.72332,4.8534e-05,0.0672302,0.536069,29795.6,30995.6,not operable,RE_HIGH
6.16534,3.57048e-06,7.71258e-07,1.10066e-06,0.616534,10.6397,4.8534e-05,0.0735665,0.536069,28958.6,30158.6,not operable,RE_HIGH
6.16534,3.90698e-06,8.43947e-07,1.20439e-06,0.616534,11.6425,4.8534e-05,0.0805,0.536069,28181.5,29381.5,not operable,RE_HIGH
6.16534,4.27521e-06,9.23487e-07,1.31791e-06,0.616534,12.7398,4.8534e-05,0.0880869,0.536069,27457.8,28657.8,not operable,RE_HIGH
6.16534,4.67814e-06,1.01052e-06,1.44211e-06,0.616534,13.9404,4.8534e-05,0.0963888,0.536069,26781.7,27981.7,not operable,RE_HIGH
6.16534,5.11904e-06,1.10576e-06,1.57803e-06,0.616534,15.2543,4.8534e-05,0.105473,0.536069,26147.7,27347.7,not operable,RE_HIGH
6.16534,5.60149e-06,1.20998e-06,1.72675e-06,0.616534,16.692,4.8534e-05,0.115414,0.536069,25550.6,26750.6,not operable,RE_HIGH
6.16534,6.12942e-06,1.32401e-06,1.8895e-06,0.616534,18.2651,4.8534e-05,0.126291,0.536069,24985.7,26185.7,not operable,RE_HIGH
6.16534,6.7071e-06,1.4488e-06,2.06758e-06,0.616534,19.9866,4.8534e-05,0.138194,0.536069,24448.3,25648.3,not operable,RE_HIGH
6.16534,7.33923e-06,1.58534e-06,2.26244e-06,0.616534,21.8703,4.8534e-05,0.151218,0.536069,23934,25134,not operable,RE_HIGH
6.16534,8.03093e-06,1.73476e-06,2.47567e-06,0.616534,23.9315,4.8534e-05,0.16547,0.536069,23438.8,24638.8,not operable,RE_HIGH
6.16534,8.78782e-06,1.89826e-06,2.709e-06,0.616534,26.187,4.8534e-05,0.181065,0.536069,22958.5,24158.5,not operable,RE_HIGH
6.16534,9.61605e-06,2.07716e-06,2.96431e-06,0.616534,28.655,4.8534e-05,0.19813,0.536069,22489.2,23689.2,not operable,RE_HIGH
6.16534,1.05223e-05,2.27293e-06,3.24369e-06,0.616534,31.3557,4.8534e-05,0.216803,0.536069,22027.2,23227.2,not operable,RE_HIGH
6.16534,1.1514e-05,2.48715e-06,3.5494e-06,0.616534,34.3109,4.8534e-05,0.237237,0.536069,21568.8,22768.8,not operable,RE_HIGH
6.16534,1.25992e-05,2.72155e-06,3.88392e-06,0.616534,37.5446,4.8534e-05,0.259596,0.536069,21110.1,22310.1,not operable,RE_HIGH
6.16534,1.37867e-05,2.97805e-06,4.24997e-06,0.616534,41.083,4.8534e-05,0.284062,0.536069,20647.5,21847.5,not operable,RE_HIGH
6.16534,1.5086e-05,3.25873e-06,4.65052e-06,0.616534,44.955,4.8534e-05,0.310834,0.536069,20177.1,21377.1,not operable,RE_HIGH
6.16534,1.65078e-05,3.56585e-06,5.08882e-06,0.616534,49.1919,4.8534e-05,0.340129,0.536069,19695.3,20895.3,not operable,RE_HIGH
6.16534,1.80636e-05,3.90192e-06,5.56842e-06,0.616534,53.8281,4.8534e-05,0.372185,0.536069,19198.1,20398.1,not operable,RE_HIGH
6.16534,1.97661e-05,4.26967e-06,6.09323e-06,0.616534,58.9013,4.8534e-05,0.407263,0.536069,18681.3,19881.3,not operable,RE_HIGH
6.16534,2.1629e-05,4.67207e-06,6.6675e-06,0.616534,64.4525,4.8534e-05,0.445646,0.536069,18141,19341,not operable,RE_HIGH
6.16534,2.36675e-05,5.1124e-06,7.2959e-06,0.616534,70.527,4.8534e-05,0.487647,0.536069,17572.6,18772.6,not operable,RE_HIGH
6.16534,2.58981e-05,5.59424e-06,7.98352e-06,0.616534,77.174,4.8534e-05,0.533607,0.536069,16971.5,18171.5,not operable,RE_HIGH
6.16534,2.83389e-05,6.12148e-06,8.73594e-06,0.616534,84.4475,4.8534e-05,0.583898,0.536069,16332.9,17532.9,not operable,RE_HIGH
6.16534,3.10098e-05,6.69841e-06,9.55928e-06,0.616534,92.4064,4.8534e-05,0.638929,0.536069,15651.6,16851.6,not operable,RE_HIGH
6.16534,3.39323e-05,7.32972e-06,1.04602e-05,0.616534,101.115,4.8534e-05,0.699146,0.536069,14922.1,16122.1,not operable,RE_HIGH
6.16534,3.71304e-05,8.02052e-06,1.14461e-05,0.616534,110.645,4.8534e-05,0.765039,0.536069,14138.3,15338.3,not operable,RE_HIGH
6.16534,4.06298e-05,8.77644e-06,1.25248e-05,0.616534,121.073,4.8534e-05,0.837141,0.536069,13294.1,14494.1,not operable,RE_HIGH
6.16534,4.44591e-05,9.60359e-06,1.37053e-05,0.616534,132.484,4.8534e-05,0.91604,0.536069,12382.4,13582.4,not operable,RE_HIGH
6.16534,4.86492e-05,1.05087e-05,1.49969e-05,0.616534,144.97,4.8534e-05,1.00237,0.536069,11396,12596,not operable,RE_HIGH
6.16534,5.32343e-05,1.14991e-05,1.64104e-05,0.616534,158.634,4.8534e-05,1.09685,0.536069,10326.8,11526.8,not operable,RE_HIGH
6.16534,5.82515e-05,1.25829e-05,1.7957e-05,0.616534,173.584,4.8534e-05,1.20022,0.536069,9166.08,10366.1,not operable,RE_HIGH
6.16534,6.37415e-05,1.37688e-05,1.96494e-05,0.616534,189.944,4.8534e-05,1.31334,0.536069,7904.5,9104.5,not operable,RE_HIGH
6.16534,6.9749e-05,1.50665e-05,2.15013e-05,0.616534,207.846,4.8534e-05,1.43712,0.536069,6531.78,7731.78,not operable,RE_HIGH
6.16534,7.63227e-05,1.64864e-05,2.35278e-05,0.616534,227.435,4.8534e-05,1.57256,0.536069,5036.78,6236.78,not operable,RE_HIGH
6.16534,8.35159e-05,1.80402e-05,2.57452e-05,0.616534,248.87,4.8534e-05,1.72077,0.536069,3407.37,4607.37,not operable,RE_HIGH
6.16534,9.1387e-05,1.97405e-05,2.81716e-05,0.616534,272.325,4.8534e-05,1.88295,0.536069,1630.32,2830.32,not operable,RE_HIGH
6.16534,0.0001,2.1601e-05,3.08267e-05,0.616534,297.991,4.8534e-05,2.06041,0.536069,-308.796,891.204,not operable,RE_HIGH;FLOODING
7.02301,2e-07,4.3202e-08,7.02301e-08,0.702301,0.678891,5.29367e-05,0.0037781,0.470603,183442,184642,not operable,VERY_THIN
7.02301,2.18849e-07,4.72736e-08,7.68491e-08,0.702301,0.742875,5.29367e-05,0.00413417,0.470603,169759,170959,not operable,VERY_THIN
7.02301,2.39475e-07,5.1729e-08,8.4092e-08,0.702301,0.812889,5.29367e-05,0.00452381,0.470603,157254,158454,not operable,VERY_THIN
7.02301,2.62045e-07,5.66044e-08,9.20174e-08,0.702301,0.889502,5.29367e-05,0.00495016,0.470603,145825,147025,not operable,VERY_THIN
7.02301,2.86742e-07,6.19392e-08,1.0069e-07,0.702301,0.973335,5.29367e-05,0.0054167,0.470603,135379,136579,not operable,VERY_THIN
7.02301,3.13767e-07,6.77768e-08,1.1018e-07,0.702301,1.06507,5.29367e-05,0.00592721,0.470603,125832,127032,not operable,RE_HIGH;VERY_THIN
7.02301,3.43339e-07,7.41646e-08,1.20564e-07,0.702301,1.16545,5.29367e-05,0.00648584,0.470603,117105,118305,not operable,RE_HIGH;VERY_THIN
7.02301,3.75698e-07,8.11544e-08,1.31926e-07,0.702301,1.27529,5.29367e-05,0.00709711,0.470603,109129,110329,not operable,RE_HIGH;VERY_THIN
7.02301,4.11106e-07,8.8803e-08,1.4436e-07,0.702301,1.39548,5.29367e-05,0.00776599,0.470603,101839,103039,not operable,RE_HIGH;VERY_THIN
7.02301,4.49852e-07,9.71724e-08,1.57966e-07,0.702301,1.527,5.29367e-05,0.00849792,0.470603,95174.7,96374.7,not operable,RE_HIGH;VERY_THIN
7.02301,4.92249e-07,1.06331e-07,1.72854e-07,0.702301,1.67092,5.29367e-05,0.00929882,0.470603,89082.7,90282.7,not operable,RE_HIGH;VERY_THIN
7.02301,5.38642e-07,1.16352e-07,1.89145e-07,0.702301,1.8284,5.29367e-05,0.0101752,0.470603,83513.5,84713.5,not operable,RE_HIGH;VERY_THIN
7.02301,5.89408e-07,1.27318e-07,2.06971e-07,0.702301,2.00072,5.29367e-05,0.0111342,0.470603,78421.9,79621.9,not operable,RE_HIGH;VERY_THIN
7.02301,6.44958e-07,1.39317e-07,2.26477e-07,0.702301,2.18928,5.29367e-05,0.0121836,0.470603,73766.4,74966.4,not operable,RE_HIGH;VERY_THIN
7.02301,7.05744e-07,1.52448e-07,2.47822e-07,0.702301,2.39562,5.29367e-05,0.0133318,0.470603,69509.5,70709.5,not operable,RE_HIGH;VERY_THIN
7.02301,7.72258e-07,1.66815e-07,2.71179e-07,0.702301,2.6214,5.29367e-05,0.0145883,0.470603,65616.4,66816.4,not operable,RE_HIGH;VERY_THIN
7.02301,8.45042e-07,1.82537e-07,2.96737e-07,0.702301,2.86846,5.29367e-05,0.0159632,0.470603,62055.6,63255.6,not operable,RE_HIGH;VERY_THIN
7.02301,9.24685e-07,1.99741e-07,3.24704e-07,0.702301,3.1388,5.29367e-05,0.0174677,0.470603,58798.1,59998.1,not operable,RE_HIGH;VERY_THIN
7.02301,1.01183e-06,2.18566e-07,3.55306e-07,0.702301,3.43463,5.29367e-05,0.019114,0.470603,55817.6,57017.6,not operable,RE_HIGH;VERY_THIN
7.02301,1.1072e-06,2.39165e-07,3.88793e-07,0.702301,3.75833,5.29367e-05,0.0209155,0.470603,53089.8,54289.8,not operable,RE_HIGH;VERY_THIN
7.02301,1.21155e-06,2.61706e-07,4.25435e-07,0.702301,4.11254,5.29367e-05,0.0228867,0.470603,50592.6,51792.6,not operable,RE_HIGH;VERY_THIN
7.02301,1.32573e-06,2.86371e-07,4.65532e-07,0.702301,4.50014,5.29367e-05,0.0250437,0.470603,48305.8,49505.8,not operable,RE_HIGH;VERY_THIN
7.02301,1.45068e-06,3.13361e-07,5.09407e-07,0.702301,4.92426,5.29367e-05,0.027404,0.470603,46210.7,47410.7,not operable,RE_HIGH;VERY_THIN
7.02301,1.5874e-06,3.42894e-07,5.57417e-07,0.702301,5.38836,5.29367e-05,0.0299868,0.470603,44290.3,45490.3,not operable,RE_HIGH;VERY_THIN
7.02301,1.73701e-06,3.75211e-07,6.09952e-07,0.702301,5.8962,5.29367e-05,0.0328129,0.470603,42529.2,43729.2,not operable,RE_HIGH;VERY_THIN
7.02301,1.90072e-06,4.10574e-07,6.67438e-07,0.702301,6.4519,5.29367e-05,0.0359055,0.470603,40912.8,42112.8,not operable,RE_HIGH;VERY_THIN
7.02301,2.07986e-06,4.49269e-07,7.30343e-07,0.702301,7.05998,5.29367e-05,0.0392895,0.470603,39428.3,40628.3,not operable,RE_HIGH
7.02301,2.27588e-06,4.91612e-07,7.99176e-07,0.702301,7.72536,5.29367e-05,0.0429924,0.470603,38063.4,39263.4,not operable,RE_HIGH
7.02301,2.49037e-06,5.37945e-07,8.74496e-07,0.702301,8.45346,5.29367e-05,0.0470443,0.470603,36807.1,38007.1,not operable,RE_HIGH
7.02301,2.72508e-06,5.88644e-07,9.56915e-07,0.702301,9.25017,5.29367e-05,0.0514781,0.470603,35649.3,36849.3,not operable,RE_HIGH
7.02301,2.98191e-06,6.44123e-07,1.0471e-06,0.702301,10.122,5.29367e-05,0.0563298,0.470603,34580.5,35780.5,not operable,RE_HIGH
7.02301,3.26295e-06,7.0483e-07,1.14579e-06,0.702301,11.0759,5.29367e-05,0.0616387,0.470603,33592,34792,not operable,RE_HIGH
7.02301,3.57048e-06,7.71258e-07,1.25378e-06,0.702301,12.1198,5.29367e-05,0.067448,0.470603,32675.9,33875.9,not operable,RE_HIGH
7.02301,3.90698e-06,8.43947e-07,1.37194e-06,0.702301,13.2621,5.29367e-05,0.0738048,0.470603,31824.6,33024.6,not operable,RE_HIGH
7.02301,4.27521e-06,9.23487e-07,1.50124e-06,0.702301,14.512,5.29367e-05,0.0807607,0.470603,31031.3,32231.3,not operable,RE_HIGH
7.02301,4.67814e-06,1.01052e-06,1.64273e-06,0.702301,15.8797,5.29367e-05,0.0883722,0.470603,30289.5,31489.5,not operable,RE_HIGH
7.02301,5.11904e-06,1.10576e-06,1.79755e-06,0.702301,17.3763,5.29367e-05,0.096701,0.470603,29593.3,30793.3,not operable,RE_HIGH
7.02301,5.60149e-06,1.20998e-06,1.96697e-06,0.702301,19.014,5.29367e-05,0.105815,0.470603,28936.9,30136.9,not operable,RE_HIGH
7.02301,6.12942e-06,1.32401e-06,2.15235e-06,0.702301,20.806,5.29367e-05,0.115788,0.470603,28315.1,29515.1,not operable,RE_HIGH
7.02301,6.7071e-06,1.4488e-06,2.3552e-06,0.702301,22.767,5.29367e-05,0.1267,0.470603,27722.7,28922.7,not operable,RE_HIGH
7.02301,7.33923e-06,1.58534e-06,2.57717e-06,0.702301,24.9127,5.29367e-05,0.138641,0.470603,27155,28355,not operable,RE_HIGH
7.02301,8.03093e-06,1.73476e-06,2.82007e-06,0.702301,27.2606,5.29367e-05,0.151708,0.470603,26607.4,27807.4,not operable,RE_HIGH
7.02301,8.78782e-06,1.89826e-06,3.08585e-06,0.702301,29.8299,5.29367e-05,0.166006,0.470603,26075.4,27275.4,not operable,RE_HIGH
7.02301,9.61605e-06,2.07716e-06,3.37668e-06,0.702301,32.6413,5.29367e-05,0.181652,0.470603,25554.7,26754.7,not operable,RE_HIGH
7.02301,1.05223e-05,2.27293e-06,3.69493e-06,0.702301,35.7176,5.29367e-05,0.198772,0.470603,25041,26241,not operable,RE_HIGH
7.02301,1.1514e-05,2.48715e-06,4.04316e-06,0.702301,39.0839,5.29367e-05,0.217506,0.470603,24530.3,25730.3,not operable,RE_HIGH
7.02301,1.25992e-05,2.72155e-06,4.42422e-06,0.702301,42.7675,5.29367e-05,0.238005,0.470603,24018.4,25218.4,not operable,RE_HIGH
7.02301,1.37867e-05,2.97805e-06,4.84119e-06,0.702301,46.7982,5.29367e-05,0.260436,0.470603,23501,24701,not operable,RE_HIGH
7.02301,1.5086e-05,3.25873e-06,5.29746e-06,0.702301,51.2088,5.29367e-05,0.284982,0.470603,22974.1,24174.1,not operable,RE_HIGH
7.02301,1.65078e-05,3.56585e-06,5.79673e-06,0.702301,56.0351,5.29367e-05,0.311841,0.470603,22433.3,23633.3,not operable,RE_HIGH
7.02301,1.80636e-05,3.90192e-06,6.34306e-06,0.702301,61.3162,5.29367e-05,0.341231,0.470603,21874.2,23074.2,not operable,RE_HIGH
7.02301,1.97661e-05,4.26967e-06,6.94088e-06,0.702301,67.0951,5.29367e-05,0.373391,0.470603,21292.3,22492.3,not operable,RE_HIGH
7.02301,2.1629e-05,4.67207e-06,7.59504e-06,0.702301,73.4187,5.29367e-05,0.408582,0.470603,20682.9,21882.9,not operable,RE_HIGH
7.02301,2.36675e-05,5.1124e-06,8.31085e-06,0.702301,80.3382,5.29367e-05,0.44709,0.470603,20041,21241,not operable,RE_HIGH
7.02301,2.58981e-05,5.59424e-06,9.09412e-06,0.702301,87.9099,5.29367e-05,0.489227,0.470603,19361.5,20561.5,not operable,RE_HIGH
7.02301,2.83389e-05,6.12148e-06,9.95122e-06,0.702301,96.1951,5.29367e-05,0.535335,0.470603,18638.8,19838.8,not operable,RE_HIGH
7.02301,3.10098e-05,6.69841e-06,1.08891e-05,0.702301,105.261,5.29367e-05,0.585789,0.470603,17867,19067,not operable,RE_HIGH
7.02301,3.39323e-05,7.32972e-06,1.19154e-05,0.702301,115.182,5.29367e-05,0.640998,0.470603,17039.8,18239.8,not operable,RE_HIGH
7.02301,3.71304e-05,8.02052e-06,1.30384e-05,0.702301,126.037,5.29367e-05,0.701411,0.470603,16150.6,17350.6,not operable,RE_HIGH
7.02301,4.06298e-05,8.77644e-06,1.42672e-05,0.702301,137.916,5.29367e-05,0.767517,0.470603,15192.2,16392.2,not operable,RE_HIGH
7.02301,4.44591e-05,9.60359e-06,1.56118e-05,0.702301,150.914,5.29367e-05,0.839853,0.470603,14156.7,15356.7,not operable,RE_HIGH
7.02301,4.86492e-05,1.05087e-05,1.70832e-05,0.702301,165.138,5.29367e-05,0.919007,0.470603,13035.8,14235.8,not operable,RE_HIGH
7.02301,5.32343e-05,1.14991e-05,1.86933e-05,0.702301,180.701,5.29367e-05,1.00562,0.470603,11820.3,13020.3,not operable,RE_HIGH
7.02301,5.82515e-05,1.25829e-05,2.0455e-05,0.702301,197.732,5.29367e-05,1.1004,0.470603,10500.5,11700.5,not operable,RE_HIGH
7.02301,6.37415e-05,1.37688e-05,2.23829e-05,0.702301,216.368,5.29367e-05,1.20411,0.470603,9065.47,10265.5,not operable,RE_HIGH
7.02301,6.9749e-05,1.50665e-05,2.44924e-05,0.702301,236.76,5.29367e-05,1.31759,0.470603,7503.69,8703.69,not operable,RE_HIGH
7.02301,7.63227e-05,1.64864e-05,2.68008e-05,0.702301,259.074,5.29367e-05,1.44177,0.470603,5802.46,7002.46,not operable,RE_HIGH
7.02301,8.35159e-05,1.80402e-05,2.93266e-05,0.702301,283.491,5.29367e-05,1.57765,0.470603,3947.97,5147.97,not operable,RE_HIGH
7.02301,9.1387e-05,1.97405e-05,3.20906e-05,0.702301,310.209,5.29367e-05,1.72634,0.470603,1925.16,3125.16,not operable,RE_HIGH
7.02301,0.0001,2.1601e-05,3.51151e-05,0.702301,339.446,5.29367e-05,1.88905,0.470603,-282.38,917.62,not operable,RE_HIGH;FLOODING
8,2e-07,4.3202e-08,8e-08,0.8,0.773333,5.77388e-05,0.00346387,0.413131,201359,202559,not operable,VERY_THIN
8,2.18849e-07,4.72736e-08,8.75398e-08,0.8,0.846218,5.77388e-05,0.00379033,0.413131,186434,187634,not operable,VERY_THIN
8,2.39475e-07,5.1729e-08,9.57902e-08,0.8,0.925972,5.77388e-05,0.00414756,0.413131,172794,173994,not operable,VERY_THIN
8,2.62045e-07,5.66044e-08,1.04818e-07,0.8,1.01324,5.77388e-05,0.00453846,0.413131,160328,161528,not operable,RE_HIGH;VERY_THIN
8,2.86742e-07,6.19392e-08,1.14697e-07,0.8,1.10874,5.77388e-05,0.0049662,0.413131,148934,150134,not operable,RE_HIGH;VERY_THIN
8,3.13767e-07,6.77768e-08,1.25507e-07,0.8,1.21323,5.77388e-05,0.00543425,0.413131,138521,139721,not operable,RE_HIGH;VERY_THIN
8,3.43339e-07,7.41646e-08,1.37336e-07,0.8,1.32758,5.77388e-05,0.00594641,0.413131,129002,130202,not operable,RE_HIGH;VERY_THIN
8,3.75698e-07,8.11544e-08,1.50279e-07,0.8,1.4527,5.77388e-05,0.00650684,0.413131,120302,121502,not operable,RE_HIGH;VERY_THIN
8,4.11106e-07,8.8803e-08,1.64442e-07,0.8,1.58961,5.77388e-05,0.0071201,0.413131,112350,113550,not operable,RE_HIGH;VERY_THIN
8,4.49852e-07,9.71724e-08,1.79941e-07,0.8,1.73943,5.77388e-05,0.00779115,0.413131,105081,106281,not operable,RE_HIGH;VERY_THIN
8,4.92249e-07,1.06331e-07,1.969e-07,0.8,1.90336,5.77388e-05,0.00852544,0.413131,98435.8,99635.8,not operable,RE_HIGH;VERY_THIN
8,5.38642e-07,1.16352e-07,2.15457e-07,0.8,2.08275,5.77388e-05,0.00932894,0.413131,92360.8,93560.8,not operable,RE_HIGH;VERY_THIN
8,5.89408e-07,1.27318e-07,2.35763e-07,0.8,2.27904,5.77388e-05,0.0102082,0.413131,86806.7,88006.7,not operable,RE_HIGH;VERY_THIN
8,6.44958e-07,1.39317e-07,2.57983e-07,0.8,2.49384,5.77388e-05,0.0111703,0.413131,81728.3,82928.3,not operable,RE_HIGH;VERY_THIN
8,7.05744e-07,1.52448e-07,2.82298e-07,0.8,2.72888,5.77388e-05,0.012223,0.413131,77084.4,78284.4,not operable,RE_HIGH;VERY_THIN
8,7.72258e-07,1.66815e-07,3.08903e-07,0.8,2.98607,5.77388e-05,0.013375,0.413131,72837.3,74037.3,not operable,RE_HIGH;VERY_THIN
8,8.45042e-07,1.82537e-07,3.38017e-07,0.8,3.26749,5.77388e-05,0.0146356,0.413131,68952.6,70152.6,not operable,RE_HIGH;VERY_THIN
8,9.24685e-07,1.99741e-07,3.69874e-07,0.8,3.57545,5.77388e-05,0.0160149,0.413131,65398.7,66598.7,not operable,RE_HIGH;VERY_THIN
8,1.01183e-06,2.18566e-07,4.04733e-07,0.8,3.91242,5.77388e-05,0.0175243,0.413131,62146.7,63346.7,not operable,RE_HIGH;VERY_THIN
8,1.1072e-06,2.39165e-07,4.42879e-07,0.8,4.28116,5.77388e-05,0.0191759,0.413131,59170.3,60370.3,not operable,RE_HIGH;VERY_THIN
8,1.21155e-06,2.61706e-07,4.84619e-07,0.8,4.68465,5.77388e-05,0.0209832,0.413131,56445.4,57645.4,not operable,RE_HIGH;VERY_THIN
8,1.32573e-06,2.86371e-07,5.30293e-07,0.8,5.12616,5.77388e-05,0.0229608,0.413131,53949.7,55149.7,not operable,RE_HIGH;VERY_THIN
8,1.45068e-06,3.13361e-07,5.80271e-07,0.8,5.60929,5.77388e-05,0.0251248,0.413131,51663,52863,not operable,RE_HIGH;VERY_THIN
8,1.5874e-06,3.42894e-07,6.3496e-07,0.8,6.13795,5.77388e-05,0.0274928,0.413131,49566.7,50766.7,not operable,RE_HIGH;VERY_THIN
8,1.73701e-06,3.75211e-07,6.94804e-07,0.8,6.71644,5.77388e-05,0.0300839,0.413131,47644,48844,not operable,RE_HIGH;VERY_THIN
8,1.90072e-06,4.10574e-07,7.60287e-07,0.8,7.34944,5.77388e-05,0.0329192,0.413131,45879,47079,not operable,RE_HIGH;VERY_THIN
8,2.07986e-06,4.49269e-07,8.31942e-07,0.8,8.04211,5.77388e-05,0.0360218,0.413131,44257.6,45457.6,not operable,RE_HIGH
8,2.27588e-06,4.91612e-07,9.10351e-07,0.8,8.80006,5.77388e-05,0.0394167,0.413131,42766.5,43966.5,not operable,RE_HIGH
8,2.49037e-06,5.37945e-07,9.96149e-07,0.8,9.62944,5.77388e-05,0.0431317,0.413131,41393.7,42593.7,not operable,RE_HIGH
8,2.72508e-06,5.88644e-07,1.09003e-06,0.8,10.537,5.77388e-05,0.0471967,0.413131,40127.9,41327.9,not operable,RE_HIGH
8,2.98191e-06,6.44123e-07,1.19277e-06,0.8,11.5301,5.77388e-05,0.0516449,0.413131,38959,40159,not operable,RE_HIGH
8,3.26295e-06,7.0483e-07,1.30518e-06,0.8,12.6167,5.77388e-05,0.0565122,0.413131,37877.4,39077.4,not operable,RE_HIGH
8,3.57048e-06,7.71258e-07,1.42819e-06,0.8,13.8058,5.77388e-05,0.0618384,0.413131,36874.4,38074.4,not operable,RE_HIGH
8,3.90698e-06,8.43947e-07,1.56279e-06,0.8,15.107,5.77388e-05,0.0676665,0.413131,35941.8,37141.8,not operable,RE_HIGH
8,4.27521e-06,9.23487e-07,1.71008e-06,0.8,16.5308,5.77388e-05,0.0740439,0.413131,35072,36272,not operable,RE_HIGH
8,4.67814e-06,1.01052e-06,1.87125e-06,0.8,18.0888,5.77388e-05,0.0810223,0.413131,34258.1,35458.1,not operable,RE_HIGH
8,5.11904e-06,1.10576e-06,2.04761e-06,0.8,19.7936,5.77388e-05,0.0886584,0.413131,33493.3,34693.3,not operable,RE_HIGH
8,5.60149e-06,1.20998e-06,2.2406e-06,0.8,21.6591,5.77388e-05,0.0970143,0.413131,32771.4,33971.4,not operable,RE_HIGH
8,6.12942e-06,1.32401e-06,2.45177e-06,0.8,23.7004,5.77388e-05,0.106158,0.413131,32086.7,33286.7,not operable,RE_HIGH
8,6.7071e-06,1.4488e-06,2.68284e-06,0.8,25.9341,5.77388e-05,0.116163,0.413131,31433.5,32633.5,not operable,RE_HIGH
8,7.33923e-06,1.58534e-06,2.93569e-06,0.8,28.3783,5.77388e-05,0.127111,0.413131,30806.6,32006.6,not operable,RE_HIGH
8,8.03093e-06,1.73476e-06,3.21237e-06,0.8,31.0529,5.77388e-05,0.139091,0.413131,30200.8,31400.8,not operable,RE_HIGH
8,8.78782e-06,1.89826e-06,3.51513e-06,0.8,33.9796,5.77388e-05,0.152199,0.413131,29611.3,30811.3,not operable,RE_HIGH
8,9.61605e-06,2.07716e-06,3.84642e-06,0.8,37.1821,5.77388e-05,0.166544,0.413131,29033.2,30233.2,not operable,RE_HIGH
8,1.05223e-05,2.27293e-06,4.20894e-06,0.8,40.6864,5.77388e-05,0.18224,0.413131,28461.9,29661.9,not operable,RE_HIGH
8,1.1514e-05,2.48715e-06,4.60562e-06,0.8,44.521,5.77388e-05,0.199416,0.413131,27892.7,29092.7,not operable,RE_HIGH
8,1.25992e-05,2.72155e-06,5.03968e-06,0.8,48.7169,5.77388e-05,0.21821,0.413131,27321.1,28521.1,not operable,RE_HIGH
8,1.37867e-05,2.97805e-06,5.51466e-06,0.8,53.3084,5.77388e-05,0.238776,0.413131,26742.3,27942.3,not operable,RE_HIGH
8,1.5086e-05,3.25873e-06,6.0344e-06,0.8,58.3326,5.77388e-05,0.26128,0.413131,26151.6,27351.6,not operable,RE_HIGH
8,1.65078e-05,3.56585e-06,6.60313e-06,0.8,63.8303,5.77388e-05,0.285905,0.413131,25544.3,26744.3,not operable,RE_HIGH
8,1.80636e-05,3.90192e-06,7.22546e-06,0.8,69.8461,5.77388e-05,0.312851,0.413131,24915.5,26115.5,not operable,RE_HIGH
8,1.97661e-05,4.26967e-06,7.90644e-06,0.8,76.4289,5.77388e-05,0.342336,0.413131,24260,25460,not operable,RE_HIGH
8,2.1629e-05,4.67207e-06,8.6516e-06,0.8,83.6321,5.77388e-05,0.3746,0.413131,23572.6,24772.6,not operable,RE_HIGH
8,2.36675e-05,5.1124e-06,9.46699e-06,0.8,91.5142,5.77388e-05,0.409906,0.413131,22847.5,24047.5,not operable,RE_HIGH
8,2.58981e-05,5.59424e-06,1.03592e-05,0.8,100.139,5.77388e-05,0.448538,0.413131,22079,23279,not operable,RE_HIGH
8,2.83389e-05,6.12148e-06,1.13356e-05,0.8,109.577,5.77388e-05,0.490812,0.413131,21260.9,22460.9,not operable,RE_HIGH
8,3.10098e-05,6.69841e-06,1.24039e-05,0.8,119.904,5.77388e-05,0.537069,0.413131,20386.4,21586.4,not operable,RE_HIGH
8,3.39323e-05,7.32972e-06,1.35729e-05,0.8,131.205,5.77388e-05,0.587687,0.413131,19448.4,20648.4,not operable,RE_HIGH
8,3.71304e-05,8.02052e-06,1.48522e-05,0.8,143.571,5.77388e-05,0.643075,0.413131,18439.5,19639.5,not operable,RE_HIGH
8,4.06298e-05,8.77644e-06,1.62519e-05,0.8,157.102,5.77388e-05,0.703683,0.413131,17351.3,18551.3,not operable,RE_HIGH
8,4.44591e-05,9.60359e-06,1.77836e-05,0.8,171.908,5.77388e-05,0.770003,0.413131,16175,17375,not operable,RE_HIGH
8,4.86492e-05,1.05087e-05,1.94597e-05,0.8,188.11,5.77388e-05,0.842574,0.413131,14901.1,16101.1,not operable,RE_HIGH
8,5.32343e-05,1.14991e-05,2.12937e-05,0.8,205.839,5.77388e-05,0.921984,0.413131,13519.3,14719.3,not operable,RE_HIGH
8,5.82515e-05,1.25829e-05,2.33006e-05,0.8,225.239,5.77388e-05,1.00888,0.413131,12018.3,13218.3,not operable,RE_HIGH
8,6.37415e-05,1.37688e-05,2.54966e-05,0.8,246.467,5.77388e-05,1.10396,0.413131,10385.9,11585.9,not operable,RE_HIGH
8,6.9749e-05,1.50665e-05,2.78996e-05,0.8,269.696,5.77388e-05,1.20801,0.413131,8608.97,9808.97,not operable,RE_HIGH
8,7.63227e-05,1.64864e-05,3.05291e-05,0.8,295.114,5.77388e-05,1.32186,0.413131,6672.98,7872.98,not operable,RE_HIGH
8,8.35159e-05,1.80402e-05,3.34063e-05,0.8,322.928,5.77388e-05,1.44644,0.413131,4562.24,5762.24,not operable,RE_HIGH
8,9.1387e-05,1.97405e-05,3.65548e-05,0.8,353.363,5.77388e-05,1.58276,0.413131,2259.62,3459.62,not operable,RE_HIGH
8,0.0001,2.1601e-05,4e-05,0.8,386.667,5.77388e-05,1.73194,0.413131,-253.567,946.433,not operable,RE_HIGH;FLOODING
